Date,Close/Last,Volume,Open,High,Low
07/17/2026,$333.739990234375,63365300,$331.9800109863281,$334.989990234375,$329
07/16/2026,$333.260009765625,62970600,$328.010009765625,$334.67999267578125,$326.7900085449219
07/15/2026,$327.5,60957600,$317.6199951171875,$328.7300109863281,$317.32000732421875
07/14/2026,$314.8599853515625,36336800,$313.760009765625,$316.19000244140625,$311.9100036621094
07/13/2026,$317.30999755859375,43257800,$317.0199890136719,$323.45001220703125,$315.7799987792969
07/10/2026,$315.32000732421875,34132300,$314.7200012207031,$316.9100036621094,$312.1700134277344
07/09/2026,$316.2200012207031,48124500,$310.510009765625,$316.5299987792969,$308.1600036621094
07/08/2026,$313.3900146484375,41323500,$311.9100036621094,$314.82000732421875,$307.04998779296875
07/07/2026,$310.6600036621094,42490000,$315.2900085449219,$315.4800109863281,$310.1499938964844
07/06/2026,$312.6600036621094,53590000,$307.3599853515625,$314.20001220703125,$307
07/02/2026,$308.6300048828125,75352800,$294.1199951171875,$309.4200134277344,$293.67999267578125
07/01/2026,$294.3800048828125,50164200,$293.44000244140625,$296.5899963378906,$289.20001220703125
06/30/2026,$289.3599853515625,65100200,$281.1700134277344,$289.94000244140625,$280.70001220703125
06/29/2026,$281.739990234375,66427000,$286.7300109863281,$288.3699951171875,$279.8500061035156
06/26/2026,$283.7799987792969,261775500,$275,$285.95001220703125,$274.2099914550781
06/25/2026,$275.1499938964844,107013700,$287.3999938964844,$288.79998779296875,$273.75
06/24/2026,$293.0799865722656,53081900,$295.3599853515625,$299.70001220703125,$292.94000244140625
06/23/2026,$294.29998779296875,52010900,$297.5400085449219,$301.6400146484375,$294.17999267578125
06/22/2026,$297.010009765625,44879900,$297.30999755859375,$302.4200134277344,$296.760009765625
06/18/2026,$298.010009765625,85962200,$298.1099853515625,$300.57000732421875,$295.6199951171875
06/17/2026,$295.95001220703125,42745100,$300.8500061035156,$302.07000732421875,$294.3599853515625
06/16/2026,$299.239990234375,39874400,$295.25,$300.4800109863281,$293.9700012207031
06/15/2026,$296.4200134277344,45732600,$294.1199951171875,$297.7799987792969,$291.70001220703125
06/12/2026,$291.1300048828125,38742100,$296.0299987792969,$297.1400146484375,$289.6199951171875
06/11/2026,$295.6300048828125,42572500,$293.7200012207031,$297,$289.5899963378906
06/10/2026,$291.5799865722656,52793300,$290.739990234375,$294.75,$287.3800048828125
06/09/2026,$290.54998779296875,70108800,$300.2799987792969,$300.75,$287.7799987792969
06/08/2026,$301.5400085449219,77949100,$308.739990234375,$317.3999938964844,$301.1700134277344
06/05/2026,$307.3399963378906,65310500,$312.8599853515625,$315.1700134277344,$307.1499938964844
06/04/2026,$311.2300109863281,44869100,$313.2300109863281,$313.5400085449219,$309.6499938964844
06/03/2026,$310.260009765625,50836700,$314.17999267578125,$316.94000244140625,$308.8500061035156
06/02/2026,$315.20001220703125,44534700,$307.4599914550781,$315.45001220703125,$306.69000244140625
06/01/2026,$306.30999755859375,48849900,$309.6300048828125,$310.94000244140625,$305.0199890136719
05/29/2026,$312.05999755859375,70026800,$311.7799987792969,$315,$309.5299987792969
05/28/2026,$312.510009765625,48220400,$310.67999267578125,$312.79998779296875,$309.57000732421875
05/27/2026,$310.8500061035156,50430900,$308.3299865722656,$313.260009765625,$308.29998779296875
05/26/2026,$308.3299865722656,48000500,$309.55999755859375,$311.82000732421875,$307.6700134277344
05/22/2026,$308.82000732421875,43670200,$306.1199951171875,$311.3999938964844,$305.8399963378906
05/21/2026,$304.989990234375,42965100,$301.05999755859375,$305.5400085449219,$300.3999938964844
05/20/2026,$302.25,38229800,$298.17999267578125,$302.79998779296875,$298.0799865722656
05/19/2026,$298.9700012207031,42243600,$296.9700012207031,$300.510009765625,$296.3500061035156
05/18/2026,$297.8399963378906,34483000,$300.239990234375,$300.6600036621094,$294.9100036621094
05/15/2026,$300.2300109863281,54862800,$297.8999938964844,$303.20001220703125,$296.5199890136719
05/14/2026,$298.2099914550781,35324900,$299.82000732421875,$300.45001220703125,$295.3800048828125
05/13/2026,$298.8699951171875,52684300,$293.5,$300.9200134277344,$293.5
05/12/2026,$294.79998779296875,45748100,$292.55999755859375,$295.2699890136719,$292.55999755859375
05/11/2026,$292.67999267578125,42247300,$291.9800109863281,$293.8800048828125,$290.2300109863281
05/08/2026,$293.32000732421875,52692800,$290.010009765625,$294.760009765625,$290
05/07/2026,$287.44000244140625,45224300,$289.2699890136719,$292.1300048828125,$285.7799987792969
05/06/2026,$287.510009765625,58336100,$281.9200134277344,$288.0299987792969,$281.07000732421875
05/05/2026,$284.17999267578125,49311700,$276.92999267578125,$284.57000732421875,$276.5
05/04/2026,$276.8299865722656,46668400,$279.6600036621094,$280.6300048828125,$274.8599853515625
05/01/2026,$280.1400146484375,79915400,$278.8599853515625,$287.2200012207031,$278.3699951171875
04/30/2026,$271.3500061035156,91848200,$270.5,$276,$268.1400146484375
04/29/2026,$270.1700134277344,30047900,$267.54998779296875,$271.0400085449219,$267.0400085449219
04/28/2026,$270.7099914550781,40018900,$272.3399963378906,$273.2300109863281,$268.6600036621094
04/27/2026,$267.6099853515625,41466800,$266.0899963378906,$268.3599853515625,$265.07000732421875
04/24/2026,$271.05999755859375,38157100,$272.760009765625,$273.05999755859375,$269.6499938964844
04/23/2026,$273.42999267578125,33399600,$275.04998779296875,$275.7699890136719,$271.6499938964844
04/22/2026,$273.1700134277344,43249200,$267.82000732421875,$273.739990234375,$266.8699951171875
04/21/2026,$266.1700134277344,50209800,$271.5,$272.79998779296875,$265.3999938964844
04/20/2026,$273.04998779296875,36590200,$270.3299865722656,$274.2799987792969,$270.2900085449219
04/17/2026,$270.2300109863281,61436200,$266.9599914550781,$272.29998779296875,$266.7200012207031
04/16/2026,$263.3999938964844,43323100,$266.79998779296875,$267.1600036621094,$261.2699890136719
04/15/2026,$266.42999267578125,49913500,$258.1600036621094,$266.55999755859375,$257.80999755859375
04/14/2026,$258.8299865722656,48370700,$259.25,$261.92999267578125,$257.19000244140625
04/13/2026,$259.20001220703125,36234700,$259.7300109863281,$260.17999267578125,$256.6600036621094
04/10/2026,$260.4800109863281,31291500,$259.9800109863281,$262.19000244140625,$259.0199890136719
04/09/2026,$260.489990234375,28121600,$259,$261.1199951171875,$256.07000732421875
04/08/2026,$258.8999938964844,41032800,$258.45001220703125,$259.75,$256.5299987792969
04/07/2026,$253.5,62148000,$256.1600036621094,$256.20001220703125,$245.6999969482422
04/06/2026,$258.8599853515625,29329900,$256.510009765625,$262.1600036621094,$256.4599914550781
04/02/2026,$255.9199981689453,31289400,$254.1999969482422,$256.1300048828125,$250.64999389648438
04/01/2026,$255.6300048828125,40059400,$254.0800018310547,$256.17999267578125,$253.3300018310547
03/31/2026,$253.7899932861328,49598100,$247.91000366210938,$255.47999572753906,$247.10000610351562
03/30/2026,$246.6300048828125,39446200,$250.07000732421875,$250.8699951171875,$245.50999450683594
03/27/2026,$248.8000030517578,47900000,$253.89999389648438,$255.49000549316406,$248.07000732421875
03/26/2026,$252.88999938964844,41796700,$252.1199951171875,$257,$250.77000427246094
03/25/2026,$252.6199951171875,28476700,$254.10000610351562,$255,$251.60000610351562
03/24/2026,$251.63999938964844,45152300,$250.35000610351562,$254.8300018310547,$249.5500030517578
03/23/2026,$251.49000549316406,40546100,$253.97000122070312,$254.60000610351562,$250.27999877929688
03/20/2026,$247.99000549316406,88331100,$247.97999572753906,$249.1999969482422,$246
03/19/2026,$248.9600067138672,34864100,$249.39999389648438,$251.8300018310547,$247.3000030517578
03/18/2026,$249.94000244140625,35757900,$252.6300048828125,$254.94000244140625,$249
03/17/2026,$254.22999572753906,32361600,$252.9600067138672,$255.1300048828125,$252.17999267578125
03/16/2026,$252.82000732421875,32074200,$252.11000061035156,$253.88999938964844,$249.8800048828125
03/13/2026,$250.1199951171875,36930000,$255.47999572753906,$256.3299865722656,$249.52000427246094
03/12/2026,$255.75999450683594,40794000,$258.6600036621094,$258.95001220703125,$254.17999267578125
03/11/2026,$260.80999755859375,26218900,$261.0899963378906,$262.1300048828125,$259.54998779296875
03/10/2026,$260.8299865722656,30590800,$257.6499938964844,$262.4800109863281,$256.95001220703125
03/09/2026,$259.8800048828125,38218500,$255.69000244140625,$261.1499938964844,$253.67999267578125
03/06/2026,$257.4599914550781,41120000,$258.6300048828125,$258.7699890136719,$254.3699951171875
03/05/2026,$260.2900085449219,49658600,$260.7900085449219,$261.55999755859375,$257.25
03/04/2026,$262.5199890136719,39803100,$264.6499938964844,$266.1499938964844,$261.4200134277344
03/03/2026,$263.75,38568900,$263.4800109863281,$265.55999755859375,$260.1300048828125
03/02/2026,$264.7200012207031,41827900,$262.4100036621094,$266.5299987792969,$260.20001220703125
02/27/2026,$264.17999267578125,72366500,$272.80999755859375,$272.80999755859375,$262.8900146484375
02/26/2026,$272.95001220703125,32345100,$274.95001220703125,$276.1099853515625,$270.79998779296875
02/25/2026,$274.2300109863281,33714300,$271.7799987792969,$274.94000244140625,$271.04998779296875
02/24/2026,$272.1400146484375,47014600,$267.8599853515625,$274.8900146484375,$267.7099914550781
02/23/2026,$266.17999267578125,37308200,$263.489990234375,$269.42999267578125,$263.3800048828125
02/20/2026,$264.5799865722656,42070500,$258.9700012207031,$264.75,$258.1600036621094
02/19/2026,$260.5799865722656,30845300,$262.6000061035156,$264.4800109863281,$260.04998779296875
02/18/2026,$264.3500061035156,34203300,$263.6000061035156,$266.82000732421875,$262.45001220703125
02/17/2026,$263.8800048828125,58469100,$258.04998779296875,$266.2900085449219,$255.5399932861328
02/13/2026,$255.77999877929688,56290700,$262.010009765625,$262.2300109863281,$255.4499969482422
02/12/2026,$261.7300109863281,81077200,$275.5899963378906,$275.7200012207031,$260.17999267578125
02/11/2026,$275.5,51931300,$274.70001220703125,$280.17999267578125,$274.45001220703125
02/10/2026,$273.67999267578125,34376900,$274.8900146484375,$275.3699951171875,$272.94000244140625
02/09/2026,$274.6199951171875,44623400,$277.9100036621094,$278.20001220703125,$271.70001220703125
02/06/2026,$278.1199951171875,50453400,$277.1199951171875,$280.9100036621094,$276.92999267578125
02/05/2026,$275.9100036621094,52977400,$278.1300048828125,$279.5,$273.2300109863281
02/04/2026,$276.489990234375,90545700,$272.2900085449219,$278.95001220703125,$272.2900085449219
02/03/2026,$269.4800109863281,64394700,$269.20001220703125,$271.8800048828125,$267.6099853515625
02/02/2026,$270.010009765625,73913400,$260.0299987792969,$270.489990234375,$259.2099914550781
01/30/2026,$259.4800109863281,92443400,$255.1699981689453,$261.8999938964844,$252.17999267578125
01/29/2026,$258.2799987792969,67253000,$258,$259.6499938964844,$254.41000366210938
01/28/2026,$256.44000244140625,41288000,$257.6499938964844,$258.8599853515625,$254.50999450683594
01/27/2026,$258.2699890136719,49648300,$259.1700134277344,$261.95001220703125,$258.2099914550781
01/26/2026,$255.41000366210938,55969200,$251.47999572753906,$256.55999755859375,$249.8000030517578
01/23/2026,$248.0399932861328,41689000,$247.32000732421875,$249.41000366210938,$244.67999267578125
01/22/2026,$248.35000610351562,39708300,$249.1999969482422,$251,$248.14999389648438
01/21/2026,$247.64999389648438,54641700,$248.6999969482422,$251.55999755859375,$245.17999267578125
01/20/2026,$246.6999969482422,80267500,$252.72999572753906,$254.7899932861328,$243.4199981689453
01/16/2026,$255.52999877929688,72142800,$257.8999938964844,$258.8999938964844,$254.92999267578125
01/15/2026,$258.2099914550781,39388600,$260.6499938964844,$261.0400085449219,$257.04998779296875
01/14/2026,$259.9599914550781,40019400,$259.489990234375,$261.82000732421875,$256.7099914550781
01/13/2026,$261.04998779296875,45730800,$258.7200012207031,$261.80999755859375,$258.3900146484375
01/12/2026,$260.25,45263800,$259.1600036621094,$261.29998779296875,$256.79998779296875
01/09/2026,$259.3699951171875,39997000,$259.0799865722656,$260.2099914550781,$256.2200012207031
01/08/2026,$259.0400085449219,50419300,$257.0199890136719,$259.2900085449219,$255.6999969482422
01/07/2026,$260.3299865722656,48309800,$263.20001220703125,$263.67999267578125,$259.80999755859375
01/06/2026,$262.3599853515625,52352100,$267,$267.54998779296875,$262.1199951171875
01/05/2026,$267.260009765625,45647200,$270.6400146484375,$271.510009765625,$266.1400146484375
01/02/2026,$271.010009765625,37838100,$272.260009765625,$277.8399963378906,$269
12/31/2025,$271.8599853515625,27293600,$273.05999755859375,$273.67999267578125,$271.75
12/30/2025,$273.0799865722656,22139600,$272.80999755859375,$274.0799865722656,$272.2799987792969
12/29/2025,$273.760009765625,23715200,$272.69000244140625,$274.3599853515625,$272.3500061035156
12/26/2025,$273.3999938964844,21521800,$274.1600036621094,$275.3699951171875,$272.8599853515625
12/24/2025,$273.80999755859375,17910600,$272.3399963378906,$275.42999267578125,$272.20001220703125
12/23/2025,$272.3599853515625,29642000,$270.8399963378906,$272.5,$269.55999755859375
12/22/2025,$270.9700012207031,36571800,$272.8599853515625,$273.8800048828125,$270.510009765625
12/19/2025,$273.6700134277344,144632000,$272.1499938964844,$274.6000061035156,$269.8999938964844
12/18/2025,$272.19000244140625,51630700,$273.6099853515625,$273.6300048828125,$266.95001220703125
12/17/2025,$271.8399963378906,50138700,$275.010009765625,$276.1600036621094,$271.6400146484375
12/16/2025,$274.6099853515625,37648600,$272.82000732421875,$275.5,$271.7900085449219
12/15/2025,$274.1099853515625,50409100,$280.1499938964844,$280.1499938964844,$272.8399963378906
12/12/2025,$278.2799987792969,39532900,$277.8999938964844,$279.2200012207031,$276.82000732421875
12/11/2025,$278.0299987792969,33248000,$279.1000061035156,$279.5899963378906,$273.80999755859375
12/10/2025,$278.7799987792969,33038300,$277.75,$279.75,$276.44000244140625
12/09/2025,$277.17999267578125,32193300,$278.1600036621094,$280.0299987792969,$276.9200134277344
12/08/2025,$277.8900146484375,38211800,$278.1300048828125,$279.6700134277344,$276.1499938964844
12/05/2025,$278.7799987792969,47265800,$280.5400085449219,$281.1400146484375,$278.04998779296875
12/04/2025,$280.70001220703125,43989100,$284.1000061035156,$284.7300109863281,$278.5899963378906
12/03/2025,$284.1499938964844,43538700,$286.20001220703125,$288.6199951171875,$283.29998779296875
12/02/2025,$286.19000244140625,53669500,$283,$287.3999938964844,$282.6300048828125
12/01/2025,$283.1000061035156,46587700,$278.010009765625,$283.4200134277344,$276.1400146484375
11/28/2025,$278.8500061035156,20135600,$277.260009765625,$279,$275.989990234375
11/26/2025,$277.54998779296875,33431400,$276.9599914550781,$279.5299987792969,$276.6300048828125
11/25/2025,$276.9700012207031,46914200,$275.2699890136719,$280.3800048828125,$275.25
11/24/2025,$275.9200134277344,65585800,$270.8999938964844,$277,$270.8999938964844
11/21/2025,$271.489990234375,59030800,$265.95001220703125,$273.3299865722656,$265.6700134277344
11/20/2025,$266.25,45823600,$270.8299865722656,$275.42999267578125,$265.9200134277344
11/19/2025,$268.55999755859375,40424500,$265.5299987792969,$272.2099914550781,$265.5
11/18/2025,$267.44000244140625,45677300,$269.989990234375,$270.7099914550781,$265.32000732421875
11/17/2025,$267.4599914550781,45018300,$268.82000732421875,$270.489990234375,$265.7300109863281
11/14/2025,$272.4100036621094,47431300,$271.04998779296875,$275.9599914550781,$269.6000061035156
11/13/2025,$272.95001220703125,49602800,$274.1099853515625,$276.70001220703125,$272.0899963378906
11/12/2025,$273.4700012207031,48398000,$275,$275.7300109863281,$271.70001220703125
11/11/2025,$275.25,46208300,$269.80999755859375,$275.9100036621094,$269.79998779296875
11/10/2025,$269.42999267578125,41312400,$268.9599914550781,$273.7300109863281,$267.4599914550781
11/07/2025,$268.4700012207031,48227400,$269.79998779296875,$272.2900085449219,$266.7699890136719
11/06/2025,$269.7699890136719,51204000,$267.8900146484375,$273.3999938964844,$267.8900146484375
11/05/2025,$270.1400146484375,43683100,$268.6099853515625,$271.70001220703125,$266.92999267578125
11/04/2025,$270.0400085449219,49274800,$268.3299865722656,$271.489990234375,$267.6199951171875
11/03/2025,$269.04998779296875,50194600,$270.4200134277344,$270.8500061035156,$266.25
10/31/2025,$270.3699951171875,86167100,$276.989990234375,$277.32000732421875,$269.1600036621094
10/30/2025,$271.3999938964844,69886500,$271.989990234375,$274.1400146484375,$268.4800109863281
10/29/2025,$269.70001220703125,51086700,$269.2799987792969,$271.4100036621094,$267.1099853515625
10/28/2025,$269,41534800,$268.989990234375,$269.8900146484375,$268.1499938964844
10/27/2025,$268.80999755859375,44888200,$264.8800048828125,$269.1199951171875,$264.6499938964844
10/24/2025,$262.82000732421875,38253700,$261.19000244140625,$264.1300048828125,$259.17999267578125
10/23/2025,$259.5799865722656,32754900,$259.94000244140625,$260.6199951171875,$258.010009765625
10/22/2025,$258.45001220703125,45015300,$262.6499938964844,$262.8500061035156,$255.42999267578125
10/21/2025,$262.7699890136719,46695900,$261.8800048828125,$265.2900085449219,$261.8299865722656
10/20/2025,$262.239990234375,90483000,$255.88999938964844,$264.3800048828125,$255.6300048828125
10/17/2025,$252.2899932861328,49147000,$248.02000427246094,$253.3800048828125,$247.27000427246094
10/16/2025,$247.4499969482422,39777000,$248.25,$249.0399932861328,$245.1300048828125
10/15/2025,$249.33999633789062,33893600,$249.49000549316406,$251.82000732421875,$247.47000122070312
10/14/2025,$247.77000427246094,35478000,$246.60000610351562,$248.85000610351562,$244.6999969482422
10/13/2025,$247.66000366210938,38142900,$249.3800048828125,$249.69000244140625,$245.55999755859375
10/10/2025,$245.27000427246094,61999100,$254.94000244140625,$256.3800048828125,$244
10/09/2025,$254.0399932861328,38322000,$257.80999755859375,$258,$253.13999938964844
10/08/2025,$258.05999755859375,36496900,$256.5199890136719,$258.5199890136719,$256.1099853515625
10/07/2025,$256.4800109863281,31955800,$256.80999755859375,$257.3999938964844,$255.42999267578125
10/06/2025,$256.69000244140625,44664100,$257.989990234375,$259.07000732421875,$255.0500030517578
10/03/2025,$258.0199890136719,49155600,$254.6699981689453,$259.239990234375,$253.9499969482422
10/02/2025,$257.1300048828125,42630200,$256.5799865722656,$258.17999267578125,$254.14999389648438
10/01/2025,$255.4499969482422,48713900,$255.0399932861328,$258.7900085449219,$254.92999267578125
09/30/2025,$254.6300048828125,37704300,$254.86000061035156,$255.9199981689453,$253.11000061035156
09/29/2025,$254.42999267578125,40127700,$254.55999755859375,$255,$253.00999450683594
09/26/2025,$255.4600067138672,46076300,$254.10000610351562,$257.6000061035156,$253.77999877929688
09/25/2025,$256.8699951171875,55202100,$253.2100067138672,$257.1700134277344,$251.7100067138672
09/24/2025,$252.30999755859375,42303700,$255.22000122070312,$255.74000549316406,$251.0399932861328
09/23/2025,$254.42999267578125,60275200,$255.8800048828125,$257.3399963378906,$253.5800018310547
09/22/2025,$256.0799865722656,105517400,$248.3000030517578,$256.6400146484375,$248.1199951171875
09/19/2025,$245.5,163741300,$241.22999572753906,$246.3000030517578,$240.2100067138672
09/18/2025,$237.8800048828125,44249600,$239.97000122070312,$241.1999969482422,$236.64999389648438
09/17/2025,$238.99000549316406,46508000,$238.97000122070312,$240.10000610351562,$237.72999572753906
09/16/2025,$238.14999389648438,63421100,$237.17999267578125,$241.22000122070312,$236.32000732421875
09/15/2025,$236.6999969482422,42699500,$237,$238.19000244140625,$235.02999877929688
09/12/2025,$234.07000732421875,55824200,$229.22000122070312,$234.50999450683594,$229.02000427246094
09/11/2025,$230.02999877929688,50208600,$226.8800048828125,$230.4499969482422,$226.64999389648438
09/10/2025,$226.7899932861328,83440800,$232.19000244140625,$232.4199981689453,$225.9499969482422
09/09/2025,$234.35000610351562,66313900,$237,$238.77999877929688,$233.36000061035156
09/08/2025,$237.8800048828125,48999500,$239.3000030517578,$240.14999389648438,$236.33999633789062
09/05/2025,$239.69000244140625,54870400,$240,$241.32000732421875,$238.49000549316406
09/04/2025,$239.77999877929688,47549400,$238.4499969482422,$239.89999389648438,$236.74000549316406
09/03/2025,$238.47000122070312,66427800,$237.2100067138672,$238.85000610351562,$234.36000061035156
09/02/2025,$229.72000122070312,44075600,$229.25,$230.85000610351562,$226.97000122070312
08/29/2025,$232.13999938964844,39418400,$232.50999450683594,$233.3800048828125,$231.3699951171875
08/28/2025,$232.55999755859375,38074700,$230.82000732421875,$233.41000366210938,$229.33999633789062
08/27/2025,$230.49000549316406,31259500,$228.61000061035156,$230.89999389648438,$228.25999450683594
08/26/2025,$229.30999755859375,54575100,$226.8699951171875,$229.49000549316406,$224.69000244140625
08/25/2025,$227.16000366210938,30983100,$226.47999572753906,$229.3000030517578,$226.22999572753906
08/22/2025,$227.75999450683594,42477800,$226.1699981689453,$229.08999633789062,$225.41000366210938
08/21/2025,$224.89999389648438,30621200,$226.27000427246094,$226.52000427246094,$223.77999877929688
08/20/2025,$226.00999450683594,42263900,$229.97999572753906,$230.47000122070312,$225.77000427246094
08/19/2025,$230.55999755859375,39402600,$231.27999877929688,$232.8699951171875,$229.35000610351562
08/18/2025,$230.88999938964844,37476200,$231.6999969482422,$233.1199951171875,$230.11000061035156
08/15/2025,$231.58999633789062,56038700,$234,$234.27999877929688,$229.33999633789062
08/14/2025,$232.77999877929688,51916300,$234.05999755859375,$235.1199951171875,$230.85000610351562
08/13/2025,$233.3300018310547,69878500,$231.07000732421875,$235,$230.42999267578125
08/12/2025,$229.64999389648438,55626200,$228.00999450683594,$230.8000030517578,$227.07000732421875
08/11/2025,$227.17999267578125,61806100,$227.9199981689453,$229.55999755859375,$224.75999450683594
08/08/2025,$229.35000610351562,113854000,$220.8300018310547,$231,$219.25
08/07/2025,$220.02999877929688,90224800,$218.8800048828125,$220.85000610351562,$216.5800018310547
08/06/2025,$213.25,108483100,$205.6300048828125,$215.3800048828125,$205.58999633789062
08/05/2025,$202.9199981689453,44155100,$203.39999389648438,$205.33999633789062,$202.16000366210938
08/04/2025,$203.35000610351562,75109300,$204.50999450683594,$207.8800048828125,$201.67999267578125
08/01/2025,$202.3800048828125,104434500,$210.8699951171875,$213.5800018310547,$201.5
07/31/2025,$207.57000732421875,80698400,$208.49000549316406,$209.83999633789062,$207.16000366210938
07/30/2025,$209.0500030517578,45512500,$211.89999389648438,$212.38999938964844,$207.72000122070312
07/29/2025,$211.27000427246094,51411700,$214.17999267578125,$214.80999755859375,$210.82000732421875
07/28/2025,$214.0500030517578,37858000,$214.02999877929688,$214.85000610351562,$213.05999755859375
07/25/2025,$213.8800048828125,40268800,$214.6999969482422,$215.24000549316406,$213.39999389648438
07/24/2025,$213.75999450683594,46022600,$213.89999389648438,$215.69000244140625,$213.52999877929688
07/23/2025,$214.14999389648438,46989300,$215,$215.14999389648438,$212.41000366210938
07/22/2025,$214.39999389648438,46404100,$213.13999938964844,$214.9499969482422,$212.22999572753906
07/21/2025,$212.47999572753906,51377400,$212.10000610351562,$215.77999877929688,$211.6300048828125
07/18/2025,$211.17999267578125,48974600,$210.8699951171875,$211.7899932861328,$209.6999969482422
07/17/2025,$210.02000427246094,48068100,$210.57000732421875,$211.8000030517578,$209.58999633789062
07/16/2025,$210.16000366210938,47490500,$210.3000030517578,$212.39999389648438,$208.63999938964844
07/15/2025,$209.11000061035156,42296300,$209.22000122070312,$211.88999938964844,$208.9199981689453
07/14/2025,$208.6199951171875,38840100,$209.92999267578125,$210.91000366210938,$207.5399932861328
07/11/2025,$211.16000366210938,39765800,$210.57000732421875,$212.1300048828125,$209.86000061035156
07/10/2025,$212.41000366210938,44443600,$210.50999450683594,$213.47999572753906,$210.02999877929688
07/09/2025,$211.13999938964844,48749400,$209.52999877929688,$211.3300018310547,$207.22000122070312
07/08/2025,$210.00999450683594,42848900,$210.10000610351562,$211.42999267578125,$208.4499969482422
07/07/2025,$209.9499969482422,50229000,$212.67999267578125,$216.22999572753906,$208.8000030517578
07/03/2025,$213.5500030517578,34955800,$212.14999389648438,$214.64999389648438,$211.80999755859375
07/02/2025,$212.44000244140625,67941800,$208.91000366210938,$213.33999633789062,$208.13999938964844
07/01/2025,$207.82000732421875,78788900,$206.6699981689453,$210.19000244140625,$206.13999938964844
06/30/2025,$205.1699981689453,91912800,$202.00999450683594,$207.38999938964844,$199.25999450683594
06/27/2025,$201.0800018310547,73188600,$201.88999938964844,$203.22000122070312,$200
06/26/2025,$201,50799100,$201.42999267578125,$202.63999938964844,$199.4600067138672
06/25/2025,$201.55999755859375,39525700,$201.4499969482422,$203.6699981689453,$200.6199951171875
06/24/2025,$200.3000030517578,54064000,$202.58999633789062,$203.44000244140625,$200.1999969482422
06/23/2025,$201.5,55814300,$201.6300048828125,$202.3000030517578,$198.9600067138672
06/20/2025,$201,96813500,$198.24000549316406,$201.6999969482422,$196.86000061035156
06/18/2025,$196.5800018310547,45394700,$195.94000244140625,$197.57000732421875,$195.07000732421875
06/17/2025,$195.63999938964844,38856200,$197.1999969482422,$198.38999938964844,$195.2100067138672
06/16/2025,$198.4199981689453,43020700,$197.3000030517578,$198.69000244140625,$196.55999755859375
06/13/2025,$196.4499969482422,51447300,$199.72999572753906,$200.3699951171875,$195.6999969482422
06/12/2025,$199.1999969482422,43904600,$199.0800018310547,$199.67999267578125,$197.36000061035156
06/11/2025,$198.77999877929688,60989900,$203.5,$204.5,$198.41000366210938
06/10/2025,$202.6699981689453,54672600,$200.60000610351562,$204.35000610351562,$200.57000732421875
06/09/2025,$201.4499969482422,72862600,$204.38999938964844,$206,$200.02000427246094
06/06/2025,$203.9199981689453,46607700,$203,$205.6999969482422,$202.0500030517578
06/05/2025,$200.6300048828125,55126100,$203.5,$204.75,$200.14999389648438
06/04/2025,$202.82000732421875,43604000,$202.91000366210938,$206.24000549316406,$202.10000610351562
06/03/2025,$203.27000427246094,46381600,$201.35000610351562,$203.77000427246094,$200.9600067138672
06/02/2025,$201.6999969482422,35423300,$200.27999877929688,$202.1300048828125,$200.1199951171875
05/30/2025,$200.85000610351562,70819900,$199.3699951171875,$201.9600067138672,$196.77999877929688
05/29/2025,$199.9499969482422,51396800,$203.5800018310547,$203.80999755859375,$198.50999450683594
05/28/2025,$200.4199981689453,45339700,$200.58999633789062,$202.72999572753906,$199.89999389648438
05/27/2025,$200.2100067138672,56288500,$198.3000030517578,$200.74000549316406,$197.42999267578125
05/23/2025,$195.27000427246094,78432900,$193.6699981689453,$197.6999969482422,$193.4600067138672
05/22/2025,$201.36000061035156,46742400,$200.7100067138672,$202.75,$199.6999969482422
05/21/2025,$202.08999633789062,59211800,$205.1699981689453,$207.0399932861328,$200.7100067138672
05/20/2025,$206.86000061035156,42496600,$207.6699981689453,$208.47000122070312,$205.02999877929688
05/19/2025,$208.77999877929688,46140500,$207.91000366210938,$209.47999572753906,$204.25999450683594
05/16/2025,$211.25999450683594,54737900,$212.36000061035156,$212.57000732421875,$209.77000427246094
05/15/2025,$211.4499969482422,45029500,$210.9499969482422,$212.9600067138672,$209.5399932861328
05/14/2025,$212.3300018310547,49325800,$212.42999267578125,$213.94000244140625,$210.5800018310547
05/13/2025,$212.92999267578125,51909300,$210.42999267578125,$213.39999389648438,$209
05/12/2025,$210.7899932861328,63775800,$210.97000122070312,$211.27000427246094,$206.75
05/09/2025,$198.52999877929688,36453900,$199,$200.5399932861328,$197.5399932861328
05/08/2025,$197.49000549316406,50478900,$197.72000122070312,$200.0500030517578,$194.67999267578125
05/07/2025,$196.25,68536700,$199.1699981689453,$199.44000244140625,$193.25
05/06/2025,$198.50999450683594,51216500,$198.2100067138672,$200.64999389648438,$197.02000427246094
05/05/2025,$198.88999938964844,69018500,$203.10000610351562,$204.10000610351562,$198.2100067138672
05/02/2025,$205.35000610351562,101010600,$206.08999633789062,$206.99000549316406,$202.16000366210938
05/01/2025,$213.32000732421875,57365700,$209.0800018310547,$214.55999755859375,$208.89999389648438
04/30/2025,$212.5,52286500,$209.3000030517578,$213.5800018310547,$206.6699981689453
04/29/2025,$211.2100067138672,36827600,$208.69000244140625,$212.24000549316406,$208.3699951171875
04/28/2025,$210.13999938964844,38743100,$210,$211.5,$207.4600067138672
04/25/2025,$209.27999877929688,38222300,$206.3699951171875,$209.75,$206.1999969482422
04/24/2025,$208.3699951171875,47311000,$204.88999938964844,$208.8300018310547,$202.94000244140625
04/23/2025,$204.60000610351562,52929200,$206,$208,$202.8000030517578
04/22/2025,$199.74000549316406,52976400,$196.1199951171875,$201.58999633789062,$195.97000122070312
04/21/2025,$193.16000366210938,46742500,$193.27000427246094,$193.8000030517578,$189.80999755859375
04/17/2025,$196.97999572753906,52164700,$197.1999969482422,$198.8300018310547,$194.4199981689453
04/16/2025,$194.27000427246094,59732400,$198.36000061035156,$200.6999969482422,$192.3699951171875
04/15/2025,$202.13999938964844,51343900,$201.86000061035156,$203.50999450683594,$199.8000030517578
04/14/2025,$202.52000427246094,101352900,$211.44000244140625,$212.94000244140625,$201.16000366210938
04/11/2025,$198.14999389648438,87435900,$186.10000610351562,$199.5399932861328,$186.05999755859375
04/10/2025,$190.4199981689453,121880000,$189.07000732421875,$194.77999877929688,$183
04/09/2025,$198.85000610351562,184395900,$171.9499969482422,$200.61000061035156,$171.88999938964844
04/08/2025,$172.4199981689453,120859500,$186.6999969482422,$190.33999633789062,$169.2100067138672
04/07/2025,$181.4600067138672,160466300,$177.1999969482422,$194.14999389648438,$174.6199951171875
04/04/2025,$188.3800048828125,125910900,$193.88999938964844,$199.8800048828125,$187.33999633789062
04/03/2025,$203.19000244140625,103419000,$205.5399932861328,$207.49000549316406,$201.25
04/02/2025,$223.88999938964844,35905900,$221.32000732421875,$225.19000244140625,$221.02000427246094
04/01/2025,$223.19000244140625,36412700,$219.80999755859375,$223.67999267578125,$218.89999389648438
03/31/2025,$222.1300048828125,65299300,$217.00999450683594,$225.6199951171875,$216.22999572753906
03/28/2025,$217.89999389648438,39818600,$221.6699981689453,$223.80999755859375,$217.67999267578125
03/27/2025,$223.85000610351562,37094800,$221.38999938964844,$224.99000549316406,$220.55999755859375
03/26/2025,$221.52999877929688,34466100,$223.50999450683594,$225.02000427246094,$220.47000122070312
03/25/2025,$223.75,34493600,$220.77000427246094,$224.10000610351562,$220.0800018310547
03/24/2025,$220.72999572753906,44299500,$221,$221.47999572753906,$218.5800018310547
03/21/2025,$218.27000427246094,94127800,$211.55999755859375,$218.83999633789062,$211.27999877929688
03/20/2025,$214.10000610351562,48862900,$213.99000549316406,$217.49000549316406,$212.22000122070312
03/19/2025,$215.24000549316406,54385400,$214.22000122070312,$218.75999450683594,$213.75
03/18/2025,$212.69000244140625,42432400,$214.16000366210938,$215.14999389648438,$211.49000549316406
03/17/2025,$214,48073400,$213.30999755859375,$215.22000122070312,$209.97000122070312
03/14/2025,$213.49000549316406,60107600,$211.25,$213.9499969482422,$209.5800018310547
03/13/2025,$209.67999267578125,61368300,$215.9499969482422,$216.83999633789062,$208.4199981689453
03/12/2025,$216.97999572753906,62547500,$220.13999938964844,$221.75,$214.91000366210938
03/11/2025,$220.83999633789062,76137400,$223.80999755859375,$225.83999633789062,$217.4499969482422
03/10/2025,$227.47999572753906,72071200,$235.5399932861328,$236.16000366210938,$224.22000122070312
03/07/2025,$239.07000732421875,46273600,$235.11000061035156,$241.3699951171875,$234.75999450683594
03/06/2025,$235.3300018310547,45170400,$234.44000244140625,$237.86000061035156,$233.16000366210938
03/05/2025,$235.74000549316406,47227600,$235.4199981689453,$236.5500030517578,$229.22999572753906
03/04/2025,$235.92999267578125,53798100,$237.7100067138672,$240.07000732421875,$234.67999267578125
03/03/2025,$238.02999877929688,47184000,$241.7899932861328,$244.02999877929688,$236.11000061035156
02/28/2025,$241.83999633789062,56833400,$236.9499969482422,$242.08999633789062,$230.1999969482422
02/27/2025,$237.3000030517578,41153600,$239.41000366210938,$242.4600067138672,$237.05999755859375
02/26/2025,$240.36000061035156,44433600,$244.3300018310547,$244.97999572753906,$239.1300048828125
02/25/2025,$247.0399932861328,48013300,$248,$250,$244.91000366210938
02/24/2025,$247.10000610351562,51326400,$244.92999267578125,$248.86000061035156,$244.4199981689453
02/21/2025,$245.5500030517578,53197400,$245.9499969482422,$248.69000244140625,$245.22000122070312
02/20/2025,$245.8300018310547,32316900,$244.94000244140625,$246.77999877929688,$244.2899932861328
02/19/2025,$244.8699951171875,32204200,$244.66000366210938,$246.00999450683594,$243.16000366210938
02/18/2025,$244.47000122070312,48822500,$244.14999389648438,$245.17999267578125,$241.83999633789062
02/14/2025,$244.60000610351562,40896200,$241.25,$245.5500030517578,$240.99000549316406
02/13/2025,$241.52999877929688,53614100,$236.91000366210938,$242.33999633789062,$235.57000732421875
02/12/2025,$236.8699951171875,45243300,$231.1999969482422,$236.9600067138672,$230.67999267578125
02/11/2025,$232.6199951171875,53718400,$228.1999969482422,$235.22999572753906,$228.1300048828125
02/10/2025,$227.64999389648438,33115600,$229.57000732421875,$230.58999633789062,$227.1999969482422
02/07/2025,$227.6300048828125,39707200,$232.60000610351562,$234,$227.25999450683594
02/06/2025,$233.22000122070312,29925300,$231.2899932861328,$233.8000030517578,$230.42999267578125
02/05/2025,$232.47000122070312,39620300,$228.52999877929688,$232.6699981689453,$228.27000427246094
02/04/2025,$232.8000030517578,45067300,$227.25,$233.1300048828125,$226.64999389648438
02/03/2025,$228.00999450683594,73063300,$229.99000549316406,$231.8300018310547,$225.6999969482422
01/31/2025,$236,100959800,$247.19000244140625,$247.19000244140625,$233.44000244140625
01/30/2025,$237.58999633789062,55658300,$238.6699981689453,$240.7899932861328,$237.2100067138672
01/29/2025,$239.36000061035156,45486100,$234.1199951171875,$239.86000061035156,$234.00999450683594
01/28/2025,$238.25999450683594,75707600,$230.85000610351562,$240.19000244140625,$230.80999755859375
01/27/2025,$229.86000061035156,94863400,$224.02000427246094,$232.14999389648438,$223.97999572753906
01/24/2025,$222.77999877929688,54697900,$224.77999877929688,$225.6300048828125,$221.41000366210938
01/23/2025,$223.66000366210938,60234800,$224.74000549316406,$227.02999877929688,$222.3000030517578
01/22/2025,$223.8300018310547,64126500,$219.7899932861328,$224.1199951171875,$219.7899932861328
01/21/2025,$222.63999938964844,98070400,$224,$224.4199981689453,$219.3800048828125
01/17/2025,$229.97999572753906,68488300,$232.1199951171875,$232.2899932861328,$228.47999572753906
01/16/2025,$228.25999450683594,71759100,$237.35000610351562,$238.00999450683594,$228.02999877929688
01/15/2025,$237.8699951171875,39832000,$234.63999938964844,$238.9600067138672,$234.42999267578125
01/14/2025,$233.27999877929688,39435300,$234.75,$236.1199951171875,$232.47000122070312
01/13/2025,$234.39999389648438,49630700,$233.52999877929688,$234.6699981689453,$229.72000122070312
01/10/2025,$236.85000610351562,61710900,$240.00999450683594,$240.16000366210938,$233
01/08/2025,$242.6999969482422,37628900,$241.9199981689453,$243.7100067138672,$240.0500030517578
01/07/2025,$242.2100067138672,40856000,$242.97999572753906,$245.5500030517578,$241.35000610351562
01/06/2025,$245,45045600,$244.30999755859375,$247.3300018310547,$243.1999969482422
01/03/2025,$243.36000061035156,40244100,$243.36000061035156,$244.17999267578125,$241.88999938964844
01/02/2025,$243.85000610351562,55740700,$248.92999267578125,$249.10000610351562,$241.82000732421875
12/31/2024,$250.4199981689453,39480700,$252.44000244140625,$253.27999877929688,$249.42999267578125
12/30/2024,$252.1999969482422,35557500,$252.22999572753906,$253.5,$250.75
12/27/2024,$255.58999633789062,42355300,$257.8299865722656,$258.70001220703125,$253.05999755859375
12/26/2024,$259.0199890136719,27237100,$258.19000244140625,$260.1000061035156,$257.6300048828125
12/24/2024,$258.20001220703125,23234700,$255.49000549316406,$258.2099914550781,$255.2899932861328
12/23/2024,$255.27000427246094,40858800,$254.77000427246094,$255.64999389648438,$253.4499969482422
12/20/2024,$254.49000549316406,147495300,$248.0399932861328,$255,$245.69000244140625
12/19/2024,$249.7899932861328,60882300,$247.5,$252,$247.08999633789062
12/18/2024,$248.0500030517578,56774100,$252.16000366210938,$254.27999877929688,$247.74000549316406
12/17/2024,$253.47999572753906,51356400,$250.0800018310547,$253.8300018310547,$249.77999877929688
12/16/2024,$251.0399932861328,51694800,$247.99000549316406,$251.3800048828125,$247.64999389648438
12/13/2024,$248.1300048828125,33155300,$247.82000732421875,$249.2899932861328,$246.24000549316406
12/12/2024,$247.9600067138672,32777500,$246.88999938964844,$248.74000549316406,$245.67999267578125
12/11/2024,$246.49000549316406,45205800,$247.9600067138672,$250.8000030517578,$246.25999450683594
12/10/2024,$247.77000427246094,36914800,$246.88999938964844,$248.2100067138672,$245.33999633789062
12/09/2024,$246.75,44649200,$241.8300018310547,$247.24000549316406,$241.75
12/06/2024,$242.83999633789062,36870600,$242.91000366210938,$244.6300048828125,$242.0800018310547
12/05/2024,$243.0399932861328,40033900,$243.99000549316406,$244.5399932861328,$242.1300048828125
12/04/2024,$243.00999450683594,44383900,$242.8699951171875,$244.11000061035156,$241.25
12/03/2024,$242.64999389648438,38861000,$239.80999755859375,$242.75999450683594,$238.89999389648438
12/02/2024,$239.58999633789062,48137100,$237.27000427246094,$240.7899932861328,$237.16000366210938
11/29/2024,$237.3300018310547,28481400,$234.80999755859375,$237.80999755859375,$233.97000122070312
11/27/2024,$234.92999267578125,33498400,$234.47000122070312,$235.69000244140625,$233.80999755859375
11/26/2024,$235.05999755859375,45986200,$233.3300018310547,$235.57000732421875,$233.3300018310547
11/25/2024,$232.8699951171875,90152800,$231.4600067138672,$233.25,$229.74000549316406
11/22/2024,$229.8699951171875,38168300,$228.05999755859375,$230.72000122070312,$228.05999755859375
11/21/2024,$228.52000427246094,42108300,$228.8800048828125,$230.16000366210938,$225.7100067138672
11/20/2024,$229,35169600,$228.05999755859375,$229.92999267578125,$225.88999938964844
11/19/2024,$228.27999877929688,36211800,$226.97999572753906,$230.16000366210938,$226.66000366210938
11/18/2024,$228.02000427246094,44633700,$225.25,$229.74000549316406,$225.1699981689453
11/15/2024,$225,47923700,$226.39999389648438,$226.9199981689453,$224.27000427246094
11/14/2024,$228.22000122070312,44923900,$225.02000427246094,$228.8699951171875,$225
11/13/2024,$225.1199951171875,48566200,$224.00999450683594,$226.64999389648438,$222.75999450683594
11/12/2024,$224.22999572753906,40398300,$224.5500030517578,$225.58999633789062,$223.36000061035156
11/11/2024,$224.22999572753906,42005600,$225,$225.6999969482422,$221.5
11/08/2024,$226.9600067138672,38328800,$227.1699981689453,$228.66000366210938,$226.41000366210938
11/07/2024,$227.47999572753906,42137700,$224.6300048828125,$227.8800048828125,$224.57000732421875
11/06/2024,$222.72000122070312,54561100,$222.61000061035156,$226.07000732421875,$221.19000244140625
11/05/2024,$223.4499969482422,28111300,$221.8000030517578,$223.9499969482422,$221.13999938964844
11/04/2024,$222.00999450683594,44944500,$220.99000549316406,$222.7899932861328,$219.7100067138672
11/01/2024,$222.91000366210938,65276700,$220.97000122070312,$225.35000610351562,$220.27000427246094
10/31/2024,$225.91000366210938,64370100,$229.33999633789062,$229.8300018310547,$225.3699951171875
10/30/2024,$230.10000610351562,47070900,$232.61000061035156,$233.47000122070312,$229.5500030517578
10/29/2024,$233.6699981689453,35417200,$233.10000610351562,$234.3300018310547,$232.32000732421875
10/28/2024,$233.39999389648438,36087100,$233.32000732421875,$234.72999572753906,$232.5500030517578
10/25/2024,$231.41000366210938,38802300,$229.74000549316406,$233.22000122070312,$229.57000732421875
10/24/2024,$230.57000732421875,31109500,$229.97999572753906,$230.82000732421875,$228.41000366210938
10/23/2024,$230.75999450683594,52287000,$234.0800018310547,$235.13999938964844,$227.75999450683594
10/22/2024,$235.86000061035156,38846600,$233.88999938964844,$236.22000122070312,$232.60000610351562
10/21/2024,$236.47999572753906,36254500,$234.4499969482422,$236.85000610351562,$234.4499969482422
10/18/2024,$235,46431500,$236.17999267578125,$236.17999267578125,$234.00999450683594
10/17/2024,$232.14999389648438,32993800,$233.42999267578125,$233.85000610351562,$230.52000427246094
10/16/2024,$231.77999877929688,34082200,$231.60000610351562,$232.1199951171875,$229.83999633789062
10/15/2024,$233.85000610351562,64751400,$233.61000061035156,$237.49000549316406,$232.3699951171875
10/14/2024,$231.3000030517578,39882100,$228.6999969482422,$231.72999572753906,$228.60000610351562
10/11/2024,$227.5500030517578,31759200,$229.3000030517578,$229.41000366210938,$227.33999633789062
10/10/2024,$229.0399932861328,28183500,$227.77999877929688,$229.5,$227.1699981689453
10/09/2024,$229.5399932861328,33591100,$225.22999572753906,$229.75,$224.8300018310547
10/08/2024,$225.77000427246094,31855700,$224.3000030517578,$225.97999572753906,$223.25
10/07/2024,$221.69000244140625,39505400,$224.5,$225.69000244140625,$221.3300018310547
10/04/2024,$226.8000030517578,37245100,$227.89999389648438,$228,$224.1300048828125
10/03/2024,$225.6699981689453,34044200,$225.13999938964844,$226.80999755859375,$223.32000732421875
10/02/2024,$226.77999877929688,32880600,$225.88999938964844,$227.3699951171875,$223.02000427246094
10/01/2024,$226.2100067138672,63285000,$229.52000427246094,$229.64999389648438,$223.74000549316406
09/30/2024,$233,54541900,$230.0399932861328,$233,$229.64999389648438
09/27/2024,$227.7899932861328,34026000,$228.4600067138672,$229.52000427246094,$227.3000030517578
09/26/2024,$227.52000427246094,36636700,$227.3000030517578,$228.5,$225.41000366210938
09/25/2024,$226.3699951171875,42308700,$224.92999267578125,$227.2899932861328,$224.02000427246094
09/24/2024,$227.3699951171875,43556100,$228.64999389648438,$229.35000610351562,$225.72999572753906
09/23/2024,$226.47000122070312,54146000,$227.33999633789062,$229.4499969482422,$225.80999755859375
09/20/2024,$228.1999969482422,318679900,$229.97000122070312,$233.08999633789062,$227.6199951171875
09/19/2024,$228.8699951171875,66781300,$224.99000549316406,$229.82000732421875,$224.6300048828125
09/18/2024,$220.69000244140625,59894900,$217.5500030517578,$222.7100067138672,$217.5399932861328
09/17/2024,$216.7899932861328,45519300,$215.75,$216.89999389648438,$214.5
09/16/2024,$216.32000732421875,59357400,$216.5399932861328,$217.22000122070312,$213.9199981689453
09/13/2024,$222.5,36766600,$223.5800018310547,$224.0399932861328,$221.91000366210938
09/12/2024,$222.77000427246094,37455600,$222.5,$223.5500030517578,$219.82000732421875
09/11/2024,$222.66000366210938,44587100,$221.4600067138672,$223.08999633789062,$217.88999938964844
09/10/2024,$220.11000061035156,51591000,$218.9199981689453,$221.47999572753906,$216.72999572753906
09/09/2024,$220.91000366210938,67180000,$220.82000732421875,$221.27000427246094,$216.7100067138672
09/06/2024,$220.82000732421875,48423000,$223.9499969482422,$225.24000549316406,$219.77000427246094
09/05/2024,$222.3800048828125,36615400,$221.6300048828125,$225.47999572753906,$221.52000427246094
09/04/2024,$220.85000610351562,43840200,$221.66000366210938,$221.77999877929688,$217.47999572753906
09/03/2024,$222.77000427246094,50190600,$228.5500030517578,$229,$221.1699981689453
08/30/2024,$229,52990800,$230.19000244140625,$230.39999389648438,$227.47999572753906
08/29/2024,$229.7899932861328,51906300,$230.10000610351562,$232.9199981689453,$228.8800048828125
08/28/2024,$226.49000549316406,38052200,$227.9199981689453,$229.86000061035156,$225.67999267578125
08/27/2024,$228.02999877929688,35934600,$226,$228.85000610351562,$224.88999938964844
08/26/2024,$227.17999267578125,30602200,$226.75999450683594,$227.27999877929688,$223.88999938964844
08/23/2024,$226.83999633789062,38677300,$225.66000366210938,$228.22000122070312,$224.3300018310547
08/22/2024,$224.52999877929688,43695300,$227.7899932861328,$228.33999633789062,$223.89999389648438
08/21/2024,$226.39999389648438,34765500,$226.52000427246094,$227.97999572753906,$225.0500030517578
08/20/2024,$226.50999450683594,30299000,$225.77000427246094,$227.1699981689453,$225.4499969482422
08/19/2024,$225.88999938964844,40687800,$225.72000122070312,$225.99000549316406,$223.0399932861328
08/16/2024,$226.0500030517578,44340200,$223.9199981689453,$226.8300018310547,$223.64999389648438
08/15/2024,$224.72000122070312,46414000,$224.60000610351562,$225.35000610351562,$222.75999450683594
08/14/2024,$221.72000122070312,41960600,$220.57000732421875,$223.02999877929688,$219.6999969482422
08/13/2024,$221.27000427246094,44155300,$219.00999450683594,$221.88999938964844,$219.00999450683594
08/12/2024,$217.52999877929688,38028100,$216.07000732421875,$219.50999450683594,$215.60000610351562
08/09/2024,$216.24000549316406,42201600,$212.10000610351562,$216.77999877929688,$211.97000122070312
08/08/2024,$213.30999755859375,47161100,$213.11000061035156,$214.1999969482422,$208.8300018310547
08/07/2024,$209.82000732421875,63516400,$206.89999389648438,$213.63999938964844,$206.38999938964844
08/06/2024,$207.22999572753906,69660500,$205.3000030517578,$209.99000549316406,$201.07000732421875
08/05/2024,$209.27000427246094,119548600,$199.08999633789062,$213.5,$196
08/02/2024,$219.86000061035156,105568600,$219.14999389648438,$225.60000610351562,$217.7100067138672
08/01/2024,$218.36000061035156,62501000,$224.3699951171875,$224.47999572753906,$217.02000427246094
07/31/2024,$222.0800018310547,50036300,$221.44000244140625,$223.82000732421875,$220.6300048828125
07/30/2024,$218.8000030517578,41643800,$219.19000244140625,$220.3300018310547,$216.1199951171875
07/29/2024,$218.24000549316406,36311800,$216.9600067138672,$219.3000030517578,$215.75
07/26/2024,$217.9600067138672,41601300,$218.6999969482422,$219.49000549316406,$216.00999450683594
07/25/2024,$217.49000549316406,51391200,$218.92999267578125,$220.85000610351562,$214.6199951171875
07/24/2024,$218.5399932861328,61777600,$224,$224.8000030517578,$217.1300048828125
07/23/2024,$225.00999450683594,39960300,$224.3699951171875,$226.94000244140625,$222.67999267578125
07/22/2024,$223.9600067138672,48201800,$227.00999450683594,$227.77999877929688,$223.08999633789062
07/19/2024,$224.30999755859375,49151500,$224.82000732421875,$226.8000030517578,$223.27999877929688
07/18/2024,$224.17999267578125,66034600,$230.27999877929688,$230.44000244140625,$222.27000427246094
07/17/2024,$228.8800048828125,57345900,$229.4499969482422,$231.4600067138672,$226.63999938964844
07/16/2024,$234.82000732421875,43234300,$235,$236.27000427246094,$232.3300018310547
07/15/2024,$234.39999389648438,62631300,$236.47999572753906,$237.22999572753906,$233.08999633789062
07/12/2024,$230.5399932861328,53046500,$228.9199981689453,$232.63999938964844,$228.67999267578125
07/11/2024,$227.57000732421875,64710600,$231.38999938964844,$232.38999938964844,$225.77000427246094
07/10/2024,$232.97999572753906,62627700,$229.3000030517578,$233.0800018310547,$229.25
07/09/2024,$228.67999267578125,48076100,$227.92999267578125,$229.39999389648438,$226.3699951171875
07/08/2024,$227.82000732421875,59085900,$227.08999633789062,$227.85000610351562,$223.25
07/05/2024,$226.33999633789062,60412400,$221.64999389648438,$226.4499969482422,$221.64999389648438
07/03/2024,$221.5500030517578,37369800,$220,$221.5500030517578,$219.02999877929688
07/02/2024,$220.27000427246094,58046200,$216.14999389648438,$220.3800048828125,$215.10000610351562
07/01/2024,$216.75,60402900,$212.08999633789062,$217.50999450683594,$211.9199981689453
06/28/2024,$210.6199951171875,82542700,$215.77000427246094,$216.07000732421875,$210.3000030517578
06/27/2024,$214.10000610351562,49772700,$214.69000244140625,$215.74000549316406,$212.35000610351562
06/26/2024,$213.25,66213200,$211.5,$214.86000061035156,$210.63999938964844
06/25/2024,$209.07000732421875,55549700,$209.14999389648438,$211.3800048828125,$208.61000061035156
06/24/2024,$208.13999938964844,80727000,$207.72000122070312,$212.6999969482422,$206.58999633789062
06/21/2024,$207.49000549316406,241805100,$210.38999938964844,$211.88999938964844,$207.11000061035156
06/20/2024,$209.67999267578125,86172500,$213.92999267578125,$214.24000549316406,$208.85000610351562
06/18/2024,$214.2899932861328,79943300,$217.58999633789062,$218.6300048828125,$213
06/17/2024,$216.6699981689453,93728300,$213.3699951171875,$218.9499969482422,$212.72000122070312
06/14/2024,$212.49000549316406,70122700,$213.85000610351562,$215.1699981689453,$211.3000030517578
06/13/2024,$214.24000549316406,97862700,$214.74000549316406,$216.75,$211.60000610351562
06/12/2024,$213.07000732421875,198134300,$207.3699951171875,$220.1999969482422,$206.89999389648438
06/11/2024,$207.14999389648438,172373300,$193.64999389648438,$207.16000366210938,$193.6300048828125
06/10/2024,$193.1199951171875,97010200,$196.89999389648438,$197.3000030517578,$192.14999389648438
06/07/2024,$196.88999938964844,53103900,$194.64999389648438,$196.94000244140625,$194.13999938964844
06/06/2024,$194.47999572753906,41181800,$195.69000244140625,$196.5,$194.1699981689453
06/05/2024,$195.8699951171875,54156800,$195.39999389648438,$196.89999389648438,$194.8699951171875
06/04/2024,$194.35000610351562,47471400,$194.63999938964844,$195.32000732421875,$193.02999877929688
06/03/2024,$194.02999877929688,50080500,$192.89999389648438,$194.99000549316406,$192.52000427246094
05/31/2024,$192.25,75158300,$191.44000244140625,$192.57000732421875,$189.91000366210938
05/30/2024,$191.2899932861328,49889100,$190.75999450683594,$192.17999267578125,$190.6300048828125
05/29/2024,$190.2899932861328,53068000,$189.61000061035156,$192.25,$189.50999450683594
05/28/2024,$189.99000549316406,52280100,$191.50999450683594,$193,$189.10000610351562
05/24/2024,$189.97999572753906,36327000,$188.82000732421875,$190.5800018310547,$188.0399932861328
05/23/2024,$186.8800048828125,51005900,$190.97999572753906,$191,$186.6300048828125
05/22/2024,$190.89999389648438,34648500,$192.27000427246094,$192.82000732421875,$190.27000427246094
05/21/2024,$192.35000610351562,42309400,$191.08999633789062,$192.72999572753906,$190.9199981689453
05/20/2024,$191.0399932861328,44361300,$189.3300018310547,$191.9199981689453,$189.00999450683594
05/17/2024,$189.8699951171875,41282900,$189.50999450683594,$190.80999755859375,$189.17999267578125
05/16/2024,$189.83999633789062,52845200,$190.47000122070312,$191.10000610351562,$189.66000366210938
05/15/2024,$189.72000122070312,70400000,$187.91000366210938,$190.64999389648438,$187.3699951171875
05/14/2024,$187.42999267578125,52393600,$187.50999450683594,$188.3000030517578,$186.2899932861328
05/13/2024,$186.27999877929688,72044800,$185.44000244140625,$187.10000610351562,$184.6199951171875
05/10/2024,$183.0500030517578,50759500,$184.89999389648438,$185.08999633789062,$182.1300048828125
05/09/2024,$184.57000732421875,48983000,$182.55999755859375,$184.66000366210938,$182.11000061035156
05/08/2024,$182.74000549316406,45057100,$182.85000610351562,$183.07000732421875,$181.4499969482422
05/07/2024,$182.39999389648438,77305800,$183.4499969482422,$184.89999389648438,$181.32000732421875
05/06/2024,$181.7100067138672,78569700,$182.35000610351562,$184.1999969482422,$180.4199981689453
05/03/2024,$183.3800048828125,163224100,$186.64999389648438,$187,$182.66000366210938
05/02/2024,$173.02999877929688,94214900,$172.50999450683594,$173.4199981689453,$170.88999938964844
05/01/2024,$169.3000030517578,50383100,$169.5800018310547,$172.7100067138672,$169.11000061035156
04/30/2024,$170.3300018310547,65934800,$173.3300018310547,$174.99000549316406,$170
04/29/2024,$173.5,68169400,$173.3699951171875,$176.02999877929688,$173.10000610351562
04/26/2024,$169.3000030517578,44838400,$169.8800048828125,$171.33999633789062,$169.17999267578125
04/25/2024,$169.88999938964844,50558300,$169.52999877929688,$170.61000061035156,$168.14999389648438
04/24/2024,$169.02000427246094,48251800,$166.5399932861328,$169.3000030517578,$166.2100067138672
04/23/2024,$166.89999389648438,49537800,$165.35000610351562,$167.0500030517578,$164.9199981689453
04/22/2024,$165.83999633789062,48116400,$165.52000427246094,$167.25999450683594,$164.77000427246094
04/19/2024,$165,68149400,$166.2100067138672,$166.39999389648438,$164.0800018310547
04/18/2024,$167.0399932861328,43122900,$168.02999877929688,$168.63999938964844,$166.5500030517578
04/17/2024,$168,50901200,$169.61000061035156,$170.64999389648438,$168
04/16/2024,$169.3800048828125,73711200,$171.75,$173.75999450683594,$168.27000427246094
04/15/2024,$172.69000244140625,73531800,$175.36000061035156,$176.6300048828125,$172.5
04/12/2024,$176.5500030517578,101670900,$174.25999450683594,$178.36000061035156,$174.2100067138672
04/11/2024,$175.0399932861328,91070300,$168.33999633789062,$175.4600067138672,$168.16000366210938
04/10/2024,$167.77999877929688,49709300,$168.8000030517578,$169.08999633789062,$167.11000061035156
04/09/2024,$169.6699981689453,42373800,$168.6999969482422,$170.0800018310547,$168.35000610351562
04/08/2024,$168.4499969482422,37425500,$169.02999877929688,$169.1999969482422,$168.24000549316406
04/05/2024,$169.5800018310547,42104800,$169.58999633789062,$170.38999938964844,$168.9499969482422
04/04/2024,$168.82000732421875,53704400,$170.2899932861328,$171.9199981689453,$168.82000732421875
04/03/2024,$169.64999389648438,47691700,$168.7899932861328,$170.67999267578125,$168.5800018310547
04/02/2024,$168.83999633789062,49329500,$169.0800018310547,$169.33999633789062,$168.22999572753906
04/01/2024,$170.02999877929688,46240500,$171.19000244140625,$171.25,$169.47999572753906
03/28/2024,$171.47999572753906,65672700,$171.75,$172.22999572753906,$170.50999450683594
03/27/2024,$173.30999755859375,60273300,$170.41000366210938,$173.60000610351562,$170.11000061035156
03/26/2024,$169.7100067138672,57388400,$170,$171.4199981689453,$169.5800018310547
03/25/2024,$170.85000610351562,54288300,$170.57000732421875,$171.94000244140625,$169.4499969482422
03/22/2024,$172.27999877929688,71160100,$171.75999450683594,$173.0500030517578,$170.05999755859375
03/21/2024,$171.3699951171875,106181300,$177.0500030517578,$177.49000549316406,$170.83999633789062
03/20/2024,$178.6699981689453,53423100,$175.72000122070312,$178.6699981689453,$175.08999633789062
03/19/2024,$176.0800018310547,55215200,$174.33999633789062,$176.61000061035156,$173.02999877929688
03/18/2024,$173.72000122070312,75604200,$175.57000732421875,$177.7100067138672,$173.52000427246094
03/15/2024,$172.6199951171875,121752700,$171.1699981689453,$172.6199951171875,$170.2899932861328
03/14/2024,$173,72913500,$172.91000366210938,$174.30999755859375,$172.0500030517578
03/13/2024,$171.1300048828125,52488700,$172.77000427246094,$173.19000244140625,$170.75999450683594
03/12/2024,$173.22999572753906,59825400,$173.14999389648438,$174.02999877929688,$171.00999450683594
03/11/2024,$172.75,60139500,$172.94000244140625,$174.3800048828125,$172.0500030517578
03/08/2024,$170.72999572753906,76267000,$169,$173.6999969482422,$168.94000244140625
03/07/2024,$169,71765100,$169.14999389648438,$170.72999572753906,$168.49000549316406
03/06/2024,$169.1199951171875,68587700,$171.05999755859375,$171.24000549316406,$168.67999267578125
03/05/2024,$170.1199951171875,95132400,$170.75999450683594,$172.0399932861328,$169.6199951171875
03/04/2024,$175.10000610351562,81510100,$176.14999389648438,$176.89999389648438,$173.7899932861328
03/01/2024,$179.66000366210938,73563100,$179.5500030517578,$180.52999877929688,$177.3800048828125
02/29/2024,$180.75,136682600,$181.27000427246094,$182.57000732421875,$179.52999877929688
02/28/2024,$181.4199981689453,48953900,$182.50999450683594,$183.1199951171875,$180.1300048828125
02/27/2024,$182.6300048828125,54318900,$181.10000610351562,$183.9199981689453,$179.55999755859375
02/26/2024,$181.16000366210938,40867400,$182.24000549316406,$182.75999450683594,$180.64999389648438
02/23/2024,$182.52000427246094,45119700,$185.00999450683594,$185.0399932861328,$182.22999572753906
02/22/2024,$184.3699951171875,52292200,$183.47999572753906,$184.9600067138672,$182.4600067138672
02/21/2024,$182.32000732421875,41371400,$181.94000244140625,$182.88999938964844,$180.66000366210938
02/20/2024,$181.55999755859375,53665600,$181.7899932861328,$182.42999267578125,$180
02/16/2024,$182.30999755859375,49752500,$183.4199981689453,$184.85000610351562,$181.6699981689453
02/15/2024,$183.86000061035156,65434500,$183.5500030517578,$184.49000549316406,$181.35000610351562
02/14/2024,$184.14999389648438,54630500,$185.32000732421875,$185.52999877929688,$182.44000244140625
02/13/2024,$185.0399932861328,56529500,$185.77000427246094,$186.2100067138672,$183.50999450683594
02/12/2024,$187.14999389648438,41781900,$188.4199981689453,$188.6699981689453,$186.7899932861328
02/09/2024,$188.85000610351562,45155200,$188.64999389648438,$189.99000549316406,$188
02/08/2024,$188.32000732421875,40962000,$189.38999938964844,$189.5399932861328,$187.35000610351562
02/07/2024,$189.41000366210938,53439000,$190.63999938964844,$191.0500030517578,$188.61000061035156
02/06/2024,$189.3000030517578,43490800,$186.86000061035156,$189.30999755859375,$186.77000427246094
02/05/2024,$187.67999267578125,69668800,$188.14999389648438,$189.25,$185.83999633789062
02/02/2024,$185.85000610351562,102551700,$179.86000061035156,$187.3300018310547,$179.25
02/01/2024,$186.86000061035156,64885400,$183.99000549316406,$186.9499969482422,$183.82000732421875
01/31/2024,$184.39999389648438,55467800,$187.0399932861328,$187.10000610351562,$184.35000610351562
01/30/2024,$188.0399932861328,55859400,$190.94000244140625,$191.8000030517578,$187.47000122070312
01/29/2024,$191.72999572753906,47145600,$192.00999450683594,$192.1999969482422,$189.5800018310547
01/26/2024,$192.4199981689453,44594000,$194.27000427246094,$194.75999450683594,$191.94000244140625
01/25/2024,$194.1699981689453,54822100,$195.22000122070312,$196.27000427246094,$193.11000061035156
01/24/2024,$194.5,53631300,$195.4199981689453,$196.3800048828125,$194.33999633789062
01/23/2024,$195.17999267578125,42355600,$195.02000427246094,$195.75,$193.8300018310547
01/22/2024,$193.88999938964844,60133900,$192.3000030517578,$195.3300018310547,$192.25999450683594
01/19/2024,$191.55999755859375,68903000,$189.3300018310547,$191.9499969482422,$188.82000732421875
01/18/2024,$188.6300048828125,78005800,$186.08999633789062,$189.13999938964844,$185.8300018310547
01/17/2024,$182.67999267578125,47317400,$181.27000427246094,$182.92999267578125,$180.3000030517578
01/16/2024,$183.6300048828125,65603000,$182.16000366210938,$184.25999450683594,$180.92999267578125
01/12/2024,$185.9199981689453,40477800,$186.05999755859375,$186.74000549316406,$185.19000244140625
01/11/2024,$185.58999633789062,49128400,$186.5399932861328,$187.0500030517578,$183.6199951171875
01/10/2024,$186.19000244140625,46792900,$184.35000610351562,$186.39999389648438,$183.9199981689453
01/09/2024,$185.13999938964844,42841800,$183.9199981689453,$185.14999389648438,$182.72999572753906
01/08/2024,$185.55999755859375,59144500,$182.08999633789062,$185.60000610351562,$181.5
01/05/2024,$181.17999267578125,62379700,$181.99000549316406,$182.75999450683594,$180.1699981689453
01/04/2024,$181.91000366210938,71983600,$182.14999389648438,$183.08999633789062,$180.8800048828125
01/03/2024,$184.25,58414500,$184.22000122070312,$185.8800048828125,$183.42999267578125
01/02/2024,$185.63999938964844,82488700,$187.14999389648438,$188.44000244140625,$183.88999938964844
12/29/2023,$192.52999877929688,42672100,$193.89999389648438,$194.39999389648438,$191.72999572753906
12/28/2023,$193.5800018310547,34049900,$194.13999938964844,$194.66000366210938,$193.1699981689453
12/27/2023,$193.14999389648438,48087700,$192.49000549316406,$193.5,$191.08999633789062
12/26/2023,$193.0500030517578,28919300,$193.61000061035156,$193.88999938964844,$192.8300018310547
12/22/2023,$193.60000610351562,37149600,$195.17999267578125,$195.41000366210938,$192.97000122070312
12/21/2023,$194.67999267578125,46482500,$196.10000610351562,$197.0800018310547,$193.5
12/20/2023,$194.8300018310547,52242800,$196.89999389648438,$197.67999267578125,$194.8300018310547
12/19/2023,$196.94000244140625,40714100,$196.16000366210938,$196.9499969482422,$195.88999938964844
12/18/2023,$195.88999938964844,55751900,$196.08999633789062,$196.6300048828125,$194.38999938964844
12/15/2023,$197.57000732421875,128538400,$197.52999877929688,$198.39999389648438,$197
12/14/2023,$198.11000061035156,66831600,$198.02000427246094,$199.6199951171875,$196.16000366210938
12/13/2023,$197.9600067138672,70404200,$195.08999633789062,$198,$194.85000610351562
12/12/2023,$194.7100067138672,52696900,$193.0800018310547,$194.72000122070312,$191.72000122070312
12/11/2023,$193.17999267578125,60943700,$193.11000061035156,$193.49000549316406,$191.4199981689453
12/08/2023,$195.7100067138672,53406400,$194.1999969482422,$195.99000549316406,$193.6699981689453
12/07/2023,$194.27000427246094,47477700,$193.6300048828125,$195,$193.58999633789062
12/06/2023,$192.32000732421875,41089700,$194.4499969482422,$194.75999450683594,$192.11000061035156
12/05/2023,$193.4199981689453,66628400,$190.2100067138672,$194.39999389648438,$190.17999267578125
12/04/2023,$189.42999267578125,43389500,$189.97999572753906,$190.0500030517578,$187.4499969482422
12/01/2023,$191.24000549316406,45704800,$190.3300018310547,$191.55999755859375,$189.22999572753906
11/30/2023,$189.9499969482422,48794400,$189.83999633789062,$190.32000732421875,$188.19000244140625
11/29/2023,$189.3699951171875,43014200,$190.89999389648438,$192.08999633789062,$188.97000122070312
11/28/2023,$190.39999389648438,38415400,$189.77999877929688,$191.0800018310547,$189.39999389648438
11/27/2023,$189.7899932861328,40552600,$189.9199981689453,$190.6699981689453,$188.89999389648438
11/24/2023,$189.97000122070312,24048300,$190.8699951171875,$190.89999389648438,$189.25
11/22/2023,$191.30999755859375,39617700,$191.49000549316406,$192.92999267578125,$190.8300018310547
11/21/2023,$190.63999938964844,38134500,$191.41000366210938,$191.52000427246094,$189.74000549316406
11/20/2023,$191.4499969482422,46505100,$189.88999938964844,$191.91000366210938,$189.8800048828125
11/17/2023,$189.69000244140625,50922700,$190.25,$190.3800048828125,$188.57000732421875
11/16/2023,$189.7100067138672,54412900,$189.57000732421875,$190.9600067138672,$188.64999389648438
11/15/2023,$188.00999450683594,53790500,$187.85000610351562,$189.5,$187.77999877929688
11/14/2023,$187.44000244140625,60108400,$187.6999969482422,$188.11000061035156,$186.3000030517578
11/13/2023,$184.8000030517578,43627500,$185.82000732421875,$186.02999877929688,$184.2100067138672
11/10/2023,$186.39999389648438,66133400,$183.97000122070312,$186.57000732421875,$183.52999877929688
11/09/2023,$182.41000366210938,53763500,$182.9600067138672,$184.1199951171875,$181.80999755859375
11/08/2023,$182.88999938964844,49340300,$182.35000610351562,$183.4499969482422,$181.58999633789062
11/07/2023,$181.82000732421875,70530000,$179.17999267578125,$182.44000244140625,$178.97000122070312
11/06/2023,$179.22999572753906,63841300,$176.3800048828125,$179.42999267578125,$176.2100067138672
11/03/2023,$176.64999389648438,79829200,$174.24000549316406,$176.82000732421875,$173.35000610351562
11/02/2023,$177.57000732421875,77334800,$175.52000427246094,$177.77999877929688,$175.4600067138672
11/01/2023,$173.97000122070312,56934900,$171,$174.22999572753906,$170.1199951171875
10/31/2023,$170.77000427246094,44846000,$169.35000610351562,$170.89999389648438,$167.89999389648438
10/30/2023,$170.2899932861328,51131000,$169.02000427246094,$171.1699981689453,$168.8699951171875
10/27/2023,$168.22000122070312,58499100,$166.91000366210938,$168.9600067138672,$166.8300018310547
10/26/2023,$166.88999938964844,70625300,$170.3699951171875,$171.3800048828125,$165.6699981689453
10/25/2023,$171.10000610351562,57157000,$171.8800048828125,$173.05999755859375,$170.64999389648438
10/24/2023,$173.44000244140625,43816600,$173.0500030517578,$173.6699981689453,$171.4499969482422
10/23/2023,$173,55980100,$170.91000366210938,$174.00999450683594,$169.92999267578125
10/20/2023,$172.8800048828125,64244000,$175.30999755859375,$175.4199981689453,$172.63999938964844
10/19/2023,$175.4600067138672,59302900,$176.0399932861328,$177.83999633789062,$175.19000244140625
10/18/2023,$175.83999633789062,54764400,$175.5800018310547,$177.5800018310547,$175.11000061035156
10/17/2023,$177.14999389648438,57549400,$176.64999389648438,$178.4199981689453,$174.8000030517578
10/16/2023,$178.72000122070312,52517000,$176.75,$179.0800018310547,$176.50999450683594
10/13/2023,$178.85000610351562,51427100,$181.4199981689453,$181.92999267578125,$178.13999938964844
10/12/2023,$180.7100067138672,56743100,$180.07000732421875,$182.33999633789062,$179.0399932861328
10/11/2023,$179.8000030517578,47551100,$178.1999969482422,$179.85000610351562,$177.60000610351562
10/10/2023,$178.38999938964844,43698000,$178.10000610351562,$179.72000122070312,$177.9499969482422
10/09/2023,$178.99000549316406,42390800,$176.80999755859375,$179.0500030517578,$175.8000030517578
10/06/2023,$177.49000549316406,57266700,$173.8000030517578,$177.99000549316406,$173.17999267578125
10/05/2023,$174.91000366210938,48527900,$173.7899932861328,$175.4499969482422,$172.67999267578125
10/04/2023,$173.66000366210938,53020300,$171.08999633789062,$174.2100067138672,$170.97000122070312
10/03/2023,$172.39999389648438,49594600,$172.25999450683594,$173.6300048828125,$170.82000732421875
10/02/2023,$173.75,52164500,$171.22000122070312,$174.3000030517578,$170.92999267578125
09/29/2023,$171.2100067138672,51861100,$172.02000427246094,$173.07000732421875,$170.33999633789062
09/28/2023,$170.69000244140625,56294400,$169.33999633789062,$172.02999877929688,$167.6199951171875
09/27/2023,$170.42999267578125,66921800,$172.6199951171875,$173.0399932861328,$169.0500030517578
09/26/2023,$171.9600067138672,64588900,$174.82000732421875,$175.1999969482422,$171.66000366210938
09/25/2023,$176.0800018310547,46172700,$174.1999969482422,$176.97000122070312,$174.14999389648438
09/22/2023,$174.7899932861328,56725400,$174.6699981689453,$177.0800018310547,$174.0500030517578
09/21/2023,$173.92999267578125,63149100,$174.5500030517578,$176.3000030517578,$173.86000061035156
09/20/2023,$175.49000549316406,58436200,$179.25999450683594,$179.6999969482422,$175.39999389648438
09/19/2023,$179.07000732421875,51826900,$177.52000427246094,$179.6300048828125,$177.1300048828125
09/18/2023,$177.97000122070312,67257600,$176.47999572753906,$179.3800048828125,$176.1699981689453
09/15/2023,$175.00999450683594,109259500,$176.47999572753906,$176.5,$173.82000732421875
09/14/2023,$175.74000549316406,60895800,$174,$176.10000610351562,$173.5800018310547
09/13/2023,$174.2100067138672,84267900,$176.50999450683594,$177.3000030517578,$173.97999572753906
09/12/2023,$176.3000030517578,90370200,$179.49000549316406,$180.1300048828125,$174.82000732421875
09/11/2023,$179.36000061035156,58953100,$180.07000732421875,$180.3000030517578,$177.33999633789062
09/08/2023,$178.17999267578125,65551300,$178.35000610351562,$180.24000549316406,$177.7899932861328
09/07/2023,$177.55999755859375,112488800,$175.17999267578125,$178.2100067138672,$173.5399932861328
09/06/2023,$182.91000366210938,81755800,$188.39999389648438,$188.85000610351562,$181.47000122070312
09/05/2023,$189.6999969482422,45280000,$188.27999877929688,$189.97999572753906,$187.61000061035156
09/01/2023,$189.4600067138672,45766500,$189.49000549316406,$189.9199981689453,$188.27999877929688
08/31/2023,$187.8699951171875,60794500,$187.83999633789062,$189.1199951171875,$187.47999572753906
08/30/2023,$187.64999389648438,60813900,$184.94000244140625,$187.85000610351562,$184.74000549316406
08/29/2023,$184.1199951171875,53003900,$179.6999969482422,$184.89999389648438,$179.5
08/28/2023,$180.19000244140625,43820700,$180.08999633789062,$180.58999633789062,$178.5500030517578
08/25/2023,$178.61000061035156,51449600,$177.3800048828125,$179.14999389648438,$175.82000732421875
08/24/2023,$176.3800048828125,54945800,$180.6699981689453,$181.10000610351562,$176.00999450683594
08/23/2023,$181.1199951171875,52722800,$178.52000427246094,$181.5500030517578,$178.3300018310547
08/22/2023,$177.22999572753906,42038900,$177.05999755859375,$177.67999267578125,$176.25
08/21/2023,$175.83999633789062,46311900,$175.07000732421875,$176.1300048828125,$173.74000549316406
08/18/2023,$174.49000549316406,61172200,$172.3000030517578,$175.10000610351562,$171.9600067138672
08/17/2023,$174,66062900,$177.13999938964844,$177.50999450683594,$173.47999572753906
08/16/2023,$176.57000732421875,46964900,$177.1300048828125,$178.5399932861328,$176.5
08/15/2023,$177.4499969482422,43622600,$178.8800048828125,$179.47999572753906,$177.0500030517578
08/14/2023,$179.4600067138672,43675600,$177.97000122070312,$179.69000244140625,$177.30999755859375
08/11/2023,$177.7899932861328,52036700,$177.32000732421875,$178.6199951171875,$176.5500030517578
08/10/2023,$177.97000122070312,54686900,$179.47999572753906,$180.75,$177.60000610351562
08/09/2023,$178.19000244140625,60378500,$180.8699951171875,$180.92999267578125,$177.00999450683594
08/08/2023,$179.8000030517578,67823000,$179.69000244140625,$180.27000427246094,$177.5800018310547
08/07/2023,$178.85000610351562,97576100,$182.1300048828125,$183.1300048828125,$177.35000610351562
08/04/2023,$181.99000549316406,115956800,$185.52000427246094,$187.3800048828125,$181.9199981689453
08/03/2023,$191.1699981689453,61235200,$191.57000732421875,$192.3699951171875,$190.69000244140625
08/02/2023,$192.5800018310547,50389300,$195.0399932861328,$195.17999267578125,$191.85000610351562
08/01/2023,$195.61000061035156,35175100,$196.24000549316406,$196.72999572753906,$195.27999877929688
07/31/2023,$196.4499969482422,38824100,$196.05999755859375,$196.49000549316406,$195.25999450683594
07/28/2023,$195.8300018310547,48291400,$194.6699981689453,$196.6300048828125,$194.13999938964844
07/27/2023,$193.22000122070312,47460200,$196.02000427246094,$197.1999969482422,$192.5500030517578
07/26/2023,$194.5,47471900,$193.6699981689453,$195.63999938964844,$193.32000732421875
07/25/2023,$193.6199951171875,37283200,$193.3300018310547,$194.44000244140625,$192.9199981689453
07/24/2023,$192.75,45377800,$193.41000366210938,$194.91000366210938,$192.25
07/21/2023,$191.94000244140625,71951700,$194.10000610351562,$194.97000122070312,$191.22999572753906
07/20/2023,$193.1300048828125,59581200,$195.08999633789062,$196.47000122070312,$192.5
07/19/2023,$195.10000610351562,80507300,$193.10000610351562,$198.22999572753906,$192.64999389648438
07/18/2023,$193.72999572753906,48288200,$193.35000610351562,$194.3300018310547,$192.4199981689453
07/17/2023,$193.99000549316406,50520200,$191.89999389648438,$194.32000732421875,$191.80999755859375
07/14/2023,$190.69000244140625,41616200,$190.22999572753906,$191.17999267578125,$189.6300048828125
07/13/2023,$190.5399932861328,41342300,$190.5,$191.19000244140625,$189.77999877929688
07/12/2023,$189.77000427246094,60750200,$189.67999267578125,$191.6999969482422,$188.47000122070312
07/11/2023,$188.0800018310547,46638100,$189.16000366210938,$189.3000030517578,$186.60000610351562
07/10/2023,$188.61000061035156,59922200,$189.25999450683594,$189.99000549316406,$187.0399932861328
07/07/2023,$190.67999267578125,46815000,$191.41000366210938,$192.6699981689453,$190.24000549316406
07/06/2023,$191.80999755859375,45094300,$189.83999633789062,$192.02000427246094,$189.1999969482422
07/05/2023,$191.3300018310547,46920300,$191.57000732421875,$192.97999572753906,$190.6199951171875
07/03/2023,$192.4600067138672,31458200,$193.77999877929688,$193.8800048828125,$191.75999450683594
06/30/2023,$193.97000122070312,85213200,$191.6300048828125,$194.47999572753906,$191.25999450683594
06/29/2023,$189.58999633789062,46347300,$189.0800018310547,$190.07000732421875,$188.94000244140625
06/28/2023,$189.25,51216800,$187.92999267578125,$189.89999389648438,$187.60000610351562
06/27/2023,$188.05999755859375,50730800,$185.88999938964844,$188.38999938964844,$185.6699981689453
06/26/2023,$185.27000427246094,48088700,$186.8300018310547,$188.0500030517578,$185.22999572753906
06/23/2023,$186.67999267578125,53117000,$185.5500030517578,$187.55999755859375,$185.00999450683594
06/22/2023,$187,51245300,$183.74000549316406,$187.0500030517578,$183.6699981689453
06/21/2023,$183.9600067138672,49515700,$184.89999389648438,$185.41000366210938,$182.58999633789062
06/20/2023,$185.00999450683594,49799100,$184.41000366210938,$186.10000610351562,$184.41000366210938
06/16/2023,$184.9199981689453,101256200,$186.72999572753906,$186.99000549316406,$184.27000427246094
06/15/2023,$186.00999450683594,65433200,$183.9600067138672,$186.52000427246094,$183.77999877929688
06/14/2023,$183.9499969482422,57462900,$183.3699951171875,$184.38999938964844,$182.02000427246094
06/13/2023,$183.30999755859375,54929100,$182.8000030517578,$184.14999389648438,$182.44000244140625
06/12/2023,$183.7899932861328,54274900,$181.27000427246094,$183.88999938964844,$180.97000122070312
06/09/2023,$180.9600067138672,48900000,$181.5,$182.22999572753906,$180.6300048828125
06/08/2023,$180.57000732421875,50214900,$177.89999389648438,$180.83999633789062,$177.4600067138672
06/07/2023,$177.82000732421875,61944600,$178.44000244140625,$181.2100067138672,$177.32000732421875
06/06/2023,$179.2100067138672,64848400,$179.97000122070312,$180.1199951171875,$177.42999267578125
06/05/2023,$179.5800018310547,121946500,$182.6300048828125,$184.9499969482422,$178.0399932861328
06/02/2023,$180.9499969482422,61996900,$181.02999877929688,$181.77999877929688,$179.25999450683594
06/01/2023,$180.08999633789062,68901800,$177.6999969482422,$180.1199951171875,$176.92999267578125
05/31/2023,$177.25,99625300,$177.3300018310547,$179.35000610351562,$176.75999450683594
05/30/2023,$177.3000030517578,55964400,$176.9600067138672,$178.99000549316406,$176.57000732421875
05/26/2023,$175.42999267578125,54835000,$173.32000732421875,$175.77000427246094,$173.11000061035156
05/25/2023,$172.99000549316406,56058300,$172.41000366210938,$173.89999389648438,$171.69000244140625
05/24/2023,$171.83999633789062,45143500,$171.08999633789062,$172.4199981689453,$170.52000427246094
05/23/2023,$171.55999755859375,50747300,$173.1300048828125,$173.3800048828125,$171.27999877929688
05/22/2023,$174.1999969482422,43570900,$173.97999572753906,$174.7100067138672,$173.4499969482422
05/19/2023,$175.16000366210938,55809500,$176.38999938964844,$176.38999938964844,$174.94000244140625
05/18/2023,$175.0500030517578,65496700,$173,$175.24000549316406,$172.5800018310547
05/17/2023,$172.69000244140625,57951600,$171.7100067138672,$172.92999267578125,$170.4199981689453
05/16/2023,$172.07000732421875,42110300,$171.99000549316406,$173.13999938964844,$171.8000030517578
05/15/2023,$172.07000732421875,37266700,$173.16000366210938,$173.2100067138672,$171.47000122070312
05/12/2023,$172.57000732421875,45533100,$173.6199951171875,$174.05999755859375,$171
05/11/2023,$173.75,49514700,$173.85000610351562,$174.58999633789062,$172.1699981689453
05/10/2023,$173.55999755859375,53724500,$173.02000427246094,$174.02999877929688,$171.89999389648438
05/09/2023,$171.77000427246094,45326900,$173.0500030517578,$173.5399932861328,$171.60000610351562
05/08/2023,$173.5,55962800,$172.47999572753906,$173.85000610351562,$172.11000061035156
05/05/2023,$173.57000732421875,113453200,$170.97999572753906,$174.3000030517578,$170.75999450683594
05/04/2023,$165.7899932861328,81235400,$164.88999938964844,$167.0399932861328,$164.30999755859375
05/03/2023,$167.4499969482422,65136000,$169.5,$170.9199981689453,$167.16000366210938
05/02/2023,$168.5399932861328,48425700,$170.08999633789062,$170.35000610351562,$167.5399932861328
05/01/2023,$169.58999633789062,52472900,$169.27999877929688,$170.4499969482422,$168.63999938964844
04/28/2023,$169.67999267578125,55275900,$168.49000549316406,$169.85000610351562,$167.8800048828125
04/27/2023,$168.41000366210938,64902300,$165.19000244140625,$168.55999755859375,$165.19000244140625
04/26/2023,$163.75999450683594,45498800,$163.05999755859375,$165.27999877929688,$162.8000030517578
04/25/2023,$163.77000427246094,48714100,$165.19000244140625,$166.30999755859375,$163.72999572753906
04/24/2023,$165.3300018310547,41949600,$165,$165.60000610351562,$163.88999938964844
04/21/2023,$165.02000427246094,58337300,$165.0500030517578,$166.4499969482422,$164.49000549316406
04/20/2023,$166.64999389648438,52456400,$166.08999633789062,$167.8699951171875,$165.55999755859375
04/19/2023,$167.6300048828125,47720200,$165.8000030517578,$168.16000366210938,$165.5399932861328
04/18/2023,$166.47000122070312,49923000,$166.10000610351562,$167.41000366210938,$165.64999389648438
04/17/2023,$165.22999572753906,41516200,$165.08999633789062,$165.38999938964844,$164.02999877929688
04/14/2023,$165.2100067138672,49386500,$164.58999633789062,$166.32000732421875,$163.82000732421875
04/13/2023,$165.55999755859375,68445600,$161.6300048828125,$165.8000030517578,$161.4199981689453
04/12/2023,$160.10000610351562,50133100,$161.22000122070312,$162.05999755859375,$159.77999877929688
04/11/2023,$160.8000030517578,47644200,$162.35000610351562,$162.36000061035156,$160.50999450683594
04/10/2023,$162.02999877929688,47716900,$161.4199981689453,$162.02999877929688,$160.0800018310547
04/06/2023,$164.66000366210938,45390100,$162.42999267578125,$164.9600067138672,$162
04/05/2023,$163.75999450683594,51511700,$164.74000549316406,$165.0500030517578,$161.8000030517578
04/04/2023,$165.6300048828125,46278300,$166.60000610351562,$166.83999633789062,$165.11000061035156
04/03/2023,$166.1699981689453,56976200,$164.27000427246094,$166.2899932861328,$164.22000122070312
03/31/2023,$164.89999389648438,68749800,$162.44000244140625,$165,$161.91000366210938
03/30/2023,$162.36000061035156,49501700,$161.52999877929688,$162.47000122070312,$161.27000427246094
03/29/2023,$160.77000427246094,51305700,$159.3699951171875,$161.0500030517578,$159.35000610351562
03/28/2023,$157.64999389648438,45992200,$157.97000122070312,$158.49000549316406,$155.97999572753906
03/27/2023,$158.27999877929688,52390300,$159.94000244140625,$160.77000427246094,$157.8699951171875
03/24/2023,$160.25,59196500,$158.86000061035156,$160.33999633789062,$157.85000610351562
03/23/2023,$158.92999267578125,67622100,$158.8300018310547,$161.5500030517578,$157.67999267578125
03/22/2023,$157.8300018310547,75701800,$159.3000030517578,$162.13999938964844,$157.80999755859375
03/21/2023,$159.27999877929688,73938300,$157.32000732421875,$159.39999389648438,$156.5399932861328
03/20/2023,$157.39999389648438,73641400,$155.07000732421875,$157.82000732421875,$154.14999389648438
03/17/2023,$155,98944600,$156.0800018310547,$156.74000549316406,$154.27999877929688
03/16/2023,$155.85000610351562,76161100,$152.16000366210938,$156.4600067138672,$151.63999938964844
03/15/2023,$152.99000549316406,77167900,$151.19000244140625,$153.25,$149.9199981689453
03/14/2023,$152.58999633789062,73695900,$151.27999877929688,$153.39999389648438,$150.10000610351562
03/13/2023,$150.47000122070312,84457100,$147.80999755859375,$153.13999938964844,$147.6999969482422
03/10/2023,$148.5,68572400,$150.2100067138672,$150.94000244140625,$147.61000061035156
03/09/2023,$150.58999633789062,53833600,$153.55999755859375,$154.5399932861328,$150.22999572753906
03/08/2023,$152.8699951171875,47204800,$152.80999755859375,$153.47000122070312,$151.8300018310547
03/07/2023,$151.60000610351562,56182000,$153.6999969482422,$154.02999877929688,$151.1300048828125
03/06/2023,$153.8300018310547,87558000,$153.7899932861328,$156.3000030517578,$153.4600067138672
03/03/2023,$151.02999877929688,70732300,$148.0399932861328,$151.11000061035156,$147.3300018310547
03/02/2023,$145.91000366210938,52238100,$144.3800048828125,$146.7100067138672,$143.89999389648438
03/01/2023,$145.30999755859375,55479000,$146.8300018310547,$147.22999572753906,$145.00999450683594
02/28/2023,$147.41000366210938,50547000,$147.0500030517578,$149.0800018310547,$146.8300018310547
02/27/2023,$147.9199981689453,44998500,$147.7100067138672,$149.1699981689453,$147.4499969482422
02/24/2023,$146.7100067138672,55469600,$147.11000061035156,$147.19000244140625,$145.72000122070312
02/23/2023,$149.39999389648438,48394200,$150.08999633789062,$150.33999633789062,$147.24000549316406
02/22/2023,$148.91000366210938,51011300,$148.8699951171875,$149.9499969482422,$147.16000366210938
02/21/2023,$148.47999572753906,58867200,$150.1999969482422,$151.3000030517578,$148.41000366210938
02/17/2023,$152.5500030517578,59144100,$152.35000610351562,$153,$150.85000610351562
02/16/2023,$153.7100067138672,68167900,$153.50999450683594,$156.3300018310547,$153.35000610351562
02/15/2023,$155.3300018310547,65573800,$153.11000061035156,$155.5,$152.8800048828125
02/14/2023,$153.1999969482422,61707600,$152.1199951171875,$153.77000427246094,$150.86000061035156
02/13/2023,$153.85000610351562,62199000,$150.9499969482422,$154.25999450683594,$150.9199981689453
02/10/2023,$151.00999450683594,57450700,$149.4600067138672,$151.33999633789062,$149.22000122070312
02/09/2023,$150.8699951171875,56007100,$153.77999877929688,$154.3300018310547,$150.4199981689453
02/08/2023,$151.9199981689453,64120100,$153.8800048828125,$154.5800018310547,$151.1699981689453
02/07/2023,$154.64999389648438,83322600,$150.63999938964844,$155.22999572753906,$150.63999938964844
02/06/2023,$151.72999572753906,69858300,$152.57000732421875,$153.10000610351562,$150.77999877929688
02/03/2023,$154.5,154357300,$148.02999877929688,$157.3800048828125,$147.8300018310547
02/02/2023,$150.82000732421875,118339000,$148.89999389648438,$151.17999267578125,$148.1699981689453
02/01/2023,$145.42999267578125,77663600,$143.97000122070312,$146.61000061035156,$141.32000732421875
01/31/2023,$144.2899932861328,65874500,$142.6999969482422,$144.33999633789062,$142.27999877929688
01/30/2023,$143,64015300,$144.9600067138672,$145.5500030517578,$142.85000610351562
01/27/2023,$145.92999267578125,70555800,$143.16000366210938,$147.22999572753906,$143.0800018310547
01/26/2023,$143.9600067138672,54105100,$143.1699981689453,$144.25,$141.89999389648438
01/25/2023,$141.86000061035156,65799300,$140.88999938964844,$142.42999267578125,$138.80999755859375
01/24/2023,$142.52999877929688,66435100,$140.30999755859375,$143.16000366210938,$140.3000030517578
01/23/2023,$141.11000061035156,81760300,$138.1199951171875,$143.32000732421875,$137.89999389648438
01/20/2023,$137.8699951171875,80223600,$135.27999877929688,$138.02000427246094,$134.22000122070312
01/19/2023,$135.27000427246094,58280400,$134.0800018310547,$136.25,$133.77000427246094
01/18/2023,$135.2100067138672,69672800,$136.82000732421875,$138.61000061035156,$135.02999877929688
01/17/2023,$135.94000244140625,63646600,$134.8300018310547,$137.2899932861328,$134.1300048828125
01/13/2023,$134.75999450683594,57809700,$132.02999877929688,$134.9199981689453,$131.66000366210938
01/12/2023,$133.41000366210938,71379600,$133.8800048828125,$134.25999450683594,$131.44000244140625
01/11/2023,$133.49000549316406,69458900,$131.25,$133.50999450683594,$130.4600067138672
01/10/2023,$130.72999572753906,63896200,$130.25999450683594,$131.25999450683594,$128.1199951171875
01/09/2023,$130.14999389648438,70790800,$130.47000122070312,$133.41000366210938,$129.88999938964844
01/06/2023,$129.6199951171875,87754700,$126.01000213623047,$130.2899932861328,$124.88999938964844
01/05/2023,$125.0199966430664,80962700,$127.12999725341797,$127.7699966430664,$124.76000213623047
01/04/2023,$126.36000061035156,89113600,$126.88999938964844,$128.66000366210938,$125.08000183105469
01/03/2023,$125.06999969482422,112117500,$130.27999877929688,$130.89999389648438,$124.16999816894531
12/30/2022,$129.92999267578125,77034200,$128.41000366210938,$129.9499969482422,$127.43000030517578
12/29/2022,$129.61000061035156,75703700,$127.98999786376953,$130.47999572753906,$127.7300033569336
12/28/2022,$126.04000091552734,85438400,$129.6699981689453,$131.02999877929688,$125.87000274658203
12/27/2022,$130.02999877929688,69007800,$131.3800048828125,$131.41000366210938,$128.72000122070312
12/23/2022,$131.86000061035156,63814900,$130.9199981689453,$132.4199981689453,$129.63999938964844
12/22/2022,$132.22999572753906,77852100,$134.35000610351562,$134.55999755859375,$130.3000030517578
12/21/2022,$135.4499969482422,85928000,$132.97999572753906,$136.80999755859375,$132.75
12/20/2022,$132.3000030517578,77432800,$131.38999938964844,$133.25,$129.88999938964844
12/19/2022,$132.3699951171875,79592600,$135.11000061035156,$135.1999969482422,$131.32000732421875
12/16/2022,$134.50999450683594,160156900,$136.69000244140625,$137.64999389648438,$133.72999572753906
12/15/2022,$136.5,98931900,$141.11000061035156,$141.8000030517578,$136.02999877929688
12/14/2022,$143.2100067138672,82291200,$145.35000610351562,$146.66000366210938,$141.16000366210938
12/13/2022,$145.47000122070312,93886200,$149.5,$149.97000122070312,$144.24000549316406
12/12/2022,$144.49000549316406,70462700,$142.6999969482422,$144.5,$141.05999755859375
12/09/2022,$142.16000366210938,76097000,$142.33999633789062,$145.57000732421875,$140.89999389648438
12/08/2022,$142.64999389648438,62128300,$142.36000061035156,$143.52000427246094,$141.10000610351562
12/07/2022,$140.94000244140625,69721100,$142.19000244140625,$143.3699951171875,$140
12/06/2022,$142.91000366210938,64727200,$147.07000732421875,$147.3000030517578,$141.9199981689453
12/05/2022,$146.6300048828125,68826400,$147.77000427246094,$150.9199981689453,$145.77000427246094
12/02/2022,$147.80999755859375,65447400,$145.9600067138672,$148,$145.64999389648438
12/01/2022,$148.30999755859375,71250400,$148.2100067138672,$149.1300048828125,$146.61000061035156
11/30/2022,$148.02999877929688,111380900,$141.39999389648438,$148.72000122070312,$140.5500030517578
11/29/2022,$141.1699981689453,83763800,$144.2899932861328,$144.80999755859375,$140.35000610351562
11/28/2022,$144.22000122070312,69246000,$145.13999938964844,$146.63999938964844,$143.3800048828125
11/25/2022,$148.11000061035156,35195900,$148.30999755859375,$148.8800048828125,$147.1199951171875
11/23/2022,$151.07000732421875,58301400,$149.4499969482422,$151.8300018310547,$149.33999633789062
11/22/2022,$150.17999267578125,51804100,$148.1300048828125,$150.4199981689453,$146.92999267578125
11/21/2022,$148.00999450683594,58724100,$150.16000366210938,$150.3699951171875,$147.72000122070312
11/18/2022,$151.2899932861328,74829600,$152.30999755859375,$152.6999969482422,$149.97000122070312
11/17/2022,$150.72000122070312,80389400,$146.42999267578125,$151.47999572753906,$146.14999389648438
11/16/2022,$148.7899932861328,64218300,$149.1300048828125,$149.8699951171875,$147.2899932861328
11/15/2022,$150.0399932861328,89868300,$152.22000122070312,$153.58999633789062,$148.55999755859375
11/14/2022,$148.27999877929688,73374100,$148.97000122070312,$150.27999877929688,$147.42999267578125
11/11/2022,$149.6999969482422,93979700,$145.82000732421875,$150.00999450683594,$144.3699951171875
11/10/2022,$146.8699951171875,118854000,$141.24000549316406,$146.8699951171875,$139.5
11/09/2022,$134.8699951171875,74917800,$138.5,$138.5500030517578,$134.58999633789062
11/08/2022,$139.5,89908500,$140.41000366210938,$141.42999267578125,$137.49000549316406
11/07/2022,$138.9199981689453,83374600,$137.11000061035156,$139.14999389648438,$135.6699981689453
11/04/2022,$138.3800048828125,140814800,$142.08999633789062,$142.6699981689453,$134.3800048828125
11/03/2022,$138.8800048828125,97918500,$142.05999755859375,$142.8000030517578,$138.75
11/02/2022,$145.02999877929688,93604600,$148.9499969482422,$152.1699981689453,$145
11/01/2022,$150.64999389648438,80379300,$155.0800018310547,$155.4499969482422,$149.1300048828125
10/31/2022,$153.33999633789062,97943200,$153.16000366210938,$154.24000549316406,$151.9199981689453
10/28/2022,$155.74000549316406,164762400,$148.1999969482422,$157.5,$147.82000732421875
10/27/2022,$144.8000030517578,109180200,$148.07000732421875,$149.0500030517578,$144.1300048828125
10/26/2022,$149.35000610351562,88194300,$150.9600067138672,$151.99000549316406,$148.0399932861328
10/25/2022,$152.33999633789062,74732300,$150.08999633789062,$152.49000549316406,$149.36000061035156
10/24/2022,$149.4499969482422,75981900,$147.19000244140625,$150.22999572753906,$146
10/21/2022,$147.27000427246094,86548600,$142.8699951171875,$147.85000610351562,$142.64999389648438
10/20/2022,$143.38999938964844,64522000,$143.02000427246094,$145.88999938964844,$142.64999389648438
10/19/2022,$143.86000061035156,61758300,$141.69000244140625,$144.9499969482422,$141.5
10/18/2022,$143.75,99136600,$145.49000549316406,$146.6999969482422,$140.61000061035156
10/17/2022,$142.41000366210938,85250900,$141.07000732421875,$142.89999389648438,$140.27000427246094
10/14/2022,$138.3800048828125,88598000,$144.30999755859375,$144.52000427246094,$138.19000244140625
10/13/2022,$142.99000549316406,113224000,$134.99000549316406,$143.58999633789062,$134.3699951171875
10/12/2022,$138.33999633789062,70433700,$139.1300048828125,$140.36000061035156,$138.16000366210938
10/11/2022,$138.97999572753906,77033700,$139.89999389648438,$141.35000610351562,$138.22000122070312
10/10/2022,$140.4199981689453,74899000,$140.4199981689453,$141.88999938964844,$138.57000732421875
10/07/2022,$140.08999633789062,85925600,$142.5399932861328,$143.10000610351562,$139.4499969482422
10/06/2022,$145.42999267578125,68402200,$145.80999755859375,$147.5399932861328,$145.22000122070312
10/05/2022,$146.39999389648438,79471000,$144.07000732421875,$147.3800048828125,$143.00999450683594
10/04/2022,$146.10000610351562,87830100,$145.02999877929688,$146.22000122070312,$144.25999450683594
10/03/2022,$142.4499969482422,114311700,$138.2100067138672,$143.07000732421875,$137.69000244140625
09/30/2022,$138.1999969482422,124925300,$141.27999877929688,$143.10000610351562,$138
09/29/2022,$142.47999572753906,128138200,$146.10000610351562,$146.72000122070312,$140.67999267578125
09/28/2022,$149.83999633789062,146691400,$147.63999938964844,$150.63999938964844,$144.83999633789062
09/27/2022,$151.75999450683594,84442700,$152.74000549316406,$154.72000122070312,$149.9499969482422
09/26/2022,$150.77000427246094,93339400,$149.66000366210938,$153.77000427246094,$149.63999938964844
09/23/2022,$150.42999267578125,96029900,$151.19000244140625,$151.47000122070312,$148.55999755859375
09/22/2022,$152.74000549316406,86652500,$152.3800048828125,$154.47000122070312,$150.91000366210938
09/21/2022,$153.72000122070312,101696800,$157.33999633789062,$158.74000549316406,$153.60000610351562
09/20/2022,$156.89999389648438,107689800,$153.39999389648438,$158.0800018310547,$153.0800018310547
09/19/2022,$154.47999572753906,81474200,$149.30999755859375,$154.55999755859375,$149.10000610351562
09/16/2022,$150.6999969482422,162278800,$151.2100067138672,$151.35000610351562,$148.3699951171875
09/15/2022,$152.3699951171875,90481100,$154.64999389648438,$155.24000549316406,$151.3800048828125
09/14/2022,$155.30999755859375,87965400,$154.7899932861328,$157.10000610351562,$153.61000061035156
09/13/2022,$153.83999633789062,122656600,$159.89999389648438,$160.5399932861328,$153.3699951171875
09/12/2022,$163.42999267578125,104956000,$159.58999633789062,$164.25999450683594,$159.3000030517578
09/09/2022,$157.3699951171875,68028800,$155.47000122070312,$157.82000732421875,$154.75
09/08/2022,$154.4600067138672,84923800,$154.63999938964844,$156.36000061035156,$152.67999267578125
09/07/2022,$155.9600067138672,87449600,$154.82000732421875,$156.6699981689453,$153.61000061035156
09/06/2022,$154.52999877929688,73714800,$156.47000122070312,$157.08999633789062,$153.69000244140625
09/02/2022,$155.80999755859375,76957800,$159.75,$160.36000061035156,$154.97000122070312
09/01/2022,$157.9600067138672,74229900,$156.63999938964844,$158.4199981689453,$154.6699981689453
08/31/2022,$157.22000122070312,87991100,$160.30999755859375,$160.5800018310547,$157.13999938964844
08/30/2022,$158.91000366210938,77906200,$162.1300048828125,$162.55999755859375,$157.72000122070312
08/29/2022,$161.3800048828125,73314000,$161.14999389648438,$162.89999389648438,$159.82000732421875
08/26/2022,$163.6199951171875,78961000,$170.57000732421875,$171.0500030517578,$163.55999755859375
08/25/2022,$170.02999877929688,51218200,$168.77999877929688,$170.13999938964844,$168.35000610351562
08/24/2022,$167.52999877929688,53841500,$167.32000732421875,$168.11000061035156,$166.25
08/23/2022,$167.22999572753906,54147100,$167.0800018310547,$168.7100067138672,$166.64999389648438
08/22/2022,$167.57000732421875,69026800,$169.69000244140625,$169.86000061035156,$167.13999938964844
08/19/2022,$171.52000427246094,70346300,$173.02999877929688,$173.74000549316406,$171.30999755859375
08/18/2022,$174.14999389648438,62290100,$173.75,$174.89999389648438,$173.1199951171875
08/17/2022,$174.5500030517578,79542000,$172.77000427246094,$176.14999389648438,$172.57000732421875
08/16/2022,$173.02999877929688,56377100,$172.77999877929688,$173.7100067138672,$171.66000366210938
08/15/2022,$173.19000244140625,54091700,$171.52000427246094,$173.38999938964844,$171.35000610351562
08/12/2022,$172.10000610351562,68039400,$169.82000732421875,$172.1699981689453,$169.39999389648438
08/11/2022,$168.49000549316406,57149200,$170.05999755859375,$170.99000549316406,$168.19000244140625
08/10/2022,$169.24000549316406,70170500,$167.67999267578125,$169.33999633789062,$166.89999389648438
08/09/2022,$164.9199981689453,63135500,$164.02000427246094,$165.82000732421875,$163.25
08/08/2022,$164.8699951171875,60276900,$166.3699951171875,$167.80999755859375,$164.1999969482422
08/05/2022,$165.35000610351562,56697000,$163.2100067138672,$165.85000610351562,$163
08/04/2022,$165.80999755859375,55474100,$166.00999450683594,$167.19000244140625,$164.42999267578125
08/03/2022,$166.1300048828125,82507500,$160.83999633789062,$166.58999633789062,$160.75
08/02/2022,$160.00999450683594,59907000,$160.10000610351562,$162.41000366210938,$159.6300048828125
08/01/2022,$161.50999450683594,67829400,$161.00999450683594,$163.58999633789062,$160.88999938964844
07/29/2022,$162.50999450683594,101786900,$161.24000549316406,$163.6300048828125,$159.5
07/28/2022,$157.35000610351562,81378700,$156.97999572753906,$157.63999938964844,$154.41000366210938
07/27/2022,$156.7899932861328,78620700,$152.5800018310547,$157.3300018310547,$152.16000366210938
07/26/2022,$151.60000610351562,55138700,$152.25999450683594,$153.08999633789062,$150.8000030517578
07/25/2022,$152.9499969482422,53623900,$154.00999450683594,$155.0399932861328,$152.27999877929688
07/22/2022,$154.08999633789062,66675400,$155.38999938964844,$156.27999877929688,$153.41000366210938
07/21/2022,$155.35000610351562,65086600,$154.5,$155.57000732421875,$151.94000244140625
07/20/2022,$153.0399932861328,64823400,$151.1199951171875,$153.72000122070312,$150.3699951171875
07/19/2022,$151,82982400,$147.9199981689453,$151.22999572753906,$146.91000366210938
07/18/2022,$147.07000732421875,81420900,$150.74000549316406,$151.57000732421875,$146.6999969482422
07/15/2022,$150.1699981689453,76259900,$149.77999877929688,$150.86000061035156,$148.1999969482422
07/14/2022,$148.47000122070312,78140700,$144.0800018310547,$148.9499969482422,$143.25
07/13/2022,$145.49000549316406,71185600,$142.99000549316406,$146.4499969482422,$142.1199951171875
07/12/2022,$145.86000061035156,77588800,$145.75999450683594,$148.4499969482422,$145.0500030517578
07/11/2022,$144.8699951171875,63141600,$145.6699981689453,$146.63999938964844,$143.77999877929688
07/08/2022,$147.0399932861328,64547800,$145.25999450683594,$147.5500030517578,$145
07/07/2022,$146.35000610351562,66253700,$143.2899932861328,$146.5500030517578,$143.27999877929688
07/06/2022,$142.9199981689453,74064300,$141.35000610351562,$144.1199951171875,$141.0800018310547
07/05/2022,$141.55999755859375,73353800,$137.77000427246094,$141.61000061035156,$136.92999267578125
07/01/2022,$138.92999267578125,71051600,$136.0399932861328,$139.0399932861328,$135.66000366210938
06/30/2022,$136.72000122070312,98964500,$137.25,$138.3699951171875,$133.77000427246094
06/29/2022,$139.22999572753906,66242400,$137.4600067138672,$140.6699981689453,$136.6699981689453
06/28/2022,$137.44000244140625,67083400,$142.1300048828125,$143.4199981689453,$137.32000732421875
06/27/2022,$141.66000366210938,70207900,$142.6999969482422,$143.49000549316406,$140.97000122070312
06/24/2022,$141.66000366210938,89116800,$139.89999389648438,$141.91000366210938,$139.77000427246094
06/23/2022,$138.27000427246094,72433800,$136.82000732421875,$138.58999633789062,$135.6300048828125
06/22/2022,$135.35000610351562,73409200,$134.7899932861328,$137.75999450683594,$133.91000366210938
06/21/2022,$135.8699951171875,81000500,$133.4199981689453,$137.05999755859375,$133.32000732421875
06/17/2022,$131.55999755859375,134520300,$130.07000732421875,$133.0800018310547,$129.80999755859375
06/16/2022,$130.05999755859375,108123900,$132.0800018310547,$132.38999938964844,$129.0399932861328
06/15/2022,$135.42999267578125,91533000,$134.2899932861328,$137.33999633789062,$132.16000366210938
06/14/2022,$132.75999450683594,84784300,$133.1300048828125,$133.88999938964844,$131.47999572753906
06/13/2022,$131.8800048828125,122207100,$132.8699951171875,$135.1999969482422,$131.44000244140625
06/10/2022,$137.1300048828125,91437900,$140.27999877929688,$140.75999450683594,$137.05999755859375
06/09/2022,$142.63999938964844,69473000,$147.0800018310547,$147.9499969482422,$142.52999877929688
06/08/2022,$147.9600067138672,53950200,$148.5800018310547,$149.8699951171875,$147.4600067138672
06/07/2022,$148.7100067138672,67808200,$144.35000610351562,$149,$144.10000610351562
06/06/2022,$146.13999938964844,71598400,$147.02999877929688,$148.57000732421875,$144.89999389648438
06/03/2022,$145.3800048828125,88570300,$146.89999389648438,$147.97000122070312,$144.4600067138672
06/02/2022,$151.2100067138672,72348100,$147.8300018310547,$151.27000427246094,$146.86000061035156
06/01/2022,$148.7100067138672,74286600,$149.89999389648438,$151.74000549316406,$147.67999267578125
05/31/2022,$148.83999633789062,103718400,$149.07000732421875,$150.66000366210938,$146.83999633789062
05/27/2022,$149.63999938964844,90978500,$145.38999938964844,$149.67999267578125,$145.25999450683594
05/26/2022,$143.77999877929688,90601500,$137.38999938964844,$144.33999633789062,$137.13999938964844
05/25/2022,$140.52000427246094,92482700,$138.42999267578125,$141.7899932861328,$138.33999633789062
05/24/2022,$140.36000061035156,104132700,$140.80999755859375,$141.97000122070312,$137.3300018310547
05/23/2022,$143.11000061035156,117726300,$137.7899932861328,$143.25999450683594,$137.64999389648438
05/20/2022,$137.58999633789062,137426100,$139.08999633789062,$140.6999969482422,$132.61000061035156
05/19/2022,$137.35000610351562,136095600,$139.8800048828125,$141.66000366210938,$136.60000610351562
05/18/2022,$140.82000732421875,109742900,$146.85000610351562,$147.36000061035156,$139.89999389648438
05/17/2022,$149.24000549316406,78336300,$148.86000061035156,$149.77000427246094,$146.67999267578125
05/16/2022,$145.5399932861328,86643800,$145.5500030517578,$147.52000427246094,$144.17999267578125
05/13/2022,$147.11000061035156,113990900,$144.58999633789062,$148.10000610351562,$143.11000061035156
05/12/2022,$142.55999755859375,182602000,$142.77000427246094,$146.1999969482422,$138.8000030517578
05/11/2022,$146.5,142689800,$153.5,$155.4499969482422,$145.80999755859375
05/10/2022,$154.50999450683594,115366700,$155.52000427246094,$156.74000549316406,$152.92999267578125
05/09/2022,$152.05999755859375,131577900,$154.92999267578125,$155.8300018310547,$151.49000549316406
05/06/2022,$157.27999877929688,116124600,$156.00999450683594,$159.44000244140625,$154.17999267578125
05/05/2022,$156.77000427246094,130525300,$163.85000610351562,$164.0800018310547,$154.9499969482422
05/04/2022,$166.02000427246094,108256500,$159.6699981689453,$166.47999572753906,$159.25999450683594
05/03/2022,$159.47999572753906,88966500,$158.14999389648438,$160.7100067138672,$156.32000732421875
05/02/2022,$157.9600067138672,123055300,$156.7100067138672,$158.22999572753906,$153.27000427246094
04/29/2022,$157.64999389648438,131747600,$161.83999633789062,$166.1999969482422,$157.25
04/28/2022,$163.63999938964844,130216800,$159.25,$164.52000427246094,$158.92999267578125
04/27/2022,$156.57000732421875,88063200,$155.91000366210938,$159.7899932861328,$155.3800048828125
04/26/2022,$156.8000030517578,95623200,$162.25,$162.33999633789062,$156.72000122070312
04/25/2022,$162.8800048828125,96046400,$161.1199951171875,$163.1699981689453,$158.4600067138672
04/22/2022,$161.7899932861328,84882400,$166.4600067138672,$167.8699951171875,$161.5
04/21/2022,$166.4199981689453,87227800,$168.91000366210938,$171.52999877929688,$165.91000366210938
04/20/2022,$167.22999572753906,67929800,$168.75999450683594,$168.8800048828125,$166.10000610351562
04/19/2022,$167.39999389648438,67723800,$165.02000427246094,$167.82000732421875,$163.91000366210938
04/18/2022,$165.07000732421875,69023900,$163.9199981689453,$166.60000610351562,$163.57000732421875
04/14/2022,$165.2899932861328,75329400,$170.6199951171875,$171.27000427246094,$165.0399932861328
04/13/2022,$170.39999389648438,70618900,$167.38999938964844,$171.0399932861328,$166.77000427246094
04/12/2022,$167.66000366210938,79265200,$168.02000427246094,$169.8699951171875,$166.63999938964844
04/11/2022,$165.75,72246700,$168.7100067138672,$169.02999877929688,$165.5
04/08/2022,$170.08999633789062,76575500,$171.77999877929688,$171.77999877929688,$169.1999969482422
04/07/2022,$172.13999938964844,77594700,$171.16000366210938,$173.36000061035156,$169.85000610351562
04/06/2022,$171.8300018310547,89058800,$172.36000061035156,$173.6300048828125,$170.1300048828125
04/05/2022,$175.05999755859375,73401800,$177.5,$178.3000030517578,$174.4199981689453
04/04/2022,$178.44000244140625,76468400,$174.57000732421875,$178.49000549316406,$174.44000244140625
04/01/2022,$174.30999755859375,78751300,$174.02999877929688,$174.8800048828125,$171.94000244140625
03/31/2022,$174.61000061035156,103049300,$177.83999633789062,$178.02999877929688,$174.39999389648438
03/30/2022,$177.77000427246094,92633200,$178.5500030517578,$179.61000061035156,$176.6999969482422
03/29/2022,$178.9600067138672,100589400,$176.69000244140625,$179.00999450683594,$176.33999633789062
03/28/2022,$175.60000610351562,90371900,$172.1699981689453,$175.72999572753906,$172
03/25/2022,$174.72000122070312,80546200,$173.8800048828125,$175.27999877929688,$172.75
03/24/2022,$174.07000732421875,90131400,$171.05999755859375,$174.13999938964844,$170.2100067138672
03/23/2022,$170.2100067138672,98062700,$167.99000549316406,$172.63999938964844,$167.64999389648438
03/22/2022,$168.82000732421875,81532000,$165.50999450683594,$169.4199981689453,$164.91000366210938
03/21/2022,$165.3800048828125,95811400,$163.50999450683594,$166.35000610351562,$163.00999450683594
03/18/2022,$163.97999572753906,123511700,$160.50999450683594,$164.47999572753906,$159.75999450683594
03/17/2022,$160.6199951171875,75615400,$158.61000061035156,$161,$157.6300048828125
03/16/2022,$159.58999633789062,102300200,$157.0500030517578,$160,$154.4600067138672
03/15/2022,$155.08999633789062,92964300,$150.89999389648438,$155.57000732421875,$150.3800048828125
03/14/2022,$150.6199951171875,108732100,$151.4499969482422,$154.1199951171875,$150.10000610351562
03/11/2022,$154.72999572753906,96970100,$158.92999267578125,$159.27999877929688,$154.5
03/10/2022,$158.52000427246094,105342000,$160.1999969482422,$160.38999938964844,$155.97999572753906
03/09/2022,$162.9499969482422,91454900,$161.47999572753906,$163.41000366210938,$159.41000366210938
03/08/2022,$157.44000244140625,131148300,$158.82000732421875,$162.8800048828125,$155.8000030517578
03/07/2022,$159.3000030517578,96418800,$163.36000061035156,$165.02000427246094,$159.0399932861328
03/04/2022,$163.1699981689453,83737200,$164.49000549316406,$165.5500030517578,$162.10000610351562
03/03/2022,$166.22999572753906,76678400,$168.47000122070312,$168.91000366210938,$165.5500030517578
03/02/2022,$166.55999755859375,79724800,$164.38999938964844,$167.36000061035156,$162.9499969482422
03/01/2022,$163.1999969482422,83474400,$164.6999969482422,$166.60000610351562,$161.97000122070312
02/28/2022,$165.1199951171875,95056600,$163.05999755859375,$165.4199981689453,$162.42999267578125
02/25/2022,$164.85000610351562,91974200,$163.83999633789062,$165.1199951171875,$160.8699951171875
02/24/2022,$162.74000549316406,141147500,$152.5800018310547,$162.85000610351562,$152
02/23/2022,$160.07000732421875,90009200,$165.5399932861328,$166.14999389648438,$159.75
02/22/2022,$164.32000732421875,91162800,$164.97999572753906,$166.69000244140625,$162.14999389648438
02/18/2022,$167.3000030517578,82772700,$169.82000732421875,$170.5399932861328,$166.19000244140625
02/17/2022,$168.8800048828125,69589300,$171.02999877929688,$171.91000366210938,$168.47000122070312
02/16/2022,$172.5500030517578,61177400,$171.85000610351562,$173.33999633789062,$170.0500030517578
02/15/2022,$172.7899932861328,62527400,$170.97000122070312,$172.9499969482422,$170.25
02/14/2022,$168.8800048828125,86185500,$167.3699951171875,$169.5800018310547,$166.55999755859375
02/11/2022,$168.63999938964844,98670700,$172.3300018310547,$173.0800018310547,$168.0399932861328
02/10/2022,$172.1199951171875,90865900,$174.13999938964844,$175.47999572753906,$171.5500030517578
02/09/2022,$176.27999877929688,71285000,$176.0500030517578,$176.64999389648438,$174.89999389648438
02/08/2022,$174.8300018310547,74829200,$171.72999572753906,$175.35000610351562,$171.42999267578125
02/07/2022,$171.66000366210938,77251200,$172.86000061035156,$173.9499969482422,$170.9499969482422
02/04/2022,$172.38999938964844,82465400,$171.67999267578125,$174.10000610351562,$170.67999267578125
02/03/2022,$172.89999389648438,89418100,$174.47999572753906,$176.24000549316406,$172.1199951171875
02/02/2022,$175.83999633789062,84914300,$174.75,$175.8800048828125,$173.3300018310547
02/01/2022,$174.61000061035156,86213900,$174.00999450683594,$174.83999633789062,$172.30999755859375
01/31/2022,$174.77999877929688,115541600,$170.16000366210938,$175,$169.50999450683594
01/28/2022,$170.3300018310547,179935700,$165.7100067138672,$170.35000610351562,$162.8000030517578
01/27/2022,$159.22000122070312,121954600,$162.4499969482422,$163.83999633789062,$158.27999877929688
01/26/2022,$159.69000244140625,108275300,$163.5,$164.38999938964844,$157.82000732421875
01/25/2022,$159.77999877929688,115798400,$158.97999572753906,$162.75999450683594,$157.02000427246094
01/24/2022,$161.6199951171875,162294600,$160.02000427246094,$162.3000030517578,$154.6999969482422
01/21/2022,$162.41000366210938,122848900,$164.4199981689453,$166.3300018310547,$162.3000030517578
01/20/2022,$164.50999450683594,91420500,$166.97999572753906,$169.67999267578125,$164.17999267578125
01/19/2022,$166.22999572753906,94815000,$170,$171.0800018310547,$165.94000244140625
01/18/2022,$169.8000030517578,90956700,$171.50999450683594,$172.5399932861328,$169.41000366210938
01/14/2022,$173.07000732421875,80440800,$171.33999633789062,$173.77999877929688,$171.08999633789062
01/13/2022,$172.19000244140625,84505800,$175.77999877929688,$176.6199951171875,$171.7899932861328
01/12/2022,$175.52999877929688,74805200,$176.1199951171875,$177.17999267578125,$174.82000732421875
01/11/2022,$175.0800018310547,76138300,$172.32000732421875,$175.17999267578125,$170.82000732421875
01/10/2022,$172.19000244140625,106765600,$169.0800018310547,$172.5,$168.1699981689453
01/07/2022,$172.1699981689453,86709100,$172.88999938964844,$174.13999938964844,$171.02999877929688
01/06/2022,$172,96904000,$172.6999969482422,$175.3000030517578,$171.63999938964844
01/05/2022,$174.9199981689453,94537600,$179.61000061035156,$180.1699981689453,$174.63999938964844
01/04/2022,$179.6999969482422,99310400,$182.6300048828125,$182.94000244140625,$179.1199951171875
01/03/2022,$182.00999450683594,104487900,$177.8300018310547,$182.8800048828125,$177.7100067138672
12/31/2021,$177.57000732421875,64062300,$178.08999633789062,$179.22999572753906,$177.25999450683594
12/30/2021,$178.1999969482422,59773000,$179.47000122070312,$180.57000732421875,$178.08999633789062
12/29/2021,$179.3800048828125,62348900,$179.3300018310547,$180.6300048828125,$178.13999938964844
12/28/2021,$179.2899932861328,79144300,$180.16000366210938,$181.3300018310547,$178.52999877929688
12/27/2021,$180.3300018310547,74919600,$177.08999633789062,$180.4199981689453,$177.07000732421875
12/23/2021,$176.27999877929688,68356600,$175.85000610351562,$176.85000610351562,$175.27000427246094
12/22/2021,$175.63999938964844,92135300,$173.0399932861328,$175.86000061035156,$172.14999389648438
12/21/2021,$172.99000549316406,91185900,$171.55999755859375,$173.1999969482422,$169.1199951171875
12/20/2021,$169.75,107499100,$168.27999877929688,$170.5800018310547,$167.4600067138672
12/17/2021,$171.13999938964844,195432700,$169.92999267578125,$173.47000122070312,$169.69000244140625
12/16/2021,$172.25999450683594,150185800,$179.27999877929688,$181.13999938964844,$170.75
12/15/2021,$179.3000030517578,131063300,$175.11000061035156,$179.5,$172.30999755859375
12/14/2021,$174.3300018310547,139380400,$175.25,$177.74000549316406,$172.2100067138672
12/13/2021,$175.74000549316406,153237000,$181.1199951171875,$182.1300048828125,$175.52999877929688
12/10/2021,$179.4499969482422,115402700,$175.2100067138672,$179.6300048828125,$174.69000244140625
12/09/2021,$174.55999755859375,108923700,$174.91000366210938,$176.75,$173.9199981689453
12/08/2021,$175.0800018310547,116998900,$172.1300048828125,$175.9600067138672,$170.6999969482422
12/07/2021,$171.17999267578125,120405400,$169.0800018310547,$171.5800018310547,$168.33999633789062
12/06/2021,$165.32000732421875,107497000,$164.2899932861328,$167.8800048828125,$164.27999877929688
12/03/2021,$161.83999633789062,118023100,$164.02000427246094,$164.9600067138672,$159.72000122070312
12/02/2021,$163.75999450683594,136739200,$158.74000549316406,$164.1999969482422,$157.8000030517578
12/01/2021,$164.77000427246094,152052500,$167.47999572753906,$170.3000030517578,$164.52999877929688
11/30/2021,$165.3000030517578,174048100,$159.99000549316406,$165.52000427246094,$159.9199981689453
11/29/2021,$160.24000549316406,88748200,$159.3699951171875,$161.19000244140625,$158.7899932861328
11/26/2021,$156.80999755859375,76959800,$159.57000732421875,$160.4499969482422,$156.36000061035156
11/24/2021,$161.94000244140625,69463600,$160.75,$162.13999938964844,$159.63999938964844
11/23/2021,$161.41000366210938,96041900,$161.1199951171875,$161.8000030517578,$159.05999755859375
11/22/2021,$161.02000427246094,117467900,$161.67999267578125,$165.6999969482422,$161
11/19/2021,$160.5500030517578,117305600,$157.64999389648438,$161.02000427246094,$156.52999877929688
11/18/2021,$157.8699951171875,137827700,$153.7100067138672,$158.6699981689453,$153.0500030517578
11/17/2021,$153.49000549316406,88807000,$151,$155,$150.99000549316406
11/16/2021,$151,59256200,$149.94000244140625,$151.49000549316406,$149.33999633789062
11/15/2021,$150,59222800,$150.3699951171875,$151.8800048828125,$149.42999267578125
11/12/2021,$149.99000549316406,63804000,$148.42999267578125,$150.39999389648438,$147.47999572753906
11/11/2021,$147.8699951171875,41000000,$148.9600067138672,$149.42999267578125,$147.67999267578125
11/10/2021,$147.9199981689453,65187100,$150.02000427246094,$150.1300048828125,$147.85000610351562
11/09/2021,$150.80999755859375,56787900,$150.1999969482422,$151.42999267578125,$150.05999755859375
11/08/2021,$150.44000244140625,55020900,$151.41000366210938,$151.57000732421875,$150.16000366210938
11/05/2021,$151.27999877929688,65463900,$151.88999938964844,$152.1999969482422,$150.05999755859375
11/04/2021,$150.9600067138672,60394600,$151.5800018310547,$152.42999267578125,$150.63999938964844
11/03/2021,$151.49000549316406,54511500,$150.38999938964844,$151.97000122070312,$149.82000732421875
11/02/2021,$150.02000427246094,69122000,$148.66000366210938,$151.57000732421875,$148.64999389648438
11/01/2021,$148.9600067138672,74588300,$148.99000549316406,$149.6999969482422,$147.8000030517578
10/29/2021,$149.8000030517578,124953200,$147.22000122070312,$149.94000244140625,$146.41000366210938
10/28/2021,$152.57000732421875,100077900,$149.82000732421875,$153.1699981689453,$149.72000122070312
10/27/2021,$148.85000610351562,56094900,$149.36000061035156,$149.72999572753906,$148.49000549316406
10/26/2021,$149.32000732421875,60893400,$149.3300018310547,$150.83999633789062,$149.00999450683594
10/25/2021,$148.63999938964844,50720600,$148.67999267578125,$149.3699951171875,$147.6199951171875
10/22/2021,$148.69000244140625,58883400,$149.69000244140625,$150.17999267578125,$148.63999938964844
10/21/2021,$149.47999572753906,61421000,$148.80999755859375,$149.63999938964844,$147.8699951171875
10/20/2021,$149.25999450683594,58418800,$148.6999969482422,$149.75,$148.1199951171875
10/19/2021,$148.75999450683594,76378900,$147.00999450683594,$149.1699981689453,$146.5500030517578
10/18/2021,$146.5500030517578,85589200,$143.4499969482422,$146.83999633789062,$143.16000366210938
10/15/2021,$144.83999633789062,67940300,$143.77000427246094,$144.89999389648438,$143.50999450683594
10/14/2021,$143.75999450683594,69907100,$142.11000061035156,$143.8800048828125,$141.50999450683594
10/13/2021,$140.91000366210938,78762700,$141.24000549316406,$141.39999389648438,$139.1999969482422
10/12/2021,$141.50999450683594,73035900,$143.22999572753906,$143.25,$141.0399932861328
10/11/2021,$142.80999755859375,64452200,$142.27000427246094,$144.80999755859375,$141.80999755859375
10/08/2021,$142.89999389648438,58773200,$144.02999877929688,$144.17999267578125,$142.55999755859375
10/07/2021,$143.2899932861328,61732700,$143.05999755859375,$144.22000122070312,$142.72000122070312
10/06/2021,$142,83221100,$139.47000122070312,$142.14999389648438,$138.3699951171875
10/05/2021,$141.11000061035156,80861100,$139.49000549316406,$142.24000549316406,$139.36000061035156
10/04/2021,$139.13999938964844,98322000,$141.75999450683594,$142.2100067138672,$138.27000427246094
10/01/2021,$142.64999389648438,94639600,$141.89999389648438,$142.9199981689453,$139.11000061035156
09/30/2021,$141.5,89056700,$143.66000366210938,$144.3800048828125,$141.27999877929688
09/29/2021,$142.8300018310547,74602000,$142.47000122070312,$144.4499969482422,$142.02999877929688
09/28/2021,$141.91000366210938,108972300,$143.25,$144.75,$141.69000244140625
09/27/2021,$145.3699951171875,74150700,$145.47000122070312,$145.9600067138672,$143.82000732421875
09/24/2021,$146.9199981689453,53477900,$145.66000366210938,$147.47000122070312,$145.55999755859375
09/23/2021,$146.8300018310547,64838200,$146.64999389648438,$147.0800018310547,$145.63999938964844
09/22/2021,$145.85000610351562,76404300,$144.4499969482422,$146.42999267578125,$143.6999969482422
09/21/2021,$143.42999267578125,75834000,$143.92999267578125,$144.60000610351562,$142.77999877929688
09/20/2021,$142.94000244140625,123478900,$143.8000030517578,$144.83999633789062,$141.27000427246094
09/17/2021,$146.05999755859375,129868800,$148.82000732421875,$148.82000732421875,$145.75999450683594
09/16/2021,$148.7899932861328,68034100,$148.44000244140625,$148.97000122070312,$147.22000122070312
09/15/2021,$149.02999877929688,83281300,$148.55999755859375,$149.44000244140625,$146.3699951171875
09/14/2021,$148.1199951171875,109296300,$150.35000610351562,$151.07000732421875,$146.91000366210938
09/13/2021,$149.5500030517578,102404300,$150.6300048828125,$151.4199981689453,$148.75
09/10/2021,$148.97000122070312,140893200,$155,$155.47999572753906,$148.6999969482422
09/09/2021,$154.07000732421875,57305700,$155.49000549316406,$156.11000061035156,$153.9499969482422
09/08/2021,$155.11000061035156,74420200,$156.97999572753906,$157.0399932861328,$153.97999572753906
09/07/2021,$156.69000244140625,82278300,$154.97000122070312,$157.25999450683594,$154.38999938964844
09/03/2021,$154.3000030517578,57808700,$153.75999450683594,$154.6300048828125,$153.08999633789062
09/02/2021,$153.64999389648438,71115500,$153.8699951171875,$154.72000122070312,$152.39999389648438
09/01/2021,$152.50999450683594,80313700,$152.8300018310547,$154.97999572753906,$152.33999633789062
08/31/2021,$151.8300018310547,86453100,$152.66000366210938,$152.8000030517578,$151.2899932861328
08/30/2021,$153.1199951171875,90956700,$149,$153.49000549316406,$148.61000061035156
08/27/2021,$148.60000610351562,55802400,$147.47999572753906,$148.75,$146.8300018310547
08/26/2021,$147.5399932861328,48597200,$148.35000610351562,$149.1199951171875,$147.50999450683594
08/25/2021,$148.36000061035156,58991300,$149.80999755859375,$150.32000732421875,$147.8000030517578
08/24/2021,$149.6199951171875,48606400,$149.4499969482422,$150.86000061035156,$149.14999389648438
08/23/2021,$149.7100067138672,60131800,$148.30999755859375,$150.19000244140625,$147.88999938964844
08/20/2021,$148.19000244140625,60549600,$147.44000244140625,$148.5,$146.77999877929688
08/19/2021,$146.6999969482422,86960300,$145.02999877929688,$148,$144.5
08/18/2021,$146.36000061035156,86326000,$149.8000030517578,$150.72000122070312,$146.14999389648438
08/17/2021,$150.19000244140625,92229700,$150.22999572753906,$151.67999267578125,$149.08999633789062
08/16/2021,$151.1199951171875,103296000,$148.5399932861328,$151.19000244140625,$146.47000122070312
08/13/2021,$149.10000610351562,59375000,$148.97000122070312,$149.44000244140625,$148.27000427246094
08/12/2021,$148.88999938964844,72282600,$146.19000244140625,$149.0500030517578,$145.83999633789062
08/11/2021,$145.86000061035156,48493500,$146.0500030517578,$146.72000122070312,$145.52999877929688
08/10/2021,$145.60000610351562,69023100,$146.44000244140625,$147.7100067138672,$145.3000030517578
08/09/2021,$146.08999633789062,48908700,$146.1999969482422,$146.6999969482422,$145.52000427246094
08/06/2021,$146.13999938964844,54126800,$146.35000610351562,$147.11000061035156,$145.6300048828125
08/05/2021,$147.05999755859375,46397700,$146.97999572753906,$147.83999633789062,$146.1699981689453
08/04/2021,$146.9499969482422,56368300,$147.27000427246094,$147.7899932861328,$146.27999877929688
08/03/2021,$147.36000061035156,64786600,$145.80999755859375,$148.0399932861328,$145.17999267578125
08/02/2021,$145.52000427246094,62880000,$146.36000061035156,$146.9499969482422,$145.25
07/30/2021,$145.86000061035156,70440600,$144.3800048828125,$146.3300018310547,$144.11000061035156
07/29/2021,$145.63999938964844,56699500,$144.69000244140625,$146.5500030517578,$144.5800018310547
07/28/2021,$144.97999572753906,118931200,$144.80999755859375,$146.97000122070312,$142.5399932861328
07/27/2021,$146.77000427246094,104818600,$149.1199951171875,$149.2100067138672,$145.5500030517578
07/26/2021,$148.99000549316406,72434100,$148.27000427246094,$149.8300018310547,$147.6999969482422
07/23/2021,$148.55999755859375,71447400,$147.5500030517578,$148.72000122070312,$146.9199981689453
07/22/2021,$146.8000030517578,77338200,$145.94000244140625,$148.1999969482422,$145.80999755859375
07/21/2021,$145.39999389648438,74993500,$145.52999877929688,$146.1300048828125,$144.6300048828125
07/20/2021,$146.14999389648438,96350000,$143.4600067138672,$147.10000610351562,$142.9600067138672
07/19/2021,$142.4499969482422,121434600,$143.75,$144.07000732421875,$141.6699981689453
07/16/2021,$146.38999938964844,93251400,$148.4600067138672,$149.75999450683594,$145.8800048828125
07/15/2021,$148.47999572753906,106820300,$149.24000549316406,$150,$147.08999633789062
07/14/2021,$149.14999389648438,127050800,$148.10000610351562,$149.57000732421875,$147.67999267578125
07/13/2021,$145.63999938964844,100827100,$144.02999877929688,$147.4600067138672,$143.6300048828125
07/12/2021,$144.5,76299700,$146.2100067138672,$146.32000732421875,$144
07/09/2021,$145.11000061035156,99890800,$142.75,$145.64999389648438,$142.64999389648438
07/08/2021,$143.24000549316406,105575500,$141.5800018310547,$144.05999755859375,$140.6699981689453
07/07/2021,$144.57000732421875,104911600,$143.5399932861328,$144.88999938964844,$142.66000366210938
07/06/2021,$142.02000427246094,108181800,$140.07000732421875,$143.14999389648438,$140.07000732421875
07/02/2021,$139.9600067138672,78852600,$137.89999389648438,$140,$137.75
07/01/2021,$137.27000427246094,52485800,$136.60000610351562,$137.3300018310547,$135.75999450683594
06/30/2021,$136.9600067138672,63261400,$136.1699981689453,$137.41000366210938,$135.8699951171875
06/29/2021,$136.3300018310547,64556100,$134.8000030517578,$136.49000549316406,$134.35000610351562
06/28/2021,$134.77999877929688,62111300,$133.41000366210938,$135.25,$133.35000610351562
06/25/2021,$133.11000061035156,70783700,$133.4600067138672,$133.88999938964844,$132.80999755859375
06/24/2021,$133.41000366210938,68711000,$134.4499969482422,$134.63999938964844,$132.92999267578125
06/23/2021,$133.6999969482422,60214200,$133.77000427246094,$134.32000732421875,$133.22999572753906
06/22/2021,$133.97999572753906,74783600,$132.1300048828125,$134.0800018310547,$131.6199951171875
06/21/2021,$132.3000030517578,79663300,$130.3000030517578,$132.41000366210938,$129.2100067138672
06/18/2021,$130.4600067138672,108953300,$130.7100067138672,$131.50999450683594,$130.24000549316406
06/17/2021,$131.7899932861328,96721700,$129.8000030517578,$132.5500030517578,$129.64999389648438
06/16/2021,$130.14999389648438,91815000,$130.3699951171875,$130.88999938964844,$128.4600067138672
06/15/2021,$129.63999938964844,62746300,$129.94000244140625,$130.60000610351562,$129.38999938964844
06/14/2021,$130.47999572753906,96906500,$127.81999969482422,$130.5399932861328,$127.06999969482422
06/11/2021,$127.3499984741211,53522400,$126.52999877929688,$127.44000244140625,$126.0999984741211
06/10/2021,$126.11000061035156,71186400,$127.0199966430664,$128.19000244140625,$125.94000244140625
06/09/2021,$127.12999725341797,56877900,$127.20999908447266,$127.75,$126.5199966430664
06/08/2021,$126.73999786376953,74403800,$126.5999984741211,$128.4600067138672,$126.20999908447266
06/07/2021,$125.9000015258789,71057600,$126.16999816894531,$126.31999969482422,$124.83000183105469
06/04/2021,$125.88999938964844,75169300,$124.06999969482422,$126.16000366210938,$123.8499984741211
06/03/2021,$123.54000091552734,76229200,$124.68000030517578,$124.8499984741211,$123.12999725341797
06/02/2021,$125.05999755859375,59278900,$124.27999877929688,$125.23999786376953,$124.05000305175781
06/01/2021,$124.27999877929688,67637100,$125.08000183105469,$125.3499984741211,$123.94000244140625
05/28/2021,$124.61000061035156,71311100,$125.56999969482422,$125.80000305175781,$124.55000305175781
05/27/2021,$125.27999877929688,94625600,$126.44000244140625,$127.63999938964844,$125.08000183105469
05/26/2021,$126.8499984741211,56575900,$126.95999908447266,$127.38999938964844,$126.41999816894531
05/25/2021,$126.9000015258789,72009500,$127.81999969482422,$128.32000732421875,$126.31999969482422
05/24/2021,$127.0999984741211,63092900,$126.01000213623047,$127.94000244140625,$125.94000244140625
05/21/2021,$125.43000030517578,79295400,$127.81999969482422,$128,$125.20999908447266
05/20/2021,$127.30999755859375,76857100,$125.2300033569336,$127.72000122070312,$125.0999984741211
05/19/2021,$124.69000244140625,92612000,$123.16000366210938,$124.91999816894531,$122.86000061035156
05/18/2021,$124.8499984741211,63342900,$126.55999755859375,$126.98999786376953,$124.77999877929688
05/17/2021,$126.2699966430664,74244600,$126.81999969482422,$126.93000030517578,$125.16999816894531
05/14/2021,$127.44999694824219,81918000,$126.25,$127.88999938964844,$125.8499984741211
05/13/2021,$124.97000122070312,105861300,$124.58000183105469,$126.1500015258789,$124.26000213623047
05/12/2021,$122.7699966430664,112172300,$123.4000015258789,$124.63999938964844,$122.25
05/11/2021,$125.91000366210938,126142800,$123.5,$126.2699966430664,$122.7699966430664
05/10/2021,$126.8499984741211,88071200,$129.41000366210938,$129.5399932861328,$126.80999755859375
05/07/2021,$130.2100067138672,78973300,$130.85000610351562,$131.25999450683594,$129.47999572753906
05/06/2021,$129.74000549316406,78128300,$127.88999938964844,$129.75,$127.12999725341797
05/05/2021,$128.10000610351562,84000900,$129.1999969482422,$130.4499969482422,$127.97000122070312
05/04/2021,$127.8499984741211,137564700,$131.19000244140625,$131.49000549316406,$126.69999694824219
05/03/2021,$132.5399932861328,75135100,$132.0399932861328,$134.07000732421875,$131.8300018310547
04/30/2021,$131.4600067138672,109839500,$131.77999877929688,$133.55999755859375,$131.07000732421875
04/29/2021,$133.47999572753906,151101000,$136.47000122070312,$137.07000732421875,$132.4499969482422
04/28/2021,$133.5800018310547,107760100,$134.30999755859375,$135.02000427246094,$133.0800018310547
04/27/2021,$134.38999938964844,66015800,$135.00999450683594,$135.41000366210938,$134.11000061035156
04/26/2021,$134.72000122070312,66905100,$134.8300018310547,$135.05999755859375,$133.55999755859375
04/23/2021,$134.32000732421875,78657500,$132.16000366210938,$135.1199951171875,$132.16000366210938
04/22/2021,$131.94000244140625,84566500,$133.0399932861328,$134.14999389648438,$131.41000366210938
04/21/2021,$133.5,68847100,$132.36000061035156,$133.75,$131.3000030517578
04/20/2021,$133.11000061035156,94812300,$135.02000427246094,$135.52999877929688,$131.80999755859375
04/19/2021,$134.83999633789062,94264200,$133.50999450683594,$135.47000122070312,$133.33999633789062
04/16/2021,$134.16000366210938,84922400,$134.3000030517578,$134.6699981689453,$133.27999877929688
04/15/2021,$134.5,89347100,$133.82000732421875,$135,$133.63999938964844
04/14/2021,$132.02999877929688,87222800,$134.94000244140625,$135,$131.66000366210938
04/13/2021,$134.42999267578125,91266500,$132.44000244140625,$134.66000366210938,$131.92999267578125
04/12/2021,$131.24000549316406,91420000,$132.52000427246094,$132.85000610351562,$130.6300048828125
04/09/2021,$133,106686700,$129.8000030517578,$133.0399932861328,$129.47000122070312
04/08/2021,$130.36000061035156,88844600,$128.9499969482422,$130.38999938964844,$128.52000427246094
04/07/2021,$127.9000015258789,83466700,$125.83000183105469,$127.91999816894531,$125.13999938964844
04/06/2021,$126.20999908447266,80171300,$126.5,$127.12999725341797,$125.6500015258789
04/05/2021,$125.9000015258789,88651200,$123.87000274658203,$126.16000366210938,$123.06999969482422
04/01/2021,$123,75089100,$123.66000366210938,$124.18000030517578,$122.48999786376953
03/31/2021,$122.1500015258789,118323800,$121.6500015258789,$123.5199966430664,$121.1500015258789
03/30/2021,$119.9000015258789,85671900,$120.11000061035156,$120.4000015258789,$118.86000061035156
03/29/2021,$121.38999938964844,80819200,$121.6500015258789,$122.58000183105469,$120.7300033569336
03/26/2021,$121.20999908447266,94071200,$120.3499984741211,$121.4800033569336,$118.91999816894531
03/25/2021,$120.58999633789062,98844700,$119.54000091552734,$121.66000366210938,$119
03/24/2021,$120.08999633789062,88530500,$122.81999969482422,$122.9000015258789,$120.06999969482422
03/23/2021,$122.54000091552734,95467100,$123.33000183105469,$124.23999786376953,$122.13999938964844
03/22/2021,$123.38999938964844,111912300,$120.33000183105469,$123.87000274658203,$120.26000213623047
03/19/2021,$119.98999786376953,185549500,$119.9000015258789,$121.43000030517578,$119.68000030517578
03/18/2021,$120.52999877929688,121229700,$122.87999725341797,$123.18000030517578,$120.31999969482422
03/17/2021,$124.76000213623047,111932600,$124.05000305175781,$125.86000061035156,$122.33999633789062
03/16/2021,$125.56999969482422,115227900,$125.69999694824219,$127.22000122070312,$124.72000122070312
03/15/2021,$123.98999786376953,92403800,$121.41000366210938,$124,$120.41999816894531
03/12/2021,$121.02999877929688,88105100,$120.4000015258789,$121.16999816894531,$119.16000366210938
03/11/2021,$121.95999908447266,103026500,$122.54000091552734,$123.20999908447266,$121.26000213623047
03/10/2021,$119.9800033569336,111943300,$121.69000244140625,$122.16999816894531,$119.44999694824219
03/09/2021,$121.08999633789062,129525800,$119.02999877929688,$122.05999755859375,$118.79000091552734
03/08/2021,$116.36000061035156,154376600,$120.93000030517578,$121,$116.20999908447266
03/05/2021,$121.41999816894531,153766600,$120.9800033569336,$121.94000244140625,$117.56999969482422
03/04/2021,$120.12999725341797,178155000,$121.75,$123.5999984741211,$118.62000274658203
03/03/2021,$122.05999755859375,112966300,$124.80999755859375,$125.70999908447266,$121.83999633789062
03/02/2021,$125.12000274658203,102260900,$128.41000366210938,$128.72000122070312,$125.01000213623047
03/01/2021,$127.79000091552734,116307900,$123.75,$127.93000030517578,$122.79000091552734
02/26/2021,$121.26000213623047,164560400,$122.58999633789062,$124.8499984741211,$121.19999694824219
02/25/2021,$120.98999786376953,148199500,$124.68000030517578,$126.45999908447266,$120.54000091552734
02/24/2021,$125.3499984741211,111039900,$124.94000244140625,$125.55999755859375,$122.2300033569336
02/23/2021,$125.86000061035156,158273000,$123.76000213623047,$126.70999908447266,$118.38999938964844
02/22/2021,$126,103916400,$128.00999450683594,$129.72000122070312,$125.5999984741211
02/19/2021,$129.8699951171875,87668800,$130.24000549316406,$130.7100067138672,$128.8000030517578
02/18/2021,$129.7100067138672,96856700,$129.1999969482422,$130,$127.41000366210938
02/17/2021,$130.83999633789062,97918500,$131.25,$132.22000122070312,$129.47000122070312
02/16/2021,$133.19000244140625,80576300,$135.49000549316406,$136.00999450683594,$132.7899932861328
02/12/2021,$135.3699951171875,60145100,$134.35000610351562,$135.52999877929688,$133.69000244140625
02/11/2021,$135.1300048828125,64280000,$135.89999389648438,$136.38999938964844,$133.77000427246094
02/10/2021,$135.38999938964844,73046600,$136.47999572753906,$136.99000549316406,$134.39999389648438
02/09/2021,$136.00999450683594,76774200,$136.6199951171875,$137.8800048828125,$135.85000610351562
02/08/2021,$136.91000366210938,71297200,$136.02999877929688,$136.9600067138672,$134.9199981689453
02/05/2021,$136.75999450683594,75693800,$137.35000610351562,$137.4199981689453,$135.86000061035156
02/04/2021,$137.38999938964844,84183100,$136.3000030517578,$137.39999389648438,$134.58999633789062
02/03/2021,$133.94000244140625,89880900,$135.75999450683594,$135.77000427246094,$133.61000061035156
02/02/2021,$134.99000549316406,83305400,$135.72999572753906,$136.30999755859375,$134.61000061035156
02/01/2021,$134.13999938964844,106239800,$133.75,$135.3800048828125,$130.92999267578125
01/29/2021,$131.9600067138672,177523800,$135.8300018310547,$136.74000549316406,$130.2100067138672
01/28/2021,$137.08999633789062,142621100,$139.52000427246094,$141.99000549316406,$136.6999969482422
01/27/2021,$142.05999755859375,140843800,$143.42999267578125,$144.3000030517578,$140.41000366210938
01/26/2021,$143.16000366210938,98390600,$143.60000610351562,$144.3000030517578,$141.3699951171875
01/25/2021,$142.9199981689453,157611700,$143.07000732421875,$145.08999633789062,$136.5399932861328
01/22/2021,$139.07000732421875,114459400,$136.27999877929688,$139.85000610351562,$135.02000427246094
01/21/2021,$136.8699951171875,120150900,$133.8000030517578,$139.6699981689453,$133.58999633789062
01/20/2021,$132.02999877929688,104319500,$128.66000366210938,$132.49000549316406,$128.5500030517578
01/19/2021,$127.83000183105469,90757300,$127.77999877929688,$128.7100067138672,$126.94000244140625
01/15/2021,$127.13999938964844,111598500,$128.77999877929688,$130.22000122070312,$127
01/14/2021,$128.91000366210938,90221800,$130.8000030517578,$131,$128.75999450683594
01/13/2021,$130.88999938964844,88636800,$128.75999450683594,$131.4499969482422,$128.49000549316406
01/12/2021,$128.8000030517578,91951100,$128.5,$129.69000244140625,$126.86000061035156
01/11/2021,$128.97999572753906,100384500,$129.19000244140625,$130.1699981689453,$128.5
01/08/2021,$132.0500030517578,105158200,$132.42999267578125,$132.6300048828125,$130.22999572753906
01/07/2021,$130.9199981689453,109578200,$128.36000061035156,$131.6300048828125,$127.86000061035156
01/06/2021,$126.5999984741211,155088000,$127.72000122070312,$131.0500030517578,$126.37999725341797
01/05/2021,$131.00999450683594,97664900,$128.88999938964844,$131.74000549316406,$128.42999267578125
01/04/2021,$129.41000366210938,143301900,$133.52000427246094,$133.61000061035156,$126.76000213623047
12/31/2020,$132.69000244140625,99116600,$134.0800018310547,$134.74000549316406,$131.72000122070312
12/30/2020,$133.72000122070312,96452100,$135.5800018310547,$135.99000549316406,$133.39999389648438
12/29/2020,$134.8699951171875,121047300,$138.0500030517578,$138.7899932861328,$134.33999633789062
12/28/2020,$136.69000244140625,124486200,$133.99000549316406,$137.33999633789062,$133.50999450683594
12/24/2020,$131.97000122070312,54930100,$131.32000732421875,$133.4600067138672,$131.10000610351562
12/23/2020,$130.9600067138672,88223700,$132.16000366210938,$132.42999267578125,$130.77999877929688
12/22/2020,$131.8800048828125,168904800,$131.61000061035156,$134.41000366210938,$129.64999389648438
12/21/2020,$128.22999572753906,121251600,$125.0199966430664,$128.30999755859375,$123.44999694824219
12/18/2020,$126.66000366210938,192541500,$128.9600067138672,$129.10000610351562,$126.12000274658203
12/17/2020,$128.6999969482422,94359800,$128.89999389648438,$129.5800018310547,$128.0399932861328
12/16/2020,$127.80999755859375,98208600,$127.41000366210938,$128.3699951171875,$126.55999755859375
12/15/2020,$127.87999725341797,157243700,$124.33999633789062,$127.9000015258789,$124.12999725341797
12/14/2020,$121.77999877929688,79184500,$122.5999984741211,$123.3499984741211,$121.54000091552734
12/11/2020,$122.41000366210938,86939800,$122.43000030517578,$122.76000213623047,$120.55000305175781
12/10/2020,$123.23999786376953,81312200,$120.5,$123.87000274658203,$120.1500015258789
12/09/2020,$121.77999877929688,115089200,$124.52999877929688,$125.94999694824219,$121
12/08/2020,$124.37999725341797,82225500,$124.37000274658203,$124.9800033569336,$123.08999633789062
12/07/2020,$123.75,86712000,$122.30999755859375,$124.56999969482422,$122.25
12/04/2020,$122.25,78260400,$122.5999984741211,$122.86000061035156,$121.5199966430664
12/03/2020,$122.94000244140625,78967600,$123.5199966430664,$123.77999877929688,$122.20999908447266
12/02/2020,$123.08000183105469,89004200,$122.0199966430664,$123.37000274658203,$120.88999938964844
12/01/2020,$122.72000122070312,127728200,$121.01000213623047,$123.47000122070312,$120.01000213623047
11/30/2020,$119.05000305175781,169410200,$116.97000122070312,$120.97000122070312,$116.80999755859375
11/27/2020,$116.58999633789062,46691300,$116.56999969482422,$117.48999786376953,$116.22000122070312
11/25/2020,$116.02999877929688,76499200,$115.55000305175781,$116.75,$115.16999816894531
11/24/2020,$115.16999816894531,113874200,$113.91000366210938,$115.8499984741211,$112.58999633789062
11/23/2020,$113.8499984741211,127959300,$117.18000030517578,$117.62000274658203,$113.75
11/20/2020,$117.33999633789062,73604300,$118.63999938964844,$118.7699966430664,$117.29000091552734
11/19/2020,$118.63999938964844,74113000,$117.58999633789062,$119.05999755859375,$116.80999755859375
11/18/2020,$118.02999877929688,76322100,$118.61000061035156,$119.81999969482422,$118
11/17/2020,$119.38999938964844,74271000,$119.55000305175781,$120.66999816894531,$118.95999908447266
11/16/2020,$120.30000305175781,91183000,$118.91999816894531,$120.98999786376953,$118.1500015258789
11/13/2020,$119.26000213623047,81581900,$119.44000244140625,$119.66999816894531,$117.87000274658203
11/12/2020,$119.20999908447266,103162300,$119.62000274658203,$120.52999877929688,$118.56999969482422
11/11/2020,$119.48999786376953,112295000,$117.19000244140625,$119.62999725341797,$116.44000244140625
11/10/2020,$115.97000122070312,138023400,$115.55000305175781,$117.58999633789062,$114.12999725341797
11/09/2020,$116.31999969482422,154515300,$120.5,$121.98999786376953,$116.05000305175781
11/06/2020,$118.69000244140625,114457900,$118.31999969482422,$119.19999694824219,$116.12999725341797
11/05/2020,$119.02999877929688,126387100,$117.94999694824219,$119.62000274658203,$116.87000274658203
11/04/2020,$114.94999694824219,138235500,$114.13999938964844,$115.58999633789062,$112.3499984741211
11/03/2020,$110.44000244140625,107624400,$109.66000366210938,$111.48999786376953,$108.7300033569336
11/02/2020,$108.7699966430664,122866900,$109.11000061035156,$110.68000030517578,$107.31999969482422
10/30/2020,$108.86000061035156,190272600,$111.05999755859375,$111.98999786376953,$107.72000122070312
10/29/2020,$115.31999969482422,146129200,$112.37000274658203,$116.93000030517578,$112.19999694824219
10/28/2020,$111.19999694824219,143937800,$115.05000305175781,$115.43000030517578,$111.0999984741211
10/27/2020,$116.5999984741211,92276800,$115.48999786376953,$117.27999877929688,$114.54000091552734
10/26/2020,$115.05000305175781,111850700,$114.01000213623047,$116.55000305175781,$112.87999725341797
10/23/2020,$115.04000091552734,82572600,$116.38999938964844,$116.55000305175781,$114.27999877929688
10/22/2020,$115.75,101988000,$117.44999694824219,$118.04000091552734,$114.58999633789062
10/21/2020,$116.87000274658203,89946000,$116.66999816894531,$118.70999908447266,$116.44999694824219
10/20/2020,$117.51000213623047,124423700,$116.19999694824219,$118.9800033569336,$115.62999725341797
10/19/2020,$115.9800033569336,120639300,$119.95999908447266,$120.41999816894531,$115.66000366210938
10/16/2020,$119.0199966430664,115393800,$121.27999877929688,$121.55000305175781,$118.80999755859375
10/15/2020,$120.70999908447266,112559200,$118.72000122070312,$121.19999694824219,$118.1500015258789
10/14/2020,$121.19000244140625,150712000,$121,$123.02999877929688,$119.62000274658203
10/13/2020,$121.0999984741211,262330500,$125.2699966430664,$125.38999938964844,$119.6500015258789
10/12/2020,$124.4000015258789,240226800,$120.05999755859375,$125.18000030517578,$119.27999877929688
10/09/2020,$116.97000122070312,100506900,$115.27999877929688,$117,$114.91999816894531
10/08/2020,$114.97000122070312,83477200,$116.25,$116.4000015258789,$114.58999633789062
10/07/2020,$115.08000183105469,96849000,$114.62000274658203,$115.55000305175781,$114.12999725341797
10/06/2020,$113.16000366210938,161498200,$115.69999694824219,$116.12000274658203,$112.25
10/05/2020,$116.5,106243800,$113.91000366210938,$116.6500015258789,$113.55000305175781
10/02/2020,$113.0199966430664,144712000,$112.88999938964844,$115.37000274658203,$112.22000122070312
10/01/2020,$116.79000091552734,116120400,$117.63999938964844,$117.72000122070312,$115.83000183105469
09/30/2020,$115.80999755859375,142675200,$113.79000091552734,$117.26000213623047,$113.62000274658203
09/29/2020,$114.08999633789062,99382200,$114.55000305175781,$115.30999755859375,$113.56999969482422
09/28/2020,$114.95999908447266,137672400,$115.01000213623047,$115.31999969482422,$112.77999877929688
09/25/2020,$112.27999877929688,149981400,$108.43000030517578,$112.44000244140625,$107.66999816894531
09/24/2020,$108.22000122070312,167743300,$105.16999816894531,$110.25,$105
09/23/2020,$107.12000274658203,150718700,$111.62000274658203,$112.11000061035156,$106.7699966430664
09/22/2020,$111.80999755859375,183055400,$112.68000030517578,$112.86000061035156,$109.16000366210938
09/21/2020,$110.08000183105469,195713800,$104.54000091552734,$110.19000244140625,$103.0999984741211
09/18/2020,$106.83999633789062,287104900,$110.4000015258789,$110.87999725341797,$106.08999633789062
09/17/2020,$110.33999633789062,178011000,$109.72000122070312,$112.19999694824219,$108.70999908447266
09/16/2020,$112.12999725341797,154679000,$115.2300033569336,$116,$112.04000091552734
09/15/2020,$115.54000091552734,184642000,$118.33000183105469,$118.83000183105469,$113.61000061035156
09/14/2020,$115.36000061035156,140150100,$114.72000122070312,$115.93000030517578,$112.80000305175781
09/11/2020,$112,180860300,$114.56999969482422,$115.2300033569336,$110
09/10/2020,$113.48999786376953,182274400,$120.36000061035156,$120.5,$112.5
09/09/2020,$117.31999969482422,176940500,$117.26000213623047,$119.13999938964844,$115.26000213623047
09/08/2020,$112.81999969482422,231366600,$113.94999694824219,$118.98999786376953,$112.68000030517578
09/04/2020,$120.95999908447266,332607200,$120.06999969482422,$123.69999694824219,$110.88999938964844
09/03/2020,$120.87999725341797,257599600,$126.91000366210938,$128.83999633789062,$120.5
09/02/2020,$131.39999389648438,200119000,$137.58999633789062,$137.97999572753906,$127
09/01/2020,$134.17999267578125,151948100,$132.75999450683594,$134.8000030517578,$130.52999877929688
08/31/2020,$129.0399932861328,225702700,$127.58000183105469,$131,$126
08/28/2020,$124.80750274658203,187630000,$126.01249694824219,$126.44249725341797,$124.57749938964844
08/27/2020,$125.01000213623047,155552400,$127.14250183105469,$127.48500061035156,$123.8324966430664
08/26/2020,$126.52249908447266,163022400,$126.18000030517578,$126.99250030517578,$125.0824966430664
08/25/2020,$124.82499694824219,211495600,$124.69750213623047,$125.18000030517578,$123.05249786376953
08/24/2020,$125.85749816894531,345937600,$128.69749450683594,$128.78500366210938,$123.9375
08/21/2020,$124.37000274658203,338054800,$119.26249694824219,$124.86750030517578,$119.25
08/20/2020,$118.2750015258789,126907200,$115.75,$118.39250183105469,$115.73249816894531
08/19/2020,$115.7074966430664,145538000,$115.98249816894531,$117.1624984741211,$115.61000061035156
08/18/2020,$115.5625,105633600,$114.35250091552734,$116,$114.00749969482422
08/17/2020,$114.60749816894531,119561600,$116.0625,$116.0875015258789,$113.9625015258789
08/14/2020,$114.90750122070312,165565200,$114.83000183105469,$115,$113.04499816894531
08/13/2020,$115.01000213623047,210082000,$114.43000030517578,$116.0425033569336,$113.92749786376953
08/12/2020,$113.01000213623047,165598000,$110.49749755859375,$113.2750015258789,$110.29750061035156
08/11/2020,$109.375,187902400,$111.97000122070312,$112.48249816894531,$109.10749816894531
08/10/2020,$112.72750091552734,212403600,$112.5999984741211,$113.7750015258789,$110
08/07/2020,$111.11250305175781,198045600,$113.20500183105469,$113.67500305175781,$110.2925033569336
08/06/2020,$113.90249633789062,202428800,$110.40499877929688,$114.4124984741211,$109.79750061035156
08/05/2020,$110.0625,121776800,$109.37750244140625,$110.39250183105469,$108.89749908447266
08/04/2020,$109.66500091552734,173071600,$109.13249969482422,$110.79000091552734,$108.38749694824219
08/03/2020,$108.9375,308151200,$108.19999694824219,$111.63749694824219,$107.89250183105469
07/31/2020,$106.26000213623047,374336800,$102.88500213623047,$106.41500091552734,$100.82499694824219
07/30/2020,$96.19000244140625,158130000,$94.1875,$96.29750061035156,$93.76750183105469
07/29/2020,$95.04000091552734,90329200,$93.75,$95.2300033569336,$93.7125015258789
07/28/2020,$93.25250244140625,103625600,$94.36750030517578,$94.55000305175781,$93.24749755859375
07/27/2020,$94.80999755859375,121214000,$93.70999908447266,$94.90499877929688,$93.4800033569336
07/24/2020,$92.61499786376953,185438800,$90.98750305175781,$92.97000122070312,$89.1449966430664
07/23/2020,$92.84500122070312,197004400,$96.99749755859375,$97.07749938964844,$92.01000213623047
07/22/2020,$97.27249908447266,89001600,$96.69249725341797,$97.9749984741211,$96.60250091552734
07/21/2020,$97,103433200,$99.17250061035156,$99.25,$96.74250030517578
07/20/2020,$98.35749816894531,90318000,$96.4175033569336,$98.5,$96.0625
07/17/2020,$96.32749938964844,92186800,$96.98750305175781,$97.14749908447266,$95.83999633789062
07/16/2020,$96.52249908447266,110577600,$96.5625,$97.40499877929688,$95.90499877929688
07/15/2020,$97.7249984741211,153198000,$98.98999786376953,$99.24749755859375,$96.48999786376953
07/14/2020,$97.05750274658203,170989200,$94.83999633789062,$97.25499725341797,$93.87750244140625
07/13/2020,$95.47750091552734,191649200,$97.26499938964844,$99.95500183105469,$95.25749969482422
07/10/2020,$95.91999816894531,90257200,$95.33499908447266,$95.9800033569336,$94.70500183105469
07/09/2020,$95.75250244140625,125642800,$96.26249694824219,$96.31749725341797,$94.67250061035156
07/08/2020,$95.34249877929688,117092000,$94.18000030517578,$95.375,$94.08999633789062
07/07/2020,$93.17250061035156,112424400,$93.85250091552734,$94.65499877929688,$93.05750274658203
07/06/2020,$93.4625015258789,118655600,$92.5,$93.94499969482422,$92.46749877929688
07/02/2020,$91.02749633789062,114041600,$91.9625015258789,$92.61750030517578,$90.91000366210938
07/01/2020,$91.02749633789062,110737200,$91.27999877929688,$91.83999633789062,$90.97750091552734
06/30/2020,$91.19999694824219,140223200,$90.0199966430664,$91.49500274658203,$90
06/29/2020,$90.44499969482422,130646000,$88.3125,$90.5425033569336,$87.81999969482422
06/26/2020,$88.40750122070312,205256800,$91.10250091552734,$91.33000183105469,$88.25499725341797
06/25/2020,$91.20999908447266,137522400,$90.17500305175781,$91.25,$89.39250183105469
06/24/2020,$90.01499938964844,192623200,$91.25,$92.19750213623047,$89.62999725341797
06/23/2020,$91.63249969482422,212155600,$91,$93.09500122070312,$90.56749725341797
06/22/2020,$89.71749877929688,135445200,$87.83499908447266,$89.86499786376953,$87.7874984741211
06/19/2020,$87.43000030517578,264476000,$88.66000366210938,$89.13999938964844,$86.2874984741211
06/18/2020,$87.93250274658203,96820400,$87.85250091552734,$88.36250305175781,$87.30500030517578
06/17/2020,$87.89749908447266,114406400,$88.7874984741211,$88.8499984741211,$87.77249908447266
06/16/2020,$88.0199966430664,165428800,$87.86499786376953,$88.30000305175781,$86.18000030517578
06/15/2020,$85.74749755859375,138808800,$83.3125,$86.41999816894531,$83.1449966430664
06/12/2020,$84.69999694824219,200146000,$86.18000030517578,$86.94999694824219,$83.55500030517578
06/11/2020,$83.9749984741211,201662400,$87.32749938964844,$87.76499938964844,$83.87000274658203
06/10/2020,$88.20999908447266,166651600,$86.9749984741211,$88.69249725341797,$86.52249908447266
06/09/2020,$85.99749755859375,147712400,$83.03500366210938,$86.40249633789062,$83.00250244140625
06/08/2020,$83.36499786376953,95654400,$82.5625,$83.4000015258789,$81.83000183105469
06/05/2020,$82.875,137250400,$80.8375015258789,$82.9375,$80.80750274658203
06/04/2020,$80.58000183105469,87560400,$81.09750366210938,$81.40499877929688,$80.19499969482422
06/03/2020,$81.27999877929688,104491200,$81.16500091552734,$81.55000305175781,$80.57499694824219
06/02/2020,$80.83499908447266,87642800,$80.1875,$80.86000061035156,$79.73249816894531
06/01/2020,$80.4625015258789,80791200,$79.4375,$80.5875015258789,$79.30249786376953
05/29/2020,$79.48500061035156,153532400,$79.8125,$80.2874984741211,$79.11750030517578
05/28/2020,$79.5625,133560800,$79.19249725341797,$80.86000061035156,$78.90750122070312
05/27/2020,$79.52749633789062,112945200,$79.03500366210938,$79.67749786376953,$78.27249908447266
05/26/2020,$79.18250274658203,125522000,$80.875,$81.05999755859375,$79.125
05/22/2020,$79.72250366210938,81803200,$78.94249725341797,$79.80750274658203,$78.8375015258789
05/21/2020,$79.2125015258789,102688800,$79.66500091552734,$80.22250366210938,$78.96749877929688
05/20/2020,$79.80750274658203,111504800,$79.16999816894531,$79.87999725341797,$79.12999725341797
05/19/2020,$78.28500366210938,101729600,$78.75749969482422,$79.62999725341797,$78.25250244140625
05/18/2020,$78.73999786376953,135178400,$78.2925033569336,$79.125,$77.58000183105469
05/15/2020,$76.92749786376953,166348400,$75.0875015258789,$76.9749984741211,$75.05249786376953
05/14/2020,$77.38500213623047,158929200,$76.12750244140625,$77.44750213623047,$75.38249969482422
05/13/2020,$76.9124984741211,200622400,$78.0374984741211,$78.98750305175781,$75.80249786376953
05/12/2020,$77.85250091552734,162301200,$79.4574966430664,$79.92250061035156,$77.72750091552734
05/11/2020,$78.75250244140625,145946400,$77.0250015258789,$79.26249694824219,$76.80999755859375
05/08/2020,$77.53250122070312,133838400,$76.41000366210938,$77.5875015258789,$76.07250213623047
05/07/2020,$75.93499755859375,115215200,$75.80500030517578,$76.2925033569336,$75.49250030517578
05/06/2020,$75.15750122070312,142333600,$75.11499786376953,$75.80999755859375,$74.71749877929688
05/05/2020,$74.38999938964844,147751200,$73.76499938964844,$75.25,$73.61499786376953
05/04/2020,$73.29000091552734,133568000,$72.2925033569336,$73.42250061035156,$71.58000183105469
05/01/2020,$72.26750183105469,240616800,$71.5625,$74.75,$71.4625015258789
04/30/2020,$73.44999694824219,183064000,$72.48999786376953,$73.63249969482422,$72.0875015258789
04/29/2020,$71.93250274658203,137280800,$71.18250274658203,$72.4175033569336,$70.97250366210938
04/28/2020,$69.6449966430664,112004800,$71.2699966430664,$71.4574966430664,$69.55000305175781
04/27/2020,$70.7925033569336,117087600,$70.44999694824219,$71.13500213623047,$69.98750305175781
04/24/2020,$70.74250030517578,126161200,$69.30000305175781,$70.75250244140625,$69.25
04/23/2020,$68.75749969482422,124814400,$68.96749877929688,$70.4375,$68.71749877929688
04/22/2020,$69.0250015258789,116862400,$68.40249633789062,$69.4749984741211,$68.05000305175781
04/21/2020,$67.09249877929688,180991600,$69.06999969482422,$69.3125,$66.35749816894531
04/20/2020,$69.23249816894531,130015200,$69.48750305175781,$70.41999816894531,$69.2125015258789
04/17/2020,$70.69999694824219,215250000,$71.17250061035156,$71.73750305175781,$69.21499633789062
04/16/2020,$71.67250061035156,157125200,$71.84500122070312,$72.05000305175781,$70.5875015258789
04/15/2020,$71.10749816894531,131154400,$70.5999984741211,$71.5824966430664,$70.15750122070312
04/14/2020,$71.76249694824219,194994800,$70,$72.0625,$69.51249694824219
04/13/2020,$68.3125,131022800,$67.07749938964844,$68.42500305175781,$66.4574966430664
04/09/2020,$66.99749755859375,161834800,$67.17500305175781,$67.51750183105469,$66.17500305175781
04/08/2020,$66.51750183105469,168895200,$65.68499755859375,$66.84249877929688,$65.30750274658203
04/07/2020,$64.85749816894531,202887200,$67.69999694824219,$67.92500305175781,$64.75
04/06/2020,$65.61750030517578,201820400,$62.724998474121094,$65.77749633789062,$62.345001220703125
04/03/2020,$60.352500915527344,129880000,$60.70000076293945,$61.42499923706055,$59.74250030517578
04/02/2020,$61.23249816894531,165934000,$60.084999084472656,$61.287498474121094,$59.224998474121094
04/01/2020,$60.227500915527344,176218400,$61.625,$62.18000030517578,$59.782501220703125
03/31/2020,$63.5724983215332,197002000,$63.900001525878906,$65.62249755859375,$63
03/30/2020,$63.70249938964844,167976400,$62.685001373291016,$63.880001068115234,$62.349998474121094
03/27/2020,$61.935001373291016,204216800,$63.1875,$63.967498779296875,$61.76250076293945
03/26/2020,$64.61000061035156,252087200,$61.630001068115234,$64.66999816894531,$61.59000015258789
03/25/2020,$61.380001068115234,303602000,$62.6875,$64.5625,$61.07500076293945
03/24/2020,$61.720001220703125,287531200,$59.09000015258789,$61.92250061035156,$58.57500076293945
03/23/2020,$56.092498779296875,336752800,$57.02000045776367,$57.125,$53.15250015258789
03/20/2020,$57.310001373291016,401693200,$61.79499816894531,$62.95750045776367,$57
03/19/2020,$61.19499969482422,271857200,$61.84749984741211,$63.209999084472656,$60.65250015258789
03/18/2020,$61.66749954223633,300233600,$59.942501068115234,$62.5,$59.279998779296875
03/17/2020,$63.21500015258789,324056000,$61.877498626708984,$64.40249633789062,$59.599998474121094
03/16/2020,$60.5525016784668,322423600,$60.48749923706055,$64.7699966430664,$60
03/13/2020,$69.49250030517578,370732000,$66.22250366210938,$69.9800033569336,$63.23749923706055
03/12/2020,$62.057498931884766,418474000,$63.98500061035156,$67.5,$62
03/11/2020,$68.85749816894531,255598800,$69.34750366210938,$70.30500030517578,$67.96499633789062
03/10/2020,$71.33499908447266,285290000,$69.28500366210938,$71.61000061035156,$67.34249877929688
03/09/2020,$66.5425033569336,286744800,$65.9375,$69.52249908447266,$65.75
03/06/2020,$72.25749969482422,226176800,$70.5,$72.70500183105469,$70.30750274658203
03/05/2020,$73.2300033569336,187572800,$73.87999725341797,$74.88749694824219,$72.85250091552734
03/04/2020,$75.68499755859375,219178400,$74.11000061035156,$75.8499984741211,$73.28250122070312
03/03/2020,$72.33000183105469,319475600,$75.9175033569336,$76,$71.44999694824219
03/02/2020,$74.70249938964844,341397200,$70.56999969482422,$75.36000061035156,$69.43000030517578
02/28/2020,$68.33999633789062,426510000,$64.31500244140625,$69.60250091552734,$64.09249877929688
02/27/2020,$68.37999725341797,320605600,$70.2750015258789,$71.5,$68.23999786376953
02/26/2020,$73.1624984741211,198054800,$71.63249969482422,$74.47000122070312,$71.625
02/25/2020,$72.0199966430664,230673600,$75.23750305175781,$75.63249969482422,$71.53250122070312
02/24/2020,$74.54499816894531,222195200,$74.31500244140625,$76.04499816894531,$72.30750274658203
02/21/2020,$78.26249694824219,129554000,$79.65499877929688,$80.11250305175781,$77.625
02/20/2020,$80.07499694824219,100566000,$80.65750122070312,$81.1624984741211,$79.55249786376953
02/19/2020,$80.90499877929688,93984000,$80,$81.14250183105469,$80
02/18/2020,$79.75,152531200,$78.83999633789062,$79.9375,$78.65249633789062
02/14/2020,$81.23750305175781,80113600,$81.18499755859375,$81.49500274658203,$80.7125015258789
02/13/2020,$81.21749877929688,94747600,$81.04750061035156,$81.55500030517578,$80.8375015258789
02/12/2020,$81.80000305175781,113730400,$80.36750030517578,$81.80500030517578,$80.36750030517578
02/11/2020,$79.90249633789062,94323200,$80.9000015258789,$80.9749984741211,$79.67749786376953
02/10/2020,$80.38749694824219,109348800,$78.54499816894531,$80.38749694824219,$78.4625015258789
02/07/2020,$80.00749969482422,117684000,$80.59249877929688,$80.8499984741211,$79.5
02/06/2020,$81.30249786376953,105425600,$80.64250183105469,$81.30500030517578,$80.06500244140625
02/05/2020,$80.36250305175781,118826800,$80.87999725341797,$81.19000244140625,$79.73750305175781
02/04/2020,$79.7125015258789,136616400,$78.82749938964844,$79.91000366210938,$78.40750122070312
02/03/2020,$77.16500091552734,173788400,$76.07499694824219,$78.37249755859375,$75.55500030517578
01/31/2020,$77.37750244140625,199588400,$80.23249816894531,$80.66999816894531,$77.07250213623047
01/30/2020,$80.96749877929688,126743200,$80.13500213623047,$81.02249908447266,$79.6875
01/29/2020,$81.08499908447266,216229200,$81.11250305175781,$81.9625015258789,$80.34500122070312
01/28/2020,$79.42250061035156,162234000,$78.1500015258789,$79.5999984741211,$78.04750061035156
01/27/2020,$77.23750305175781,161940000,$77.51499938964844,$77.94249725341797,$76.22000122070312
01/24/2020,$79.57749938964844,146537600,$80.0625,$80.8324966430664,$79.37999725341797
01/23/2020,$79.80750274658203,104472000,$79.4800033569336,$79.88999938964844,$78.9124984741211
01/22/2020,$79.42500305175781,101832400,$79.6449966430664,$79.99749755859375,$79.32749938964844
01/21/2020,$79.14250183105469,110843200,$79.29750061035156,$79.75499725341797,$79
01/17/2020,$79.68250274658203,137816400,$79.06749725341797,$79.68499755859375,$78.75
01/16/2020,$78.80999755859375,108829200,$78.39749908447266,$78.92500305175781,$78.02249908447266
01/15/2020,$77.83499908447266,121923600,$77.9625015258789,$78.875,$77.38749694824219
01/14/2020,$78.16999816894531,161954400,$79.17500305175781,$79.39250183105469,$78.0425033569336
01/13/2020,$79.23999786376953,121532000,$77.91000366210938,$79.26750183105469,$77.7874984741211
01/10/2020,$77.5824966430664,140644800,$77.6500015258789,$78.1675033569336,$77.0625
01/09/2020,$77.40750122070312,170108400,$76.80999755859375,$77.60749816894531,$76.55000305175781
01/08/2020,$75.79750061035156,132079200,$74.29000091552734,$76.11000061035156,$74.29000091552734
01/07/2020,$74.59750366210938,108872000,$74.95999908447266,$75.2249984741211,$74.37000274658203
01/06/2020,$74.94999694824219,118387200,$73.44750213623047,$74.98999786376953,$73.1875
01/03/2020,$74.35749816894531,146322800,$74.2874984741211,$75.1449966430664,$74.125
01/02/2020,$75.0875015258789,135480400,$74.05999755859375,$75.1500015258789,$73.79750061035156
