Date,Close/Last,Volume,Open,High,Low
07/17/2026,$346.7699890136719,29929300,$346,$348.5199890136719,$341.3599853515625
07/16/2026,$354.4599914550781,41158500,$373.05999755859375,$375.2699890136719,$352.29998779296875
07/15/2026,$370.9200134277344,28284600,$357.9700012207031,$373.6499938964844,$357.760009765625
07/14/2026,$359.510009765625,18259400,$351.20001220703125,$360.1600036621094,$351.0899963378906
07/13/2026,$352.510009765625,15901700,$356.19000244140625,$358.1300048828125,$351.75
07/10/2026,$357.17999267578125,18146100,$357.5299987792969,$357.82000732421875,$352.75
07/09/2026,$358.8900146484375,24729100,$354.30999755859375,$359.6499938964844,$351.0799865722656
07/08/2026,$361.9200134277344,22094800,$364.760009765625,$367.8399963378906,$358.0199890136719
07/07/2026,$367.0299987792969,24045600,$369.07000732421875,$373.1600036621094,$365.5
07/06/2026,$366.4599914550781,26915800,$361.54998779296875,$367.92999267578125,$357.3800048828125
07/02/2026,$359.9100036621094,25974800,$359.4800109863281,$364.2099914550781,$353.4200134277344
07/01/2026,$361.2099914550781,26736400,$358.3699951171875,$362.9700012207031,$356.42999267578125
06/30/2026,$357.3699951171875,35237200,$353.8699951171875,$358.6199951171875,$350.3999938964844
06/29/2026,$353.6499938964844,34213900,$341.8299865722656,$354.3500061035156,$340.6700134277344
06/26/2026,$337.3900146484375,114706300,$342.54998779296875,$346.3599853515625,$330.20001220703125
06/25/2026,$343.7099914550781,44491400,$336.7300109863281,$345.57000732421875,$335.8399963378906
06/24/2026,$345.2900085449219,44997300,$349.0400085449219,$353.4800109863281,$341.92999267578125
06/23/2026,$346.1300048828125,34007700,$340.69000244140625,$349.2900085449219,$340.20001220703125
06/22/2026,$349.67999267578125,52814800,$357.95001220703125,$358.9200134277344,$341.7200012207031
06/18/2026,$368.0299987792969,44470100,$365.75,$369.4800109863281,$358.6700134277344
06/17/2026,$363.7900085449219,24543600,$369.1300048828125,$372.3299865722656,$362.0199890136719
06/16/2026,$373.25,24876100,$369.6000061035156,$376,$367.05999755859375
06/15/2026,$369.3500061035156,27727500,$367.92999267578125,$372.989990234375,$366.54998779296875
06/12/2026,$359.67999267578125,24704600,$362.6199951171875,$366.57000732421875,$354.94000244140625
06/11/2026,$357.7699890136719,35538200,$355.92999267578125,$358.79998779296875,$346.3599853515625
06/10/2026,$356.3800048828125,32357100,$363.19000244140625,$368.55999755859375,$355.20001220703125
06/09/2026,$364.260009765625,29535100,$367.0899963378906,$372.0799865722656,$357.29998779296875
06/08/2026,$363.30999755859375,27942500,$365.17999267578125,$366.20001220703125,$360.5299987792969
06/05/2026,$368.5299987792969,37471200,$366.3399963378906,$372.0799865722656,$364.1199951171875
06/04/2026,$372.19000244140625,44055500,$358.8999938964844,$373.25,$358.2099914550781
06/03/2026,$358.989990234375,55441600,$362.0299987792969,$366.45001220703125,$358.0799865722656
06/02/2026,$361.8500061035156,50412300,$366.5899963378906,$373.5400085449219,$358.44000244140625
06/01/2026,$376.3699951171875,28672100,$376.5199890136719,$378.55999755859375,$373.5199890136719
05/29/2026,$380.3399963378906,44415800,$385.239990234375,$385.239990234375,$378.4599914550781
05/28/2026,$390.1300048828125,24357500,$388,$391.8699951171875,$385.1600036621094
05/27/2026,$388.8299865722656,23087300,$386.6700134277344,$393.8800048828125,$385.8999938964844
05/26/2026,$388.8800048828125,27747400,$384.510009765625,$389.260009765625,$382.6000061035156
05/22/2026,$382.9700012207031,20442100,$387.3500061035156,$388.739990234375,$381.7699890136719
05/21/2026,$387.6600036621094,24852800,$385.70001220703125,$392.5,$383.0199890136719
05/20/2026,$388.9100036621094,31744400,$387.70001220703125,$393.8599853515625,$382.8999938964844
05/19/2026,$387.6600036621094,39545700,$396.9599914550781,$397.1499938964844,$386.1099853515625
05/18/2026,$396.94000244140625,26837200,$395.69000244140625,$408.6099853515625,$394.5299987792969
05/15/2026,$396.7799987792969,20309700,$396.32000732421875,$399.5400085449219,$393.17999267578125
05/14/2026,$401.07000732421875,21136700,$397.2799987792969,$402.92999267578125,$395.8399963378906
05/13/2026,$402.6199951171875,28144600,$385.6000061035156,$403.70001220703125,$385
05/12/2026,$387.3500061035156,26017500,$387.3399963378906,$388.5199890136719,$382.7699890136719
05/11/2026,$388.6400146484375,30753700,$393.6499938964844,$397.44000244140625,$388.4700012207031
05/08/2026,$400.79998779296875,21461800,$397,$402,$396.3599853515625
05/07/2026,$397.989990234375,24433500,$399.9200134277344,$400.1000061035156,$392.67999267578125
05/06/2026,$398.0400085449219,31308500,$394.25,$399.8500061035156,$392.760009765625
05/05/2026,$388.42999267578125,23878600,$386.2300109863281,$392.82000732421875,$384.0199890136719
05/04/2026,$383.25,26298600,$385.6300048828125,$387.3800048828125,$379.7900085449219
05/01/2026,$385.69000244140625,30105200,$381.6300048828125,$386.760009765625,$379.04998779296875
04/30/2026,$384.79998779296875,72040000,$374.07000732421875,$385.8399963378906,$365.82000732421875
04/29/2026,$349.94000244140625,35376300,$347.57000732421875,$355.7900085449219,$344.2099914550781
04/28/2026,$349.7799987792969,27824100,$348.54998779296875,$352.4200134277344,$346.1199951171875
04/27/2026,$350.3399963378906,28576900,$345.9800109863281,$353.17999267578125,$342.7300109863281
04/24/2026,$344.3999938964844,26426100,$338.7300109863281,$345.2699890136719,$335.3900146484375
04/23/2026,$338.8900146484375,18650300,$341.17999267578125,$341.9599914550781,$336.17999267578125
04/22/2026,$339.32000732421875,20293000,$337.0199890136719,$339.82000732421875,$335.1700134277344
04/21/2026,$332.2900085449219,23123800,$337.69000244140625,$339.3399963378906,$331.3500061035156
04/20/2026,$337.4200134277344,18784200,$340.760009765625,$341.3999938964844,$336.6099853515625
04/17/2026,$341.67999267578125,25581900,$337.6499938964844,$342.32000732421875,$336.239990234375
04/16/2026,$336.0199890136719,20541500,$338.75,$339.8800048828125,$334.5199890136719
04/15/2026,$337.1199951171875,24918800,$332.8900146484375,$337.4800109863281,$330.8999938964844
04/14/2026,$332.9100036621094,27721400,$324.7900085449219,$333.2900085449219,$323.75
04/13/2026,$321.30999755859375,18866400,$317.1400146484375,$321.6300048828125,$315.4700012207031
04/10/2026,$317.239990234375,19152600,$320.0199890136719,$321.8299865722656,$316.32000732421875
04/09/2026,$318.489990234375,23739200,$315.9100036621094,$319.5400085449219,$311.05999755859375
04/08/2026,$317.32000732421875,33547100,$320.45001220703125,$322.0799865722656,$315.0199890136719
04/07/2026,$305.4599914550781,23205400,$302.7300109863281,$305.6300048828125,$297.7200012207031
04/06/2026,$299.989990234375,16945500,$295.8699951171875,$300.6199951171875,$295.17999267578125
04/02/2026,$295.7699890136719,21666500,$290.69000244140625,$298.0799865722656,$289.45001220703125
04/01/2026,$297.3900146484375,37684500,$290.8399963378906,$300.5199890136719,$290.4100036621094
03/31/2026,$287.55999755859375,43875400,$278.0400085449219,$288.0799865722656,$277.0899963378906
03/30/2026,$273.5,35141200,$276.4200134277344,$277.0899963378906,$272.1099853515625
03/27/2026,$274.3399963378906,35890600,$277.2799987792969,$279.3699951171875,$273.95001220703125
03/26/2026,$280.9200134277344,39080600,$287.9100036621094,$287.95001220703125,$278.5
03/25/2026,$290.92999267578125,29460700,$293.44000244140625,$296,$289.239990234375
03/24/2026,$290.44000244140625,36864300,$299.20001220703125,$299.9200134277344,$290.3299865722656
03/23/2026,$302.05999755859375,29326900,$302.1099853515625,$305.9800109863281,$300.92999267578125
03/20/2026,$301,44364100,$305.4599914550781,$306,$298.2699890136719
03/19/2026,$307.1300048828125,25075800,$304.010009765625,$308.05999755859375,$302.3500061035156
03/18/2026,$307.69000244140625,20009800,$309.2699890136719,$312.4700012207031,$306.92999267578125
03/17/2026,$310.9200134277344,21955200,$305.8599853515625,$311.4200134277344,$305.5
03/16/2026,$305.55999755859375,23519700,$304.3500061035156,$306.489990234375,$303.0199890136719
03/13/2026,$302.2799987792969,23693100,$307.010009765625,$307.69000244140625,$300.44000244140625
03/12/2026,$303.54998779296875,24928300,$306.82000732421875,$308.94000244140625,$301.0299987792969
03/11/2026,$308.70001220703125,24125700,$306.75,$311.4200134277344,$305.9200134277344
03/10/2026,$307.0400085449219,23239700,$306.1700134277344,$309.510009765625,$305.57000732421875
03/09/2026,$306.3599853515625,29312100,$294.3599853515625,$306.79998779296875,$294.0799865722656
03/06/2026,$298.5199890136719,25576900,$296.0899963378906,$300.5299987792969,$295.17999267578125
03/05/2026,$300.8800048828125,35752300,$303.0400085449219,$303.29998779296875,$297.989990234375
03/04/2026,$303.1300048828125,29536200,$302.8900146484375,$305.4700012207031,$300.75
03/03/2026,$303.5799865722656,35497000,$298.5899963378906,$303.94000244140625,$296.7099914550781
03/02/2026,$306.5199890136719,34790200,$303.2300109863281,$308.489990234375,$301.29998779296875
02/27/2026,$311.760009765625,44640600,$304.1400146484375,$312.3699951171875,$303.79998779296875
02/26/2026,$307.3800048828125,36431200,$312.6400146484375,$313.1400146484375,$302.3500061035156
02/25/2026,$312.8999938964844,29963600,$312.05999755859375,$313.6400146484375,$309.44000244140625
02/24/2026,$310.8999938964844,25615600,$310.5199890136719,$312.2699890136719,$305.92999267578125
02/23/2026,$311.489990234375,31423000,$319.04998779296875,$319.5199890136719,$309.8699951171875
02/20/2026,$314.9800109863281,53210800,$304.32000732421875,$316.5,$303.8999938964844
02/19/2026,$302.8500061035156,25834400,$301.82000732421875,$305.4700012207031,$300.0400085449219
02/18/2026,$303.3299865722656,28482100,$302.0899963378906,$305.3800048828125,$301.25
02/17/2026,$302.0199890136719,39247600,$300.0400085449219,$304.44000244140625,$296.25
02/13/2026,$305.7200012207031,38499700,$307.7300109863281,$308.6300048828125,$303.7099914550781
02/12/2026,$309,47761300,$312.0899963378906,$316.239990234375,$307.20001220703125
02/11/2026,$310.9599914550781,45406400,$318.9700012207031,$321.05999755859375,$309.6600036621094
02/10/2026,$318.5799865722656,39170000,$320.9700012207031,$321.6700134277344,$314.6099853515625
02/09/2026,$324.32000732421875,39640100,$320.92999267578125,$327.70001220703125,$317.260009765625
02/06/2026,$322.8599853515625,56380500,$327.17999267578125,$330.3800048828125,$319.9200134277344
02/05/2026,$331.25,88205800,$312.2200012207031,$332.69000244140625,$306.4599914550781
02/04/2026,$333.0400085449219,70618400,$342.9599914550781,$343.30999755859375,$328.5199890136719
02/03/2026,$339.7099914550781,36506700,$347.3399963378906,$349,$337.4700012207031
02/02/2026,$343.69000244140625,32006100,$336.2200012207031,$344.8299865722656,$335.6300048828125
01/30/2026,$338,31024000,$340,$340,$332.2900085449219
01/29/2026,$338.25,39785600,$340.29998779296875,$342.2900085449219,$326.5400085449219
01/28/2026,$336.010009765625,27434400,$336.05999755859375,$337.5400085449219,$331.94000244140625
01/27/2026,$334.54998779296875,21636200,$335.3699951171875,$337.9100036621094,$333.4800109863281
01/26/2026,$333.260009765625,26042100,$327.80999755859375,$335.8399963378906,$327
01/23/2026,$327.92999267578125,27280000,$332.489990234375,$333.69000244140625,$327.45001220703125
01/22/2026,$330.5400085449219,26253600,$334.45001220703125,$335.1499938964844,$328.75
01/21/2026,$328.3800048828125,35386600,$320.9200134277344,$332.4800109863281,$319.3500061035156
01/20/2026,$322,35361000,$320.8699951171875,$327.7300109863281,$320.42999267578125
01/16/2026,$330,40341600,$334.4100036621094,$334.6499938964844,$327.70001220703125
01/15/2026,$332.7799987792969,28442400,$337.6499938964844,$337.69000244140625,$330.739990234375
01/14/2026,$335.8399963378906,28525600,$335.05999755859375,$336.5199890136719,$330.4800109863281
01/13/2026,$335.9700012207031,33517600,$334.95001220703125,$340.489990234375,$333.6199951171875
01/12/2026,$331.8599853515625,33923900,$325.79998779296875,$334.0400085449219,$325
01/09/2026,$328.57000732421875,26214200,$327.0899963378906,$330.8299865722656,$325.79998779296875
01/08/2026,$325.44000244140625,31896100,$328.9700012207031,$330.32000732421875,$321.5
01/07/2026,$321.9800109863281,35104400,$314.3599853515625,$326.1499938964844,$314.19000244140625
01/06/2026,$314.3399963378906,31212100,$316.3999938964844,$320.94000244140625,$311.7799987792969
01/05/2026,$316.5400085449219,30195600,$317.6600036621094,$319.0199890136719,$314.6300048828125
01/02/2026,$315.1499938964844,32009400,$316.8999938964844,$322.5,$310.3299865722656
12/31/2025,$313,16377700,$312.8500061035156,$314.5799865722656,$311.44000244140625
12/30/2025,$313.8500061035156,17380900,$312.5,$316.95001220703125,$312.4599914550781
12/29/2025,$313.55999755859375,19621800,$311.3699951171875,$314.0199890136719,$310.6199951171875
12/26/2025,$313.510009765625,10899000,$314.4800109863281,$315.0899963378906,$312.2799987792969
12/24/2025,$314.0899963378906,10097400,$314.7699890136719,$315.0799865722656,$311.9200134277344
12/23/2025,$314.3500061035156,25478700,$309.6300048828125,$314.94000244140625,$309.32000732421875
12/22/2025,$309.7799987792969,26429900,$309.8800048828125,$310.1300048828125,$305.29998779296875
12/19/2025,$307.1600036621094,59943200,$301.7300109863281,$307.25,$300.9700012207031
12/18/2025,$302.4599914550781,33518000,$301.7200012207031,$303.9599914550781,$299.2300109863281
12/17/2025,$296.7200012207031,43930400,$308.010009765625,$308.0899963378906,$296.1199951171875
12/16/2025,$306.57000732421875,30585000,$304.95001220703125,$310.7699890136719,$302.5899963378906
12/15/2025,$308.2200012207031,29151900,$311.32000732421875,$311.4200134277344,$304.8800048828125
12/12/2025,$309.2900085449219,35940200,$313.70001220703125,$314.8699951171875,$305.55999755859375
12/11/2025,$312.42999267578125,42353700,$320.0799865722656,$321.1199951171875,$308.6000061035156
12/10/2025,$320.2099914550781,33428900,$315.8299865722656,$321.30999755859375,$314.67999267578125
12/09/2025,$317.0799865722656,30194000,$312.3699951171875,$317.989990234375,$311.8999938964844
12/08/2025,$313.7200012207031,33909400,$320.04998779296875,$320.44000244140625,$311.2200012207031
12/05/2025,$321.2699890136719,28851700,$319.489990234375,$323.1600036621094,$319.1700134277344
12/04/2025,$317.6199951171875,31240900,$322.2300109863281,$322.3599853515625,$314.70001220703125
12/03/2025,$319.6300048828125,41838300,$315.8900146484375,$321.5799865722656,$314.1000061035156
12/02/2025,$315.80999755859375,35854700,$316.739990234375,$318.3800048828125,$313.9100036621094
12/01/2025,$314.8900146484375,41183000,$317.70001220703125,$319.8500061035156,$313.8900146484375
11/28/2025,$320.17999267578125,26018600,$323.3699951171875,$326.8500061035156,$316.7900085449219
11/26/2025,$319.95001220703125,51373400,$320.67999267578125,$324.5,$316.7900085449219
11/25/2025,$323.44000244140625,88632100,$326.2099914550781,$328.8299865722656,$317.6499938964844
11/24/2025,$318.5799865722656,85165100,$311.1300048828125,$319.4800109863281,$309.6000061035156
11/21/2025,$299.6600036621094,74137700,$296.4200134277344,$303.9200134277344,$293.8500061035156
11/20/2025,$289.45001220703125,62025200,$304.5400085449219,$306.4200134277344,$288.6700134277344
11/19/2025,$292.80999755859375,68198900,$287.1600036621094,$303.80999755859375,$286.6300048828125
11/18/2025,$284.2799987792969,49158700,$287.9200134277344,$288.79998779296875,$278.20001220703125
11/17/2025,$285.0199890136719,52670200,$285.7799987792969,$293.95001220703125,$283.57000732421875
11/14/2025,$276.4100036621094,31647200,$271.4100036621094,$278.55999755859375,$270.70001220703125
11/13/2025,$278.57000732421875,29494000,$282.3399963378906,$282.8399963378906,$277.239990234375
11/12/2025,$286.7099914550781,24829900,$291.67999267578125,$292.010009765625,$283.69000244140625
11/11/2025,$291.30999755859375,19842100,$287.75,$291.9200134277344,$287.32000732421875
11/10/2025,$290.1000061035156,29557300,$284.4200134277344,$290.79998779296875,$282.8599853515625
11/07/2025,$278.8299865722656,34479600,$283.2099914550781,$283.7799987792969,$275.19000244140625
11/06/2025,$284.75,37173600,$285.3299865722656,$288.3500061035156,$281.1400146484375
11/05/2025,$284.30999755859375,31010300,$278.8699951171875,$286.4200134277344,$277.3399963378906
11/04/2025,$277.5400085449219,30078400,$276.75,$281.2699890136719,$276.260009765625
11/03/2025,$283.7200012207031,29786000,$282.17999267578125,$285.5299987792969,$279.79998779296875
10/31/2025,$281.19000244140625,39267900,$283.2099914550781,$286,$277.0299987792969
10/30/2025,$281.4800109863281,74876000,$291.5899963378906,$291.5899963378906,$280.05999755859375
10/29/2025,$274.57000732421875,43580300,$267.75,$275.3399963378906,$267.6700134277344
10/28/2025,$267.4700012207031,29738600,$269.69000244140625,$270.7300109863281,$266.5
10/27/2025,$269.2699890136719,35235200,$264.82000732421875,$270.1400146484375,$264.2799987792969
10/24/2025,$259.9200134277344,28655100,$256.5799865722656,$261.67999267578125,$255.32000732421875
10/23/2025,$253.0800018310547,19901400,$252.97999572753906,$255.0399932861328,$251.85000610351562
10/22/2025,$251.69000244140625,35029400,$254.3699951171875,$256.3599853515625,$249.2899932861328
10/21/2025,$250.4600067138672,47312100,$254.74000549316406,$254.8800048828125,$244.14999389648438
10/20/2025,$256.54998779296875,22350200,$254.69000244140625,$257.3299865722656,$254.22999572753906
10/17/2025,$253.3000030517578,29671600,$250.75999450683594,$254.22000122070312,$247.80999755859375
10/16/2025,$251.4600067138672,27997200,$251.77000427246094,$256.9599914550781,$250.10000610351562
10/15/2025,$251.02999877929688,27007700,$247.25,$252.11000061035156,$245.99000549316406
10/14/2025,$245.4499969482422,22111600,$241.22999572753906,$247.1199951171875,$240.50999450683594
10/13/2025,$244.14999389648438,24995000,$240.2100067138672,$244.5,$239.7100067138672
10/10/2025,$236.57000732421875,33180300,$241.42999267578125,$244.08999633789062,$235.83999633789062
10/09/2025,$241.52999877929688,27892100,$244.47000122070312,$244.75999450683594,$239.14999389648438
10/08/2025,$244.6199951171875,21307100,$244.9600067138672,$246.00999450683594,$243.82000732421875
10/07/2025,$245.75999450683594,23181300,$248.27000427246094,$250.44000244140625,$245.52000427246094
10/06/2025,$250.42999267578125,28894700,$244.77999877929688,$251.32000732421875,$244.5800018310547
10/03/2025,$245.35000610351562,30249600,$244.49000549316406,$246.3000030517578,$241.66000366210938
10/02/2025,$245.69000244140625,25483300,$245.14999389648438,$246.80999755859375,$242.3000030517578
10/01/2025,$244.89999389648438,31658200,$240.75,$246.3000030517578,$238.61000061035156
09/30/2025,$243.10000610351562,34724300,$242.80999755859375,$243.2899932861328,$239.25
09/29/2025,$244.0500030517578,32505800,$247.85000610351562,$251.14999389648438,$242.77000427246094
09/26/2025,$246.5399932861328,18503200,$247.07000732421875,$249.4199981689453,$245.97000122070312
09/25/2025,$245.7899932861328,31020400,$244.39999389648438,$246.49000549316406,$240.74000549316406
09/24/2025,$247.13999938964844,28201000,$251.66000366210938,$252.35000610351562,$246.44000244140625
09/23/2025,$251.66000366210938,26628000,$253.0399932861328,$254.36000061035156,$250.47999572753906
09/22/2025,$252.52999877929688,32290500,$254.42999267578125,$255.77999877929688,$250.3000030517578
09/19/2025,$254.72000122070312,55571400,$253.25,$256,$251.80999755859375
09/18/2025,$252.02999877929688,31239500,$251.67999267578125,$253.99000549316406,$249.8000030517578
09/17/2025,$249.52999877929688,34108000,$251.22000122070312,$251.60000610351562,$246.27999877929688
09/16/2025,$251.16000366210938,34109700,$252.0800018310547,$253.0399932861328,$249.47000122070312
09/15/2025,$251.61000061035156,58383800,$244.66000366210938,$252.41000366210938,$244.66000366210938
09/12/2025,$240.8000030517578,26771600,$240.3699951171875,$242.0800018310547,$238
09/11/2025,$240.3699951171875,30599300,$239.8800048828125,$242.25,$236.25
09/10/2025,$239.1699981689453,35141100,$238.89999389648438,$241.66000366210938,$237.85000610351562
09/09/2025,$239.6300048828125,38061000,$234.1699981689453,$240.47000122070312,$233.22999572753906
09/08/2025,$234.0399932861328,32474700,$235.47000122070312,$238.1300048828125,$233.6699981689453
09/05/2025,$235,46588900,$232.1999969482422,$235.75999450683594,$231.89999389648438
09/04/2025,$232.3000030517578,51684200,$229.64999389648438,$232.3699951171875,$226.11000061035156
09/03/2025,$230.66000366210938,103336100,$226.2100067138672,$231.30999755859375,$224.7899932861328
09/02/2025,$211.35000610351562,47523000,$208.44000244140625,$211.67999267578125,$206.1999969482422
08/29/2025,$212.91000366210938,39728400,$210.50999450683594,$214.64999389648438,$210.1999969482422
08/28/2025,$211.63999938964844,32339300,$207.25,$212.22000122070312,$206.89999389648438
08/27/2025,$207.47999572753906,23022900,$205.6999969482422,$208.91000366210938,$205.64999389648438
08/26/2025,$207.13999938964844,28464100,$207.50999450683594,$207.85000610351562,$205.6999969482422
08/25/2025,$208.49000549316406,29928900,$206.42999267578125,$210.52000427246094,$205.27999877929688
08/22/2025,$206.08999633789062,42827000,$202.72999572753906,$208.5399932861328,$201.3000030517578
08/21/2025,$199.75,19774600,$199.75,$202.47999572753906,$199.42999267578125
08/20/2025,$199.32000732421875,28955500,$200.72999572753906,$201.27999877929688,$196.60000610351562
08/19/2025,$201.57000732421875,24240200,$203.02999877929688,$203.44000244140625,$199.9600067138672
08/18/2025,$203.5,18526600,$204.1999969482422,$205.27000427246094,$202.49000549316406
08/15/2025,$203.89999389648438,34931400,$203.85000610351562,$206.44000244140625,$201.27999877929688
08/14/2025,$202.94000244140625,25230400,$201.5,$204.44000244140625,$201.22999572753906
08/13/2025,$201.9600067138672,28342900,$204.1300048828125,$204.52999877929688,$197.50999450683594
08/12/2025,$203.33999633789062,30397900,$201.3699951171875,$204.5,$200.58999633789062
08/11/2025,$201,25832400,$200.94000244140625,$201.47999572753906,$199.07000732421875
08/08/2025,$201.4199981689453,39161800,$197.22000122070312,$202.61000061035156,$197.1699981689453
08/07/2025,$196.52000427246094,26321800,$197.05999755859375,$197.5399932861328,$194.3300018310547
08/06/2025,$196.08999633789062,21562900,$194.5,$196.6300048828125,$193.6699981689453
08/05/2025,$194.6699981689453,31602300,$194.7100067138672,$197.86000061035156,$193.88999938964844
08/04/2025,$195.0399932861328,31547400,$190.2899932861328,$195.27000427246094,$190.1199951171875
08/01/2025,$189.1300048828125,34832200,$189.02999877929688,$190.8300018310547,$187.82000732421875
07/31/2025,$191.89999389648438,51329200,$195.7100067138672,$195.99000549316406,$191.08999633789062
07/30/2025,$196.52999877929688,32445400,$195.60000610351562,$197.60000610351562,$194.69000244140625
07/29/2025,$195.75,41389200,$192.42999267578125,$195.9199981689453,$192.0800018310547
07/28/2025,$192.5800018310547,38139500,$193.64999389648438,$194.0500030517578,$190.83999633789062
07/25/2025,$193.17999267578125,39785900,$191.97999572753906,$194.3300018310547,$191.25999450683594
07/24/2025,$192.1699981689453,74881700,$197.02999877929688,$197.9499969482422,$191
07/23/2025,$190.22999572753906,58681900,$191.5,$192.52999877929688,$189.17999267578125
07/22/2025,$191.33999633789062,44660200,$191.5,$191.64999389648438,$187.4600067138672
07/21/2025,$190.10000610351562,45803100,$186.25,$190.2899932861328,$186.14999389648438
07/18/2025,$185.05999755859375,34014500,$185.39999389648438,$186.4199981689453,$183.7100067138672
07/17/2025,$183.5800018310547,31992600,$182.13999938964844,$184.05999755859375,$180.47999572753906
07/16/2025,$182.97000122070312,33104200,$183.24000549316406,$184.3300018310547,$182.02999877929688
07/15/2025,$182,33448300,$182.80999755859375,$184.22000122070312,$181.60000610351562
07/14/2025,$181.55999755859375,32536600,$181.00999450683594,$183.6699981689453,$179.67999267578125
07/11/2025,$180.19000244140625,34282900,$176.7899932861328,$181.42999267578125,$176.47999572753906
07/10/2025,$177.6199951171875,29252400,$175.6300048828125,$178.42999267578125,$174.3800048828125
07/09/2025,$176.6199951171875,43025600,$175.25,$179.44000244140625,$172.77000427246094
07/08/2025,$174.36000061035156,40442500,$177.85000610351562,$177.9499969482422,$172.80999755859375
07/07/2025,$176.7899932861328,34175600,$179.05999755859375,$179.3000030517578,$175.67999267578125
07/03/2025,$179.52999877929688,21689700,$178.5,$179.6699981689453,$177.0500030517578
07/02/2025,$178.63999938964844,29128900,$175.5399932861328,$178.86000061035156,$175.07000732421875
07/01/2025,$175.83999633789062,35904500,$175.74000549316406,$176.08999633789062,$173.52999877929688
06/30/2025,$176.22999572753906,63378900,$180.77999877929688,$181.22999572753906,$174.5800018310547
06/27/2025,$178.52999877929688,108140200,$173.5399932861328,$178.67999267578125,$171.72999572753906
06/26/2025,$173.5399932861328,31796700,$172.42999267578125,$173.69000244140625,$169.94000244140625
06/25/2025,$170.67999267578125,35479000,$167.6300048828125,$172.36000061035156,$167.5500030517578
06/24/2025,$166.77000427246094,40524300,$166.9199981689453,$168.22000122070312,$166.1300048828125
06/23/2025,$165.19000244140625,57671000,$166.27000427246094,$167.33999633789062,$162
06/20/2025,$166.63999938964844,75659900,$173.9499969482422,$174.33999633789062,$165.4600067138672
06/18/2025,$173.32000732421875,28707500,$176.00999450683594,$176.55999755859375,$173.1999969482422
06/17/2025,$175.9499969482422,24973000,$175.6999969482422,$177.36000061035156,$174.5800018310547
06/16/2025,$176.77000427246094,27389200,$174.72999572753906,$176.94000244140625,$174.64999389648438
06/13/2025,$174.6699981689453,27663100,$172.44000244140625,$177.1300048828125,$172.38999938964844
06/12/2025,$175.6999969482422,20941900,$176.17999267578125,$176.72000122070312,$174.75
06/11/2025,$177.35000610351562,31646800,$179.77000427246094,$180.3699951171875,$176.75
06/10/2025,$178.60000610351562,61766100,$176.1999969482422,$181.11000061035156,$174.91000366210938
06/09/2025,$176.08999633789062,28935900,$174.5399932861328,$176.47000122070312,$174.3699951171875
06/06/2025,$173.67999267578125,35731800,$170.8300018310547,$174.5,$170.8300018310547
06/05/2025,$168.2100067138672,36379100,$170.33999633789062,$170.92999267578125,$167.58999633789062
06/04/2025,$168.0500030517578,26900800,$166.74000549316406,$168.22000122070312,$166.36000061035156
06/03/2025,$166.17999267578125,45084900,$167.49000549316406,$168.47999572753906,$165.27999877929688
06/02/2025,$169.02999877929688,38612300,$167.83999633789062,$169.8699951171875,$167.38999938964844
05/30/2025,$171.74000549316406,52639900,$171.35000610351562,$172.2100067138672,$167.44000244140625
05/29/2025,$171.86000061035156,29317300,$174,$174.4199981689453,$170.6300048828125
05/28/2025,$172.36000061035156,34784000,$173.16000366210938,$175.27000427246094,$171.91000366210938
05/27/2025,$172.89999389648438,37995700,$170.16000366210938,$173.1699981689453,$170
05/23/2025,$168.47000122070312,35211400,$169.05999755859375,$169.9600067138672,$167.88999938964844
05/22/2025,$170.8699951171875,74864400,$171.85000610351562,$176.77000427246094,$170.7100067138672
05/21/2025,$168.55999755859375,73416000,$163.69000244140625,$173.13999938964844,$163.55999755859375
05/20/2025,$163.97999572753906,46607700,$166.42999267578125,$168.5,$162.89999389648438
05/19/2025,$166.5399932861328,30426100,$164.50999450683594,$166.63999938964844,$164.22000122070312
05/16/2025,$166.19000244140625,42846900,$167.72999572753906,$169.35000610351562,$165.6199951171875
05/15/2025,$163.9600067138672,33146700,$165.83999633789062,$166.2100067138672,$162.3699951171875
05/14/2025,$165.3699951171875,48755900,$159.9600067138672,$167,$159.61000061035156
05/13/2025,$159.52999877929688,42382100,$158.7899932861328,$160.57000732421875,$156.16000366210938
05/12/2025,$158.4600067138672,44138800,$157.49000549316406,$159.10000610351562,$156.25
05/09/2025,$152.75,32435300,$154.1699981689453,$155.0500030517578,$152.1999969482422
05/08/2025,$154.27999877929688,57498700,$155,$155.92999267578125,$152.89999389648438
05/07/2025,$151.3800048828125,127490100,$164.0800018310547,$165,$147.83999633789062
05/06/2025,$163.22999572753906,21277200,$162.1699981689453,$164.8000030517578,$161.19000244140625
05/05/2025,$164.2100067138672,21341800,$163,$165.38999938964844,$162.72000122070312
05/02/2025,$164.02999877929688,25715000,$163.41000366210938,$164.97000122070312,$161.8699951171875
05/01/2025,$161.3000030517578,30203200,$160.4499969482422,$161.9499969482422,$158.91000366210938
04/30/2025,$158.8000030517578,34981100,$157.97999572753906,$159.27000427246094,$155.39999389648438
04/29/2025,$160.16000366210938,26809000,$160.32000732421875,$160.74000549316406,$157.52000427246094
04/28/2025,$160.61000061035156,29745800,$162.42999267578125,$163.14999389648438,$158.60000610351562
04/25/2025,$161.9600067138672,56034000,$165.07000732421875,$166.10000610351562,$161.0399932861328
04/24/2025,$159.27999877929688,45894000,$156.14999389648438,$159.58999633789062,$155.7899932861328
04/23/2025,$155.35000610351562,31128800,$155.61000061035156,$157.52999877929688,$153.80999755859375
04/22/2025,$151.47000122070312,26971800,$148.88999938964844,$152.19000244140625,$148.5399932861328
04/21/2025,$147.6699981689453,26049100,$148.8800048828125,$148.9499969482422,$146.10000610351562
04/17/2025,$151.16000366210938,33046600,$154.2899932861328,$154.67999267578125,$148.5
04/16/2025,$153.3300018310547,28187400,$153.10000610351562,$155.88999938964844,$151.50999450683594
04/15/2025,$156.30999755859375,27551500,$159.1300048828125,$159.64999389648438,$155.2100067138672
04/14/2025,$159.07000732421875,30333000,$160,$161.72000122070312,$157.55999755859375
04/11/2025,$157.13999938964844,33636200,$152.89999389648438,$157.6699981689453,$152.82000732421875
04/10/2025,$152.82000732421875,48022000,$156.5399932861328,$157.72000122070312,$149.92999267578125
04/09/2025,$158.7100067138672,70406200,$144.4199981689453,$159.5500030517578,$143.91000366210938
04/08/2025,$144.6999969482422,52200200,$151.22000122070312,$152.24000549316406,$143.02999877929688
04/07/2025,$146.75,76794100,$141.5500030517578,$152.85000610351562,$140.52999877929688
04/04/2025,$145.60000610351562,62259500,$148.00999450683594,$151.07000732421875,$145.3800048828125
04/03/2025,$150.72000122070312,46883400,$151.11000061035156,$152.77999877929688,$150.38999938964844
04/02/2025,$157.0399932861328,25041700,$155.14999389648438,$158.41000366210938,$154.6999969482422
04/01/2025,$157.07000732421875,30672900,$153.6199951171875,$158.10000610351562,$153.6199951171875
03/31/2025,$154.63999938964844,54603500,$153.11000061035156,$155.5399932861328,$150.66000366210938
03/28/2025,$154.3300018310547,48669300,$160.49000549316406,$161.82000732421875,$153.6300048828125
03/27/2025,$162.24000549316406,24508300,$164.6300048828125,$165.4199981689453,$162
03/26/2025,$165.05999755859375,28901600,$169,$169.61000061035156,$164.83999633789062
03/25/2025,$170.55999755859375,24174400,$168.97999572753906,$170.6300048828125,$168.32000732421875
03/24/2025,$167.67999267578125,30879100,$167.07000732421875,$168.32000732421875,$165.13999938964844
03/21/2025,$163.99000549316406,36625800,$161.2100067138672,$164.24000549316406,$160.88999938964844
03/20/2025,$162.8000030517578,28138500,$161.57000732421875,$164.88999938964844,$160.9600067138672
03/19/2025,$163.88999938964844,34275600,$161.75999450683594,$165.8699951171875,$161
03/18/2025,$160.6699981689453,42074800,$163.67999267578125,$164.25,$156.72000122070312
03/17/2025,$164.2899932861328,31184300,$165.02999877929688,$166.3000030517578,$163.6699981689453
03/14/2025,$165.49000549316406,31995900,$163.27000427246094,$166.49000549316406,$162.4499969482422
03/13/2025,$162.75999450683594,31756200,$166.0399932861328,$166.1300048828125,$162.11000061035156
03/12/2025,$167.11000061035156,28372400,$166.5800018310547,$167.63999938964844,$163.52999877929688
03/11/2025,$164.0399932861328,39587400,$164.91000366210938,$166.75,$161.3699951171875
03/10/2025,$165.8699951171875,43604000,$168.25999450683594,$168.4600067138672,$163.69000244140625
03/07/2025,$173.86000061035156,27385800,$171.25999450683594,$174.97000122070312,$170.27000427246094
03/06/2025,$172.35000610351562,28302000,$170.52999877929688,$174.80999755859375,$170.5
03/05/2025,$173.02000427246094,30954900,$170.52000427246094,$173.77999877929688,$169.05999755859375
03/04/2025,$170.9199981689453,45388000,$166.24000549316406,$173.2899932861328,$165.8000030517578
03/03/2025,$167.00999450683594,40770500,$171.92999267578125,$173.3699951171875,$165.92999267578125
02/28/2025,$170.27999877929688,48130600,$168.67999267578125,$170.61000061035156,$166.77000427246094
02/27/2025,$168.5,39991000,$173.99000549316406,$174.55999755859375,$167.94000244140625
02/26/2025,$172.72999572753906,35431300,$175.07000732421875,$176.0800018310547,$171.5800018310547
02/25/2025,$175.4199981689453,41913400,$178.0399932861328,$178.74000549316406,$174.69000244140625
02/24/2025,$179.25,29854200,$181.99000549316406,$183.1199951171875,$178.88999938964844
02/21/2025,$179.66000366210938,35199200,$185.14999389648438,$185.33999633789062,$179.0800018310547
02/20/2025,$184.55999755859375,20441500,$184.8000030517578,$185.30999755859375,$182.72000122070312
02/19/2025,$185.27000427246094,19549400,$184.07000732421875,$185.4600067138672,$183.58999633789062
02/18/2025,$183.77000427246094,29916700,$185.60000610351562,$185.9600067138672,$181.74000549316406
02/14/2025,$185.22999572753906,20448400,$185.05999755859375,$186.39999389648438,$184.32000732421875
02/13/2025,$186.13999938964844,21402500,$184.32000732421875,$186.27999877929688,$183.13999938964844
02/12/2025,$183.61000061035156,22072600,$183.22000122070312,$185.11000061035156,$181.8300018310547
02/11/2025,$185.32000732421875,21239500,$185.02999877929688,$186.94000244140625,$184.27999877929688
02/10/2025,$186.47000122070312,23105600,$187.35000610351562,$188.1999969482422,$185.86000061035156
02/07/2025,$185.33999633789062,49315000,$191.0500030517578,$191.17999267578125,$183.24000549316406
02/06/2025,$191.60000610351562,29297400,$189.5,$192.10000610351562,$188.72000122070312
02/05/2025,$191.3300018310547,70373900,$191.07000732421875,$192.75,$188.02999877929688
02/04/2025,$206.3800048828125,43856400,$203.38999938964844,$207.0500030517578,$202.80999755859375
02/03/2025,$201.22999572753906,27838300,$200.69000244140625,$203.75,$200.10000610351562
01/31/2025,$204.02000427246094,32001100,$202,$205.47999572753906,$201.8000030517578
01/30/2025,$200.8699951171875,24354700,$198,$201.39999389648438,$197.6699981689453
01/29/2025,$195.41000366210938,18218300,$195.55999755859375,$196.7899932861328,$193.42999267578125
01/28/2025,$195.3000030517578,24157900,$192.75,$195.47999572753906,$190.67999267578125
01/27/2025,$191.80999755859375,41728900,$192.41000366210938,$196.8800048828125,$190.72999572753906
01/24/2025,$200.2100067138672,23877500,$198.10000610351562,$200.89999389648438,$198
01/23/2025,$197.97999572753906,26951400,$198.13999938964844,$200.3000030517578,$195.1999969482422
01/22/2025,$198.3699951171875,26200600,$199.05999755859375,$200.47999572753906,$197.52999877929688
01/21/2025,$198.0500030517578,29971300,$199.07000732421875,$202.2899932861328,$197.8699951171875
01/17/2025,$196,27735100,$196.52999877929688,$197.22999572753906,$193.75
01/16/2025,$192.91000366210938,17815400,$194.13999938964844,$195.47999572753906,$192.80999755859375
01/15/2025,$195.5500030517578,21776000,$193.08999633789062,$196.36000061035156,$191.86000061035156
01/14/2025,$189.66000366210938,17174900,$191.24000549316406,$191.97999572753906,$188.30999755859375
01/13/2025,$191.00999450683594,21823700,$190.07000732421875,$191.17999267578125,$187.36000061035156
01/10/2025,$192.0399932861328,26665200,$194.3000030517578,$196.52000427246094,$190.30999755859375
01/08/2025,$193.9499969482422,24864800,$192.57000732421875,$196.2899932861328,$192.3800048828125
01/07/2025,$195.49000549316406,26487200,$197.11000061035156,$201,$194.60000610351562
01/06/2025,$196.8699951171875,29563600,$193.97999572753906,$198.22000122070312,$193.85000610351562
01/03/2025,$191.7899932861328,18596200,$191.3699951171875,$193.2100067138672,$189.97999572753906
01/02/2025,$189.42999267578125,20370800,$190.64999389648438,$192,$187.5
12/31/2024,$189.3000030517578,17466900,$191.0800018310547,$191.9600067138672,$188.50999450683594
12/30/2024,$191.24000549316406,14264700,$189.8000030517578,$192.5500030517578,$189.1199951171875
12/27/2024,$192.75999450683594,18891400,$194.9499969482422,$195.32000732421875,$190.64999389648438
12/26/2024,$195.60000610351562,12046600,$195.14999389648438,$196.75,$194.3800048828125
12/24/2024,$196.11000061035156,10403300,$194.83999633789062,$196.11000061035156,$193.77999877929688
12/23/2024,$194.6300048828125,25675000,$192.6199951171875,$195.10000610351562,$190.14999389648438
12/20/2024,$191.41000366210938,63462900,$185.77999877929688,$192.88999938964844,$185.22000122070312
12/19/2024,$188.50999450683594,32265200,$191.6300048828125,$193.02999877929688,$188.3800048828125
12/18/2024,$188.39999389648438,34166100,$195.22000122070312,$197,$187.74000549316406
12/17/2024,$195.4199981689453,43504000,$197.25,$201.4199981689453,$194.97999572753906
12/16/2024,$196.66000366210938,44934900,$192.8699951171875,$199,$192.6199951171875
12/13/2024,$189.82000732421875,25143500,$191.00999450683594,$192.72999572753906,$189.63999938964844
12/12/2024,$191.9600067138672,34817500,$195,$195.17999267578125,$191.7100067138672
12/11/2024,$195.39999389648438,67894100,$185.30999755859375,$195.61000061035156,$184.85000610351562
12/10/2024,$185.1699981689453,54813000,$182.85000610351562,$186.36000061035156,$181.0500030517578
12/09/2024,$175.3699951171875,25389600,$173.9600067138672,$176.25999450683594,$173.64999389648438
12/06/2024,$174.7100067138672,21462400,$172.02999877929688,$175.0800018310547,$171.86000061035156
12/05/2024,$172.63999938964844,21356200,$175.36000061035156,$176.05999755859375,$172.3300018310547
12/04/2024,$174.3699951171875,31615100,$171.14999389648438,$174.91000366210938,$171.05999755859375
12/03/2024,$171.33999633789062,22248700,$171.49000549316406,$172.67999267578125,$170.85000610351562
12/02/2024,$171.49000549316406,23789100,$168.77000427246094,$172.0800018310547,$168.57000732421875
11/29/2024,$168.9499969482422,14257200,$168.5,$169.42999267578125,$167.16000366210938
11/27/2024,$169.22999572753906,19266500,$169,$169.47999572753906,$168.02000427246094
11/26/2024,$169.1199951171875,20486700,$167.6300048828125,$169.82000732421875,$167.5800018310547
11/25/2024,$167.64999389648438,33135300,$166.08999633789062,$168.6300048828125,$165.61000061035156
11/22/2024,$164.75999450683594,38604600,$165.85000610351562,$166.4600067138672,$163.89999389648438
11/21/2024,$167.6300048828125,59734400,$173.89999389648438,$174.1300048828125,$163.6999969482422
11/20/2024,$175.97999572753906,18997100,$177.33999633789062,$177.67999267578125,$173.77999877929688
11/19/2024,$178.1199951171875,23434900,$173.72000122070312,$178.8699951171875,$173.55999755859375
11/18/2024,$175.3000030517578,20135300,$173.4199981689453,$175.44000244140625,$172.89999389648438
11/15/2024,$172.49000549316406,32504600,$173.72999572753906,$174.13999938964844,$171.22000122070312
11/14/2024,$175.5800018310547,31007500,$178.27999877929688,$178.82000732421875,$174.32000732421875
11/13/2024,$178.8800048828125,23184000,$180.4600067138672,$180.9600067138672,$178.5399932861328
11/12/2024,$181.6199951171875,25134900,$179.82000732421875,$182.49000549316406,$179.38999938964844
11/11/2024,$180.35000610351562,17450400,$178.5800018310547,$180.5500030517578,$178.47000122070312
11/08/2024,$178.35000610351562,22006200,$180.64999389648438,$180.89999389648438,$178.0800018310547
11/07/2024,$180.75,25352900,$177.41000366210938,$181.0800018310547,$177.19000244140625
11/06/2024,$176.50999450683594,33695500,$173.8000030517578,$176.94000244140625,$173.5
11/05/2024,$169.74000549316406,18242100,$169.42999267578125,$170.52999877929688,$168.83999633789062
11/04/2024,$169.24000549316406,21492700,$169.92999267578125,$170.72999572753906,$168.00999450683594
11/01/2024,$171.2899932861328,31796500,$170.07000732421875,$172.32000732421875,$168.8800048828125
10/31/2024,$171.11000061035156,44769000,$173.1300048828125,$176.82000732421875,$171
10/30/2024,$174.4600067138672,68890800,$180.67999267578125,$182.02000427246094,$174.05999755859375
10/29/2024,$169.67999267578125,42169000,$167.72999572753906,$170.3800048828125,$167.08999633789062
10/28/2024,$166.72000122070312,32138600,$168.75,$168.75,$163.9499969482422
10/25/2024,$165.27000427246094,19828900,$163.6699981689453,$165.58999633789062,$163.4199981689453
10/24/2024,$162.72000122070312,22412500,$162.8300018310547,$163.3300018310547,$161.00999450683594
10/23/2024,$162.77999877929688,18280500,$164.75999450683594,$165.82000732421875,$161.92999267578125
10/22/2024,$165.13999938964844,16568100,$162.97999572753906,$165.77000427246094,$162.97999572753906
10/21/2024,$164.07000732421875,20946500,$162.9499969482422,$164.5,$162.6199951171875
10/18/2024,$163.4199981689453,19757700,$163.19000244140625,$164.7100067138672,$163.0800018310547
10/17/2024,$162.92999267578125,21453400,$165.72999572753906,$166.3699951171875,$162.75999450683594
10/16/2024,$165.16000366210938,16406000,$164.52999877929688,$165.8000030517578,$163.74000549316406
10/15/2024,$165.4600067138672,20247200,$165.7899932861328,$167.67999267578125,$164.6300048828125
10/14/2024,$164.9600067138672,19016100,$163.63999938964844,$166.22999572753906,$163.39999389648438
10/11/2024,$163.24000549316406,15344300,$162.1300048828125,$163.89999389648438,$161.24000549316406
10/10/2024,$162.0800018310547,14144100,$160.8699951171875,$163.07000732421875,$160.39999389648438
10/09/2024,$161.86000061035156,31181800,$163.4499969482422,$164.83999633789062,$159.74000549316406
10/08/2024,$164.3800048828125,23072700,$163.94000244140625,$164.72999572753906,$162.8699951171875
10/07/2024,$162.97999572753906,22463100,$167.72000122070312,$168.47999572753906,$162.75
10/04/2024,$167.05999755859375,19047400,$168.05999755859375,$168.22999572753906,$165.47999572753906
10/03/2024,$165.86000061035156,15073100,$164.41000366210938,$166.63999938964844,$163.9199981689453
10/02/2024,$165.86000061035156,17760200,$166.4199981689453,$167.52000427246094,$164.72999572753906
10/01/2024,$166.99000549316406,28338100,$167.69000244140625,$169.16000366210938,$164.5800018310547
09/30/2024,$165.85000610351562,20413900,$163.32000732421875,$166.14999389648438,$163.25999450683594
09/27/2024,$163.9499969482422,21101300,$162.80999755859375,$165.6999969482422,$162.6300048828125
09/26/2024,$162.72999572753906,20319300,$163.63999938964844,$164.0800018310547,$162.27999877929688
09/25/2024,$161.49000549316406,18869200,$161.47000122070312,$162.80999755859375,$161.3000030517578
09/24/2024,$162.2899932861328,23332100,$163.02999877929688,$163.22000122070312,$160.69000244140625
09/23/2024,$161.85000610351562,24150900,$164.35000610351562,$165.49000549316406,$161.6699981689453
09/20/2024,$163.58999633789062,40896400,$163.5,$163.72999572753906,$162.05999755859375
09/19/2024,$162.13999938964844,26587700,$163.7100067138672,$163.7899932861328,$161.33999633789062
09/18/2024,$159.80999755859375,23677300,$159.86000061035156,$160.5,$158.60000610351562
09/17/2024,$159.32000732421875,20715600,$159.02000427246094,$160.5500030517578,$158.3800048828125
09/16/2024,$158.05999755859375,18379800,$157.30999755859375,$158.25,$156.60000610351562
09/13/2024,$157.4600067138672,29591200,$155.42999267578125,$158.3800048828125,$155.2100067138672
09/12/2024,$154.69000244140625,29621500,$153.8000030517578,$154.82000732421875,$152.64999389648438
09/11/2024,$151.16000366210938,29607700,$149.9199981689453,$151.5,$147.52000427246094
09/10/2024,$148.66000366210938,31118800,$150.4499969482422,$151.27000427246094,$148.33999633789062
09/09/2024,$148.7100067138672,39260500,$152.50999450683594,$153.39999389648438,$147.22000122070312
09/06/2024,$150.9199981689453,37912100,$157.3000030517578,$157.8300018310547,$150.5500030517578
09/05/2024,$157.24000549316406,18688700,$156.3000030517578,$159.4499969482422,$155.97999572753906
09/04/2024,$156.4499969482422,19353800,$156.66000366210938,$159,$155.9600067138672
09/03/2024,$157.36000061035156,38945300,$161.72000122070312,$161.85000610351562,$156.47999572753906
08/30/2024,$163.3800048828125,22123800,$162.6199951171875,$163.66000366210938,$161.69000244140625
08/29/2024,$161.77999877929688,19699800,$164.30999755859375,$165.97000122070312,$160.25
08/28/2024,$162.85000610351562,16407400,$165.0399932861328,$165.60000610351562,$161.52999877929688
08/27/2024,$164.67999267578125,11821900,$165.83999633789062,$166.44000244140625,$164.4600067138672
08/26/2024,$166.16000366210938,14190400,$166.3800048828125,$167.5500030517578,$164.4600067138672
08/23/2024,$165.6199951171875,13955700,$164.72000122070312,$166.17999267578125,$163.8300018310547
08/22/2024,$163.8000030517578,22493300,$167.25999450683594,$167.58999633789062,$163.30999755859375
08/21/2024,$165.85000610351562,22902000,$165.14999389648438,$166.85000610351562,$164.6699981689453
08/20/2024,$167.17999267578125,18341500,$166.89999389648438,$168.63999938964844,$166.82000732421875
08/19/2024,$166.6699981689453,22416200,$165.27999877929688,$166.69000244140625,$164.25999450683594
08/16/2024,$162.9600067138672,24208600,$161.47000122070312,$165.05999755859375,$161.1300048828125
08/15/2024,$161.3000030517578,31524300,$160.5,$161.63999938964844,$159.61000061035156
08/14/2024,$160.3699951171875,40591100,$162.39999389648438,$163.22000122070312,$157.7100067138672
08/13/2024,$164.16000366210938,18551700,$163.41000366210938,$164.72999572753906,$162.97000122070312
08/12/2024,$162.2899932861328,15895300,$164.35000610351562,$164.89999389648438,$161.83999633789062
08/09/2024,$163.6699981689453,28602300,$160.00999450683594,$163.7899932861328,$159.05999755859375
08/08/2024,$162.02999877929688,25578800,$160.50999450683594,$163.69000244140625,$160.2100067138672
08/07/2024,$158.94000244140625,25138600,$161.25,$162.97999572753906,$158.47000122070312
08/06/2024,$158.2899932861328,49004600,$159.3300018310547,$160.57000732421875,$156.41000366210938
08/05/2024,$159.25,53630700,$155.5,$164.42999267578125,$154.92999267578125
08/02/2024,$166.66000366210938,29130100,$166.44000244140625,$168.50999450683594,$164.6699981689453
08/01/2024,$170.75999450683594,24531400,$170.25,$174.0500030517578,$168.8800048828125
07/31/2024,$171.5399932861328,25729100,$173.24000549316406,$174.25,$170.00999450683594
07/30/2024,$170.2899932861328,18959700,$170.24000549316406,$171.22999572753906,$168.44000244140625
07/29/2024,$169.52999877929688,20293800,$168.8300018310547,$170.42999267578125,$167.99000549316406
07/26/2024,$167,41336900,$167.14999389648438,$168.08999633789062,$164.05999755859375
07/25/2024,$167.27999877929688,44852000,$172.52000427246094,$173.4199981689453,$167.19000244140625
07/24/2024,$172.6300048828125,49585200,$173.60000610351562,$176.19000244140625,$171.82000732421875
07/23/2024,$181.7899932861328,36352700,$182.0500030517578,$183.61000061035156,$181.5399932861328
07/22/2024,$181.6699981689453,24100300,$180.58999633789062,$182.6999969482422,$180.22999572753906
07/19/2024,$177.66000366210938,18881900,$178.8800048828125,$180.2899932861328,$177.1300048828125
07/18/2024,$177.69000244140625,25315700,$181.92999267578125,$182.5,$176.47000122070312
07/17/2024,$181.02000427246094,20734100,$182.97000122070312,$183.5500030517578,$179.89999389648438
07/16/2024,$183.9199981689453,18290700,$187.36000061035156,$188.67999267578125,$183.3699951171875
07/15/2024,$186.52999877929688,16474000,$184.9199981689453,$188.24000549316406,$184.9199981689453
07/12/2024,$185.07000732421875,22898400,$185.0800018310547,$187.11000061035156,$184.49000549316406
07/11/2024,$185.57000732421875,25625800,$189.85000610351562,$190.86000061035156,$185.0800018310547
07/10/2024,$191.17999267578125,15952500,$189.14999389648438,$191.75,$189.02999877929688
07/09/2024,$188.97999572753906,15121400,$190.30999755859375,$191.36000061035156,$188.72000122070312
07/08/2024,$189.02999877929688,21035900,$189.89999389648438,$190.1699981689453,$187.77999877929688
07/05/2024,$190.60000610351562,20967500,$185.86000061035156,$190.86000061035156,$185.8000030517578
07/03/2024,$185.82000732421875,10242100,$184.85000610351562,$186.08999633789062,$184
07/02/2024,$185.24000549316406,17372500,$182.0500030517578,$185.57000732421875,$181.55999755859375
07/01/2024,$182.99000549316406,16006100,$183.02999877929688,$183.8800048828125,$181.3000030517578
06/28/2024,$182.14999389648438,29156600,$184.32000732421875,$185.1300048828125,$181.9600067138672
06/27/2024,$185.41000366210938,18848900,$184.17999267578125,$186.0500030517578,$184.02000427246094
06/26/2024,$183.8800048828125,19839000,$182.6300048828125,$184.50999450683594,$182.47999572753906
06/25/2024,$184.02999877929688,23130200,$179.6199951171875,$184.2899932861328,$179.4199981689453
06/24/2024,$179.22000122070312,18298000,$180.16000366210938,$180.88999938964844,$178.6699981689453
06/21/2024,$179.6300048828125,57759000,$177,$180.85000610351562,$176.61000061035156
06/20/2024,$176.3000030517578,20160100,$175.3699951171875,$177.2899932861328,$174.99000549316406
06/18/2024,$175.08999633789062,21869900,$177.13999938964844,$177.38999938964844,$174.10000610351562
06/17/2024,$177.24000549316406,19618500,$175.4600067138672,$178.36000061035156,$174.80999755859375
06/14/2024,$176.7899932861328,18063600,$174.22000122070312,$177.05999755859375,$174.14999389648438
06/13/2024,$175.16000366210938,20913300,$176.11000061035156,$176.74000549316406,$174.8800048828125
06/12/2024,$177.7899932861328,27864700,$178.25,$180.41000366210938,$176.11000061035156
06/11/2024,$176.6199951171875,21540600,$176.22000122070312,$176.83999633789062,$173.77000427246094
06/10/2024,$175.00999450683594,23726700,$174.97000122070312,$177.05999755859375,$172.75999450683594
06/07/2024,$174.4600067138672,19661400,$177.0500030517578,$177.8699951171875,$174.3000030517578
06/06/2024,$176.72999572753906,23251000,$175.89999389648438,$177.14999389648438,$175.75
06/05/2024,$175.41000366210938,22068500,$175.1999969482422,$176.64999389648438,$173.92999267578125
06/04/2024,$173.7899932861328,26879600,$173.27999877929688,$173.85000610351562,$171.88999938964844
06/03/2024,$173.1699981689453,27459100,$172.5399932861328,$174.52999877929688,$171.16000366210938
05/31/2024,$172.5,37638900,$171.86000061035156,$173.05999755859375,$169.44000244140625
05/30/2024,$172.11000061035156,22931500,$175.1999969482422,$175.22000122070312,$171.7899932861328
05/29/2024,$175.89999389648438,23388700,$175.42999267578125,$176.83999633789062,$174.72000122070312
05/28/2024,$176.39999389648438,20572200,$174.4499969482422,$177.27000427246094,$174.3699951171875
05/24/2024,$174.99000549316406,16579400,$174.97999572753906,$175.77000427246094,$173.64999389648438
05/23/2024,$173.5500030517578,21024900,$177.07000732421875,$178.25,$172.9499969482422
05/22/2024,$176.3800048828125,17880000,$176.63999938964844,$177.14999389648438,$175.2100067138672
05/21/2024,$177.85000610351562,16989400,$176.89999389648438,$178.14999389648438,$175.80999755859375
05/20/2024,$176.9199981689453,22554400,$176.19000244140625,$178.77000427246094,$176.0800018310547
05/17/2024,$176.05999755859375,24479300,$174.17999267578125,$176.27000427246094,$173.69000244140625
05/16/2024,$174.17999267578125,27867900,$173.2899932861328,$175.1199951171875,$172.69000244140625
05/15/2024,$172.50999450683594,26948400,$170.6300048828125,$172.64999389648438,$170.50999450683594
05/14/2024,$170.33999633789062,25127100,$169.77000427246094,$171.25,$168.8000030517578
05/13/2024,$169.13999938964844,31327600,$164.25999450683594,$169.27999877929688,$164
05/10/2024,$168.64999389648438,29799900,$168.02999877929688,$169.85000610351562,$166.19000244140625
05/09/2024,$169.9600067138672,15346700,$169.38999938964844,$170.69000244140625,$168.17999267578125
05/08/2024,$169.3800048828125,19569100,$169,$170.14999389648438,$168.74000549316406
05/07/2024,$171.25,28039700,$168.5,$171.75999450683594,$168.38999938964844
05/06/2024,$168.10000610351562,21871300,$167.4600067138672,$168.13999938964844,$166.02999877929688
05/03/2024,$167.24000549316406,34662400,$167.55999755859375,$167.9600067138672,$163.0500030517578
05/02/2024,$166.6199951171875,24294500,$164.7899932861328,$166.72999572753906,$163.88999938964844
05/01/2024,$163.86000061035156,33493200,$164.3000030517578,$167.1199951171875,$163.08999633789062
04/30/2024,$162.77999877929688,33562900,$165.61000061035156,$168.10000610351562,$162.60000610351562
04/29/2024,$166.14999389648438,45610000,$169.05999755859375,$169.5500030517578,$165.2100067138672
04/26/2024,$171.9499969482422,64665300,$174.3699951171875,$174.7100067138672,$169.64999389648438
04/25/2024,$156,57109700,$151.3300018310547,$156.49000549316406,$150.8699951171875
04/24/2024,$159.1300048828125,22779100,$157.49000549316406,$159.57000732421875,$157.1699981689453
04/23/2024,$158.25999450683594,21151600,$156.9600067138672,$158.97000122070312,$156.27999877929688
04/22/2024,$156.27999877929688,26446200,$154.30999755859375,$157.63999938964844,$154.05999755859375
04/19/2024,$154.08999633789062,32615600,$156.1999969482422,$156.36000061035156,$152.3000030517578
04/18/2024,$156.00999450683594,19883000,$155.33999633789062,$156.94000244140625,$154.6199951171875
04/17/2024,$155.47000122070312,21763100,$155.6199951171875,$157.0800018310547,$154.5800018310547
04/16/2024,$154.39999389648438,20779500,$154.19000244140625,$155.64999389648438,$153.42999267578125
04/15/2024,$154.86000061035156,27136500,$158.86000061035156,$159.24000549316406,$154.58999633789062
04/12/2024,$157.72999572753906,25353700,$157.9600067138672,$160.22000122070312,$157.13999938964844
04/11/2024,$159.41000366210938,27166400,$156.91000366210938,$159.67999267578125,$156.4600067138672
04/10/2024,$156.13999938964844,22838600,$156.2100067138672,$156.61000061035156,$154.67999267578125
04/09/2024,$156.60000610351562,31079500,$156.08999633789062,$158.55999755859375,$155.19000244140625
04/08/2024,$154.85000610351562,20702000,$152.77999877929688,$155.27000427246094,$152.61000061035156
04/05/2024,$152.5,23459200,$150.02999877929688,$153.4199981689453,$149.60000610351562
04/04/2024,$150.52999877929688,34724700,$153.5,$154.77000427246094,$150.4499969482422
04/03/2024,$154.9199981689453,24705000,$153.60000610351562,$155.0800018310547,$152.72999572753906
04/02/2024,$154.55999755859375,24586000,$153.5,$154.6999969482422,$152.14999389648438
04/01/2024,$155.49000549316406,31730800,$150.69000244140625,$155.74000549316406,$150.61000061035156
03/28/2024,$150.92999267578125,24485400,$150.85000610351562,$151.42999267578125,$150.1699981689453
03/27/2024,$150.8699951171875,22879200,$151.17999267578125,$151.63999938964844,$148.89999389648438
03/26/2024,$150.6699981689453,22149100,$150.22000122070312,$152.25999450683594,$149.97999572753906
03/25/2024,$150.07000732421875,19229300,$149.94000244140625,$150.3800048828125,$147.82000732421875
03/22/2024,$150.77000427246094,29211800,$149.1199951171875,$151.5800018310547,$148.97999572753906
03/21/2024,$147.60000610351562,24755600,$149.47000122070312,$150.3699951171875,$146.89999389648438
03/20/2024,$148.74000549316406,21311500,$148,$148.86000061035156,$146.74000549316406
03/19/2024,$147.02999877929688,24070400,$148.16000366210938,$148.7899932861328,$146.0800018310547
03/18/2024,$147.67999267578125,69273700,$148.61000061035156,$152.14999389648438,$147.1699981689453
03/15/2024,$141.17999267578125,49475400,$142.5,$143.17999267578125,$140.02999877929688
03/14/2024,$143.10000610351562,42753400,$141.19000244140625,$143.58999633789062,$140.4600067138672
03/13/2024,$139.7899932861328,23347200,$139,$141.08999633789062,$138.99000549316406
03/12/2024,$138.5,27563400,$137.02999877929688,$139.3800048828125,$137.02999877929688
03/11/2024,$137.6699981689453,32437800,$136.1300048828125,$139.10000610351562,$136.1300048828125
03/08/2024,$135.41000366210938,39370400,$134.2100067138672,$138.08999633789062,$134
03/07/2024,$134.3800048828125,37738200,$132.7899932861328,$134.94000244140625,$131.61000061035156
03/06/2024,$131.39999389648438,35318600,$133.1199951171875,$133.5800018310547,$130.85000610351562
03/05/2024,$132.6699981689453,40194800,$131.8800048828125,$133.24000549316406,$130.6699981689453
03/04/2024,$133.35000610351562,55999400,$135.66000366210938,$135.66000366210938,$131.91000366210938
03/01/2024,$137.13999938964844,31151100,$138.42999267578125,$138.8699951171875,$136.9199981689453
02/29/2024,$138.4600067138672,42133000,$137.27999877929688,$138.86000061035156,$136.39999389648438
02/28/2024,$136.3800048828125,37328600,$137.89999389648438,$138.00999450683594,$135.41000366210938
02/27/2024,$138.8800048828125,33099200,$138.02000427246094,$139.25,$137.08999633789062
02/26/2024,$137.57000732421875,53641800,$142.13999938964844,$142.44000244140625,$137.38999938964844
02/23/2024,$143.9600067138672,19493800,$143.6699981689453,$144.67999267578125,$143.42999267578125
02/22/2024,$144.08999633789062,27191900,$144.92999267578125,$145,$142.8000030517578
02/21/2024,$142.5500030517578,23223300,$141.4499969482422,$142.69000244140625,$140.67999267578125
02/20/2024,$141.1199951171875,25144700,$139.66000366210938,$142.0800018310547,$139.49000549316406
02/16/2024,$140.52000427246094,31468900,$142.99000549316406,$143.19000244140625,$140.13999938964844
02/15/2024,$142.77000427246094,37590700,$143.13999938964844,$143.52000427246094,$140.4600067138672
02/14/2024,$145.94000244140625,22704200,$146.0800018310547,$146.52000427246094,$144.08999633789062
02/13/2024,$145.13999938964844,27837700,$144.9199981689453,$146.6699981689453,$143.69000244140625
02/12/2024,$147.52999877929688,21564100,$148.4199981689453,$149.33999633789062,$147.3699951171875
02/09/2024,$149,26829500,$146.67999267578125,$149.44000244140625,$146.17999267578125
02/08/2024,$145.91000366210938,22563800,$145.8300018310547,$146.3300018310547,$145.10000610351562
02/07/2024,$145.5399932861328,25208900,$144.75999450683594,$145.6199951171875,$143.92999267578125
02/06/2024,$144.10000610351562,29128200,$144.64999389648438,$145.36000061035156,$143.19000244140625
02/05/2024,$143.67999267578125,38505400,$142.82000732421875,$145.47000122070312,$142.77999877929688
02/02/2024,$142.3800048828125,62499600,$139.25999450683594,$142.6199951171875,$136.5
02/01/2024,$141.16000366210938,40466500,$142.1199951171875,$143.05999755859375,$140.7899932861328
01/31/2024,$140.10000610351562,71910000,$143.6199951171875,$144,$139.8699951171875
01/30/2024,$151.4600067138672,36331800,$152.8000030517578,$153.6199951171875,$151.19000244140625
01/29/2024,$153.50999450683594,27784300,$152.05999755859375,$153.77999877929688,$151.42999267578125
01/26/2024,$152.19000244140625,26115500,$151.10000610351562,$152.5399932861328,$151.00999450683594
01/25/2024,$151.8699951171875,29149100,$150.07000732421875,$153.0500030517578,$149.5399932861328
01/24/2024,$148.6999969482422,25233500,$148.5399932861328,$149.85000610351562,$148.10000610351562
01/23/2024,$147.0399932861328,21636100,$145.88999938964844,$147.17999267578125,$145.5
01/22/2024,$145.99000549316406,32200400,$147.10000610351562,$148.38999938964844,$145.83999633789062
01/19/2024,$146.3800048828125,34271900,$144.74000549316406,$146.4499969482422,$144.3800048828125
01/18/2024,$143.47999572753906,25746400,$142.0500030517578,$144.2100067138672,$141.99000549316406
01/17/2024,$141.47000122070312,20968600,$141.35000610351562,$141.83999633789062,$138.89999389648438
01/16/2024,$142.49000549316406,22670500,$142,$144.35000610351562,$141.4499969482422
01/12/2024,$142.64999389648438,18785500,$142.6699981689453,$143.1999969482422,$141.82000732421875
01/11/2024,$142.0800018310547,24008700,$143.49000549316406,$145.22000122070312,$140.63999938964844
01/10/2024,$142.27999877929688,21320200,$141,$143,$140.91000366210938
01/09/2024,$140.9499969482422,24759600,$138.5,$141.49000549316406,$138.14999389648438
01/08/2024,$138.83999633789062,21404000,$136.2899932861328,$139.00999450683594,$136.25999450683594
01/05/2024,$135.72999572753906,22513900,$136.75,$137.16000366210938,$135.14999389648438
01/04/2024,$136.38999938964844,27137700,$138.4199981689453,$139.16000366210938,$136.35000610351562
01/03/2024,$138.9199981689453,24212100,$137.25,$139.6300048828125,$137.0800018310547
01/02/2024,$138.1699981689453,23711200,$138.5500030517578,$139.4499969482422,$136.47999572753906
12/29/2023,$139.69000244140625,18733000,$139.6300048828125,$140.36000061035156,$138.77999877929688
12/28/2023,$140.22999572753906,16045700,$140.77999877929688,$141.13999938964844,$139.75
12/27/2023,$140.3699951171875,19628600,$141.58999633789062,$142.0800018310547,$139.88999938964844
12/26/2023,$141.52000427246094,16780300,$141.58999633789062,$142.67999267578125,$141.19000244140625
12/22/2023,$141.49000549316406,26532200,$140.77000427246094,$141.99000549316406,$140.7100067138672
12/21/2023,$140.4199981689453,27488300,$139.49000549316406,$140.69000244140625,$139.17999267578125
12/20/2023,$138.33999633789062,49107200,$138.97000122070312,$141.6999969482422,$138.07000732421875
12/19/2023,$136.64999389648438,25476800,$136.83999633789062,$137.47000122070312,$136.0800018310547
12/18/2023,$135.8000030517578,32258000,$132.6300048828125,$137.14999389648438,$132.42999267578125
12/15/2023,$132.60000610351562,50847100,$131.6199951171875,$133.50999450683594,$131.17999267578125
12/14/2023,$131.94000244140625,38722400,$133.3800048828125,$133.72000122070312,$129.69000244140625
12/13/2023,$132.57000732421875,30104800,$133.3800048828125,$133.5,$131.57000732421875
12/12/2023,$132.52000427246094,29032800,$131.80999755859375,$133,$131.25999450683594
12/11/2023,$133.2899932861328,31138000,$132.3800048828125,$133.33999633789062,$131.36000061035156
12/08/2023,$134.99000549316406,32260100,$134.1999969482422,$136.39999389648438,$134.02999877929688
12/07/2023,$136.92999267578125,56767100,$135.0399932861328,$138.55999755859375,$134.6999969482422
12/06/2023,$130.02000427246094,23576200,$131.44000244140625,$131.83999633789062,$129.8800048828125
12/05/2023,$130.99000549316406,27384800,$128.9499969482422,$132.13999938964844,$128.25
12/04/2023,$129.27000427246094,36669900,$129.8800048828125,$130.02999877929688,$127.9000015258789
12/01/2023,$131.86000061035156,31442300,$131.86000061035156,$132.11000061035156,$130.6699981689453
11/30/2023,$132.52999877929688,38988300,$135.0500030517578,$135.5500030517578,$131.27999877929688
11/29/2023,$134.99000549316406,23967200,$137.57000732421875,$138.2899932861328,$134.83999633789062
11/28/2023,$137.1999969482422,18730000,$136.0800018310547,$137.25,$135.4199981689453
11/27/2023,$136.41000366210938,23436500,$136.02999877929688,$138.4199981689453,$136
11/24/2023,$136.69000244140625,12514300,$138.02999877929688,$138.1300048828125,$135.99000549316406
11/22/2023,$138.49000549316406,17813900,$137.47000122070312,$139.4199981689453,$137.47000122070312
11/21/2023,$136.97000122070312,22635300,$136.2899932861328,$137.17999267578125,$135.9600067138672
11/20/2023,$136.25,27815500,$133.69000244140625,$136.66000366210938,$133.6199951171875
11/17/2023,$135.30999755859375,37240600,$136,$136.05999755859375,$133.64999389648438
11/16/2023,$136.92999267578125,28013200,$135.19000244140625,$137.22000122070312,$134.32000732421875
11/15/2023,$134.6199951171875,23861500,$134.8699951171875,$135.02999877929688,$133.57000732421875
11/14/2023,$133.6199951171875,32395200,$134.19000244140625,$135.6999969482422,$133.32000732421875
11/13/2023,$132.08999633789062,18324800,$131.77999877929688,$132.58999633789062,$131.25
11/10/2023,$132.58999633789062,26913300,$130.10000610351562,$132.8000030517578,$129.41000366210938
11/09/2023,$130.24000549316406,23747800,$131.9600067138672,$132.5500030517578,$130.07000732421875
11/08/2023,$131.83999633789062,26425800,$130.97000122070312,$132.2100067138672,$130.77999877929688
11/07/2023,$130.97000122070312,29757300,$130.7100067138672,$131.91000366210938,$129.8800048828125
11/06/2023,$130.25,19052700,$129.0500030517578,$130.33999633789062,$128.6699981689453
11/03/2023,$129.10000610351562,26393100,$128.02000427246094,$129.52999877929688,$127.86000061035156
11/02/2023,$127.48999786376953,27124600,$128.4199981689453,$128.97999572753906,$126.93000030517578
11/01/2023,$126.44999694824219,30082400,$124.06999969482422,$126.48999786376953,$123.72000122070312
10/31/2023,$124.08000183105469,26292300,$125.05999755859375,$125.37000274658203,$122.69000244140625
10/30/2023,$124.45999908447266,28940100,$123.20999908447266,$125.4000015258789,$122.75
10/27/2023,$122.16999816894531,44566500,$122.87999725341797,$123.30999755859375,$120.20999908447266
10/26/2023,$122.27999877929688,57061100,$123.2699966430664,$124.33000183105469,$121.2699966430664
10/25/2023,$125.61000061035156,84366200,$128.16000366210938,$128.30999755859375,$125.06999969482422
10/24/2023,$138.80999755859375,44814300,$137.8300018310547,$139.36000061035156,$137.4199981689453
10/23/2023,$136.5,26317900,$135.0399932861328,$137.66000366210938,$133.9499969482422
10/20/2023,$135.60000610351562,26335700,$137.3300018310547,$137.8699951171875,$135.0800018310547
10/19/2023,$137.75,26066000,$138.5,$139.66000366210938,$137.3800048828125
10/18/2023,$137.9600067138672,23375000,$139.4499969482422,$140.72000122070312,$137.3800048828125
10/17/2023,$139.72000122070312,23515800,$138.6300048828125,$139.89999389648438,$137.17999267578125
10/16/2023,$139.10000610351562,28501900,$138.1699981689453,$139.6300048828125,$137.99000549316406
10/13/2023,$137.36000061035156,23420500,$139.3800048828125,$140,$136.6199951171875
10/12/2023,$138.97000122070312,24765500,$141.0500030517578,$141.22000122070312,$138.25999450683594
10/11/2023,$140.5500030517578,25884300,$138.5800018310547,$141.11000061035156,$138.5800018310547
10/10/2023,$138.05999755859375,27786600,$138.5,$139.72000122070312,$137.3300018310547
10/09/2023,$138.4199981689453,19278100,$136.94000244140625,$138.94000244140625,$135.61000061035156
10/06/2023,$137.5800018310547,27597600,$134.00999450683594,$138.16000366210938,$134.00999450683594
10/05/2023,$135.07000732421875,19832600,$135.07000732421875,$135.49000549316406,$133.4499969482422
10/04/2023,$135.24000549316406,26752300,$132.7899932861328,$135.57000732421875,$132.52999877929688
10/03/2023,$132.42999267578125,22989400,$133.94000244140625,$134.25999450683594,$131.83999633789062
10/02/2023,$134.1699981689453,22288000,$131.2100067138672,$134.4199981689453,$131.1699981689453
09/29/2023,$130.86000061035156,30859800,$133.27999877929688,$134.0500030517578,$130.36000061035156
09/28/2023,$132.30999755859375,22513100,$129.83999633789062,$133.3000030517578,$129.7899932861328
09/27/2023,$130.5399932861328,22746500,$128.57000732421875,$130.89999389648438,$128.57000732421875
09/26/2023,$128.57000732421875,25718700,$129.77000427246094,$130.36000061035156,$127.22000122070312
09/25/2023,$131.11000061035156,20094600,$129.8300018310547,$131.1699981689453,$128.9600067138672
09/22/2023,$130.25,26397300,$130.75999450683594,$132.02999877929688,$129.60000610351562
09/21/2023,$130.44000244140625,31503900,$131.44000244140625,$132.22999572753906,$130.07000732421875
09/20/2023,$133.74000549316406,29927500,$138.0800018310547,$138.0800018310547,$133.6199951171875
09/19/2023,$138.0399932861328,20353700,$137.4199981689453,$138.41000366210938,$136.6199951171875
09/18/2023,$138.2100067138672,21861300,$136.61000061035156,$139.16000366210938,$136.61000061035156
09/15/2023,$137.39999389648438,38919600,$137.97999572753906,$138.52000427246094,$136.47999572753906
09/14/2023,$138.10000610351562,24751000,$137.60000610351562,$138.6999969482422,$136.24000549316406
09/13/2023,$136.7100067138672,20749500,$135.08999633789062,$136.89999389648438,$134.14999389648438
09/12/2023,$135.33999633789062,18405500,$136.25999450683594,$136.8699951171875,$135.19000244140625
09/11/2023,$136.9199981689453,20763400,$136.5399932861328,$137.47999572753906,$135.7899932861328
09/08/2023,$136.3800048828125,23558300,$134.91000366210938,$136.66000366210938,$134.85000610351562
09/07/2023,$135.25999450683594,18844300,$133.58999633789062,$135.5800018310547,$132.9499969482422
09/06/2023,$134.4600067138672,18684500,$136.02000427246094,$136.52999877929688,$133.6699981689453
09/05/2023,$135.77000427246094,19403100,$135.44000244140625,$136.4199981689453,$134.5800018310547
09/01/2023,$135.66000366210938,21543700,$137.4600067138672,$137.4600067138672,$134.85000610351562
08/31/2023,$136.1699981689453,30053800,$136.00999450683594,$138,$135.7899932861328
08/30/2023,$135.8800048828125,28315800,$134.77999877929688,$136.27999877929688,$134.07000732421875
08/29/2023,$134.57000732421875,43075600,$132.24000549316406,$136.57000732421875,$132.24000549316406
08/28/2023,$131.00999450683594,20543300,$131.30999755859375,$132.5399932861328,$130.13999938964844
08/25/2023,$129.8800048828125,26762900,$129.5399932861328,$130.75999450683594,$127.25
08/24/2023,$129.77999877929688,28500700,$133.9499969482422,$134.25,$129.57000732421875
08/23/2023,$132.3699951171875,27819700,$130.17999267578125,$133.41000366210938,$129.8699951171875
08/22/2023,$129.0800018310547,22054900,$128.50999450683594,$130.27999877929688,$128.32000732421875
08/21/2023,$128.3699951171875,25248700,$127.18000030517578,$128.72999572753906,$126.55999755859375
08/18/2023,$127.45999908447266,30504800,$128.50999450683594,$129.25,$126.37999725341797
08/17/2023,$129.9199981689453,33446300,$129.8000030517578,$131.99000549316406,$129.2899932861328
08/16/2023,$128.6999969482422,25216100,$128.6999969482422,$130.27999877929688,$127.87000274658203
08/15/2023,$129.77999877929688,19770700,$131.10000610351562,$131.4199981689453,$129.27999877929688
08/14/2023,$131.3300018310547,24695600,$129.38999938964844,$131.3699951171875,$128.9600067138672
08/11/2023,$129.55999755859375,19591100,$128.66000366210938,$129.92999267578125,$128.1699981689453
08/10/2023,$129.69000244140625,20857800,$131.32000732421875,$132.0500030517578,$129.4499969482422
08/09/2023,$129.66000366210938,24912900,$131.66000366210938,$132.0399932861328,$129
08/08/2023,$131.39999389648438,23535200,$130.6199951171875,$131.50999450683594,$129.5399932861328
08/07/2023,$131.52999877929688,22746300,$129.16000366210938,$131.61000061035156,$129.02000427246094
08/04/2023,$128.11000061035156,26147200,$129.27999877929688,$131.50999450683594,$127.91000366210938
08/03/2023,$128.4499969482422,20089500,$127.97000122070312,$129.38999938964844,$127.41999816894531
08/02/2023,$128.3800048828125,26273300,$129.4499969482422,$130.08999633789062,$127.55999755859375
08/01/2023,$131.5500030517578,23166800,$130.77999877929688,$132.6300048828125,$130.67999267578125
07/31/2023,$132.72000122070312,28055500,$132.72999572753906,$133.52999877929688,$131.77999877929688
07/28/2023,$132.5800018310547,36591200,$130.77999877929688,$133.74000549316406,$130.57000732421875
07/27/2023,$129.39999389648438,44952100,$131.6699981689453,$133.24000549316406,$128.7899932861328
07/26/2023,$129.27000427246094,61682100,$130.07000732421875,$130.97999572753906,$128.32000732421875
07/25/2023,$122.20999908447266,52509600,$121.36000061035156,$123.1500015258789,$121.0199966430664
07/24/2023,$121.52999877929688,29686100,$121.66000366210938,$123,$120.9800033569336
07/21/2023,$120.0199966430664,72937900,$120.62000274658203,$120.98999786376953,$118.7300033569336
07/20/2023,$119.19999694824219,37906800,$121.41999816894531,$124.08999633789062,$118.22000122070312
07/19/2023,$122.02999877929688,37224000,$124.5999984741211,$125.18000030517578,$121.80000305175781
07/18/2023,$123.76000213623047,26193600,$124.5999984741211,$124.68000030517578,$122.95999908447266
07/17/2023,$124.6500015258789,25716200,$125.94000244140625,$127.0999984741211,$124.19999694824219
07/14/2023,$125.41999816894531,33283100,$124.80000305175781,$126.77999877929688,$123.48999786376953
07/13/2023,$124.54000091552734,44297900,$120.93000030517578,$124.83000183105469,$120.44999694824219
07/12/2023,$118.93000030517578,30404400,$118.80000305175781,$120.33000183105469,$118.41000366210938
07/11/2023,$117.13999938964844,23078800,$116.29000091552734,$117.70999908447266,$115.3499984741211
07/10/2023,$116.44999694824219,35315200,$118.30000305175781,$118.30999755859375,$116.13999938964844
07/07/2023,$119.4800033569336,21709500,$120.0999984741211,$121.05000305175781,$119.4000015258789
07/06/2023,$120.11000061035156,24745200,$119.80000305175781,$120.30000305175781,$118.4000015258789
07/05/2023,$121.75,27584800,$119.23999786376953,$122.61000061035156,$119.2300033569336
07/03/2023,$119.9000015258789,14467900,$119.23999786376953,$120.19000244140625,$118.81999969482422
06/30/2023,$119.69999694824219,29532200,$120.16999816894531,$121.08000183105469,$119.69000244140625
06/29/2023,$119.0999984741211,24090900,$119.23999786376953,$120.05999755859375,$118.30000305175781
06/28/2023,$120.18000030517578,27091400,$117.08999633789062,$120.38999938964844,$116.8499984741211
06/27/2023,$118.33000183105469,39535900,$117.08000183105469,$119.08000183105469,$116.0999984741211
06/26/2023,$118.33999633789062,33969900,$120.76000213623047,$122,$118.2699966430664
06/23/2023,$122.33999633789062,34913600,$121.37999725341797,$122.79000091552734,$121.05999755859375
06/22/2023,$123.1500015258789,26952200,$120,$123.23999786376953,$118.83000183105469
06/21/2023,$120.55000305175781,30306300,$122.4000015258789,$122.66000366210938,$120.0999984741211
06/20/2023,$123.0999984741211,26097500,$122.93000030517578,$124.56999969482422,$122.13999938964844
06/16/2023,$123.52999877929688,45535600,$125.93000030517578,$126.11000061035156,$123.27999877929688
06/15/2023,$125.08999633789062,35246300,$123.13999938964844,$125.45999908447266,$122.4000015258789
06/14/2023,$123.66999816894531,30592300,$123.0999984741211,$124.05000305175781,$121.44999694824219
06/13/2023,$123.83000183105469,22278300,$124.9800033569336,$125.16000366210938,$123.18000030517578
06/12/2023,$123.63999938964844,28306400,$122.79000091552734,$124.05000305175781,$121.66000366210938
06/09/2023,$122.2300033569336,23778300,$122.25,$123.76000213623047,$121.91000366210938
06/08/2023,$122.13999938964844,29389200,$122.2300033569336,$123.2300033569336,$121.23999786376953
06/07/2023,$122.5,52539000,$126.97000122070312,$129.0399932861328,$122.12000274658203
06/06/2023,$127.30999755859375,26638300,$126.01000213623047,$128.2899932861328,$125.36000061035156
06/05/2023,$126.01000213623047,32305500,$124.01000213623047,$127.43000030517578,$123.83999633789062
06/02/2023,$124.66999816894531,26980100,$123.98999786376953,$126.1500015258789,$123.76000213623047
06/01/2023,$123.72000122070312,30772700,$122.81999969482422,$124.41999816894531,$122.62000274658203
05/31/2023,$122.87000274658203,37325800,$122.75,$124.05999755859375,$122.5
05/30/2023,$123.66999816894531,35076700,$125.63999938964844,$125.66000366210938,$122
05/26/2023,$124.61000061035156,35635900,$123.16999816894531,$125.26000213623047,$122.44999694824219
05/25/2023,$123.4800033569336,42317000,$124.5199966430664,$125.31999969482422,$121.95999908447266
05/24/2023,$120.9000015258789,34182600,$121.12000274658203,$121.91000366210938,$119.86000061035156
05/23/2023,$122.55999755859375,34046300,$124.16000366210938,$124.62999725341797,$122.20999908447266
05/22/2023,$125.05000305175781,35253000,$122.94000244140625,$126.43000030517578,$122.73999786376953
05/19/2023,$122.76000213623047,41353400,$123.55000305175781,$125.97000122070312,$122.1500015258789
05/18/2023,$122.83000183105469,35234200,$120.94999694824219,$123.30999755859375,$120.83000183105469
05/17/2023,$120.83999633789062,33323600,$119.61000061035156,$121.66999816894531,$118.88999938964844
05/16/2023,$119.51000213623047,45035600,$116.48999786376953,$120.75,$116.43000030517578
05/15/2023,$116.51000213623047,36266800,$116.11000061035156,$118.4800033569336,$116.01000213623047
05/12/2023,$117.51000213623047,41102300,$116.68000030517578,$118.02999877929688,$116.11000061035156
05/11/2023,$116.56999969482422,78900000,$115.4000015258789,$117.91999816894531,$114.41000366210938
05/10/2023,$111.75,63153400,$107.97000122070312,$112.94000244140625,$107.93000030517578
05/09/2023,$107.3499984741211,36360100,$108.38999938964844,$110.1500015258789,$107.19000244140625
05/08/2023,$107.7699966430664,26511400,$105.18000030517578,$107.95999908447266,$105.16000366210938
05/05/2023,$105.56999969482422,26639300,$104.81999969482422,$105.87999725341797,$104.11000061035156
05/04/2023,$104.69000244140625,23419500,$105.48999786376953,$105.5999984741211,$103.97000122070312
05/03/2023,$105.41000366210938,21795400,$105.52999877929688,$107.48999786376953,$104.95999908447266
05/02/2023,$105.31999969482422,30997200,$107.13999938964844,$107.19999694824219,$103.70999908447266
05/01/2023,$107.19999694824219,26681700,$106.83999633789062,$107.98999786376953,$106.81999969482422
04/28/2023,$107.33999633789062,36139800,$107.04000091552734,$107.3499984741211,$105.08999633789062
04/27/2023,$107.58999633789062,50089200,$104.44999694824219,$108.37000274658203,$103.54000091552734
04/26/2023,$103.70999908447266,53347600,$104.91999816894531,$106.3499984741211,$102.62999725341797
04/25/2023,$103.8499984741211,46664100,$105.83000183105469,$106.69000244140625,$103.83999633789062
04/24/2023,$105.97000122070312,23542800,$105.48999786376953,$106.62999725341797,$104.69999694824219
04/21/2023,$105.41000366210938,25800100,$105.47000122070312,$106,$104.77999877929688
04/20/2023,$105.29000091552734,27820800,$103.91000366210938,$106.25,$103.87000274658203
04/19/2023,$104.18000030517578,20905700,$103.58000183105469,$104.9800033569336,$103.06999969482422
04/18/2023,$104.5,26596400,$106.48999786376953,$106.54000091552734,$104.06999969482422
04/17/2023,$105.97000122070312,37571200,$104.66000366210938,$106.16000366210938,$104.5199966430664
04/14/2023,$108.87000274658203,26578000,$106.88999938964844,$108.94000244140625,$106.83999633789062
04/13/2023,$107.43000030517578,24843600,$105.83999633789062,$107.48999786376953,$105.83999633789062
04/12/2023,$104.63999938964844,24370300,$106.58000183105469,$106.75,$104.33999633789062
04/11/2023,$105.3499984741211,26311800,$106.55000305175781,$106.7300033569336,$104.68000030517578
04/10/2023,$106.44000244140625,27067400,$106.9800033569336,$107.58999633789062,$105.12000274658203
04/06/2023,$108.41999816894531,48711500,$105.26000213623047,$109.16999816894531,$104.33000183105469
04/05/2023,$104.47000122070312,28290500,$105.77999877929688,$106.0999984741211,$103.66000366210938
04/04/2023,$104.72000122070312,24420100,$104.33000183105469,$105.58000183105469,$104.04000091552734
04/03/2023,$104.36000061035156,25035400,$102.38999938964844,$104.52999877929688,$101.93000030517578
03/31/2023,$103.7300033569336,36863400,$101.30000305175781,$103.88999938964844,$101.04000091552734
03/30/2023,$100.88999938964844,33086200,$100.91000366210938,$101.16000366210938,$99.77999877929688
03/29/2023,$101.38999938964844,28779600,$102.27999877929688,$102.48999786376953,$100.6500015258789
03/28/2023,$101.02999877929688,32057900,$102.44000244140625,$102.44999694824219,$99.73999786376953
03/27/2023,$102.45999908447266,31120900,$104.62000274658203,$104.76000213623047,$101.93000030517578
03/24/2023,$105.44000244140625,30393300,$104.98999786376953,$105.48999786376953,$103.83999633789062
03/23/2023,$105.5999984741211,40797800,$105.05999755859375,$106.30000305175781,$104.45999908447266
03/22/2023,$103.37000274658203,43427400,$104.2699966430664,$106.58999633789062,$103.33000183105469
03/21/2023,$104.91999816894531,42110300,$101.25,$105.0999984741211,$101.22000122070312
03/20/2023,$101.22000122070312,32960400,$100.12000274658203,$101.75,$99.87000274658203
03/17/2023,$101.62000274658203,61028500,$100.26000213623047,$102.83999633789062,$100.0999984741211
03/16/2023,$100.31999969482422,65492000,$96.19999694824219,$101.19000244140625,$95.5
03/15/2023,$96.11000061035156,50622100,$93.22000122070312,$96.93000030517578,$92.63999938964844
03/14/2023,$93.97000122070312,36050200,$92.55999755859375,$94.36000061035156,$92.44000244140625
03/13/2023,$91.11000061035156,37335600,$90.08999633789062,$92.56999969482422,$89.41999816894531
03/10/2023,$90.62999725341797,35941000,$92.16999816894531,$92.79000091552734,$90.4000015258789
03/09/2023,$92.31999969482422,28813500,$94.05000305175781,$95.52999877929688,$91.9000015258789
03/08/2023,$94.25,34103300,$94.12000274658203,$95.95999908447266,$94
03/07/2023,$93.86000061035156,27835500,$94.9800033569336,$95.66999816894531,$93.52999877929688
03/06/2023,$95.12999725341797,32639300,$94.0199966430664,$95.97000122070312,$94
03/03/2023,$93.6500015258789,35160100,$92.4800033569336,$93.7300033569336,$92.44999694824219
03/02/2023,$92,32204400,$89.66000366210938,$92.27999877929688,$89.58999633789062
03/01/2023,$90.36000061035156,31111200,$89.9800033569336,$91.02999877929688,$89.66999816894531
02/28/2023,$90.05999755859375,30142000,$89.33000183105469,$91.2300033569336,$89.31999969482422
02/27/2023,$89.87000274658203,27502300,$89.87000274658203,$90.16000366210938,$89.33999633789062
02/24/2023,$89.12999725341797,36585100,$89.44000244140625,$89.88999938964844,$88.58000183105469
02/23/2023,$90.88999938964844,41206400,$91.91999816894531,$91.94000244140625,$89.76000213623047
02/22/2023,$91.6500015258789,30884000,$91.69999694824219,$92.11000061035156,$90.61000061035156
02/21/2023,$91.79000091552734,33629300,$93,$93.0999984741211,$91.72000122070312
02/17/2023,$94.3499984741211,34284100,$94.8499984741211,$95.55999755859375,$93.20999908447266
02/16/2023,$95.51000213623047,42462600,$95.37000274658203,$97.68000030517578,$94.73999786376953
02/15/2023,$96.94000244140625,50169000,$94.48999786376953,$97.12000274658203,$94.1500015258789
02/14/2023,$94.68000030517578,54726100,$94.43000030517578,$94.8499984741211,$92.26000213623047
02/13/2023,$94.61000061035156,50076100,$94.73999786376953,$95.19999694824219,$93.83999633789062
02/10/2023,$94.56999969482422,54980700,$95.44999694824219,$96.75,$94.25
02/09/2023,$95.01000213623047,119455000,$100,$100.02999877929688,$93.62999725341797
02/08/2023,$99.37000274658203,94743500,$102.05000305175781,$103.13999938964844,$98.04000091552734
02/07/2023,$107.63999938964844,49010200,$103.22000122070312,$108.18000030517578,$103.12000274658203
02/06/2023,$102.9000015258789,31999600,$102.4000015258789,$104.36000061035156,$101.87999725341797
02/03/2023,$104.77999877929688,65309300,$102.93000030517578,$107.80999755859375,$102.58000183105469
02/02/2023,$107.73999786376953,69883800,$105.80000305175781,$107.8499984741211,$105.61000061035156
02/01/2023,$100.43000030517578,35531100,$98.70999908447266,$101.19000244140625,$97.58000183105469
01/31/2023,$98.83999633789062,29870700,$96.87000274658203,$98.87999725341797,$96.81999969482422
01/30/2023,$96.94000244140625,27226200,$97.4800033569336,$98.29000091552734,$96.4000015258789
01/27/2023,$99.37000274658203,33879800,$97.30999755859375,$100.31999969482422,$97.30999755859375
01/26/2023,$97.5199966430664,30114000,$96.5,$97.56999969482422,$95.37999725341797
01/25/2023,$95.22000122070312,42330000,$95.56999969482422,$96.16000366210938,$93.76000213623047
01/24/2023,$97.69999694824219,33078500,$98.0999984741211,$99.61000061035156,$97.19999694824219
01/23/2023,$99.79000091552734,40005100,$97.94999694824219,$100.04000091552734,$97.5
01/20/2023,$98.0199966430664,63191100,$95.0999984741211,$98.30000305175781,$95.0199966430664
01/19/2023,$93.05000305175781,37000400,$90.72000122070312,$93.61000061035156,$90.62999725341797
01/18/2023,$91.12000274658203,29116700,$92.13999938964844,$92.80000305175781,$90.63999938964844
01/17/2023,$91.29000091552734,32602400,$92.05999755859375,$92.25,$90.05000305175781
01/13/2023,$92.12000274658203,26329200,$90.8499984741211,$92.19000244140625,$90.12999725341797
01/12/2023,$91.12999725341797,30258100,$91.4800033569336,$91.87000274658203,$89.75
01/11/2023,$91.5199966430664,26862000,$89.18000030517578,$91.5999984741211,$89.01000213623047
01/10/2023,$88.41999816894531,30467800,$85.9800033569336,$88.66999816894531,$85.83000183105469
01/09/2023,$88.0199966430664,29003900,$88.36000061035156,$90.05000305175781,$87.86000061035156
01/06/2023,$87.33999633789062,41381500,$86.79000091552734,$87.69000244140625,$84.86000061035156
01/05/2023,$86.19999694824219,27194400,$87.47000122070312,$87.56999969482422,$85.9000015258789
01/04/2023,$88.08000183105469,34854800,$90.3499984741211,$90.6500015258789,$87.2699966430664
01/03/2023,$89.12000274658203,28131200,$89.58999633789062,$91.05000305175781,$88.5199966430664
12/30/2022,$88.2300033569336,23986300,$86.9800033569336,$88.30000305175781,$86.56999969482422
12/29/2022,$88.44999694824219,23333500,$86.62000274658203,$88.8499984741211,$86.61000061035156
12/28/2022,$86.0199966430664,19523200,$86.9800033569336,$88.04000091552734,$85.94000244140625
12/27/2022,$87.38999938964844,20097300,$88.80000305175781,$88.94000244140625,$87.01000213623047
12/23/2022,$89.2300033569336,23003000,$87.11000061035156,$89.55000305175781,$87.06999969482422
12/22/2022,$87.76000213623047,27658300,$88.16000366210938,$88.54000091552734,$86.31999969482422
12/21/2022,$89.58000183105469,24745600,$89.08000183105469,$90.22000122070312,$88.31999969482422
12/20/2022,$89.0199966430664,23453800,$88.11000061035156,$89.18000030517578,$87.44000244140625
12/19/2022,$88.44000244140625,29493000,$90.26000213623047,$90.55999755859375,$88.20999908447266
12/16/2022,$90.26000213623047,58011800,$90.76000213623047,$91.33000183105469,$89.5199966430664
12/15/2022,$90.86000061035156,40107000,$93.12999725341797,$93.63999938964844,$90.01000213623047
12/14/2022,$95.06999969482422,28733600,$95.19999694824219,$96.87000274658203,$93.5999984741211
12/13/2022,$95.62999725341797,40593700,$97.76000213623047,$99.52999877929688,$95.02999877929688
12/12/2022,$93.30999755859375,29420000,$92.70999908447266,$93.55999755859375,$91.61000061035156
12/09/2022,$92.83000183105469,28225400,$93.7699966430664,$94.26000213623047,$92.75
12/08/2022,$93.70999908447266,32213300,$95.37999725341797,$95.58000183105469,$93.44999694824219
12/07/2022,$94.94000244140625,31045400,$96.41000366210938,$96.87999725341797,$94.72000122070312
12/06/2022,$96.9800033569336,24910700,$99.30000305175781,$99.77999877929688,$96.41999816894531
12/05/2022,$99.4800033569336,24405100,$99.4000015258789,$101.37999725341797,$99
12/02/2022,$100.44000244140625,21480700,$99.05000305175781,$100.7699966430664,$98.9000015258789
12/01/2022,$100.98999786376953,28687100,$101.0199966430664,$102.25,$100.25
11/30/2022,$100.98999786376953,43647500,$94.81999969482422,$101.04000091552734,$94.41999816894531
11/29/2022,$95.19000244140625,20061700,$95.7300033569336,$96.12000274658203,$94.11000061035156
11/28/2022,$96.05000305175781,26237500,$97.04000091552734,$97.58000183105469,$95.61000061035156
11/25/2022,$97.45999908447266,9701400,$98.23999786376953,$98.63999938964844,$97.4000015258789
11/23/2022,$98.45999908447266,18868100,$97.08999633789062,$98.76000213623047,$97.08999633789062
11/22/2022,$97.05000305175781,23438500,$95.94999694824219,$97.22000122070312,$94.05000305175781
11/21/2022,$95.5999984741211,21647400,$97.29000091552734,$98.4000015258789,$95.36000061035156
11/18/2022,$97.43000030517578,28342300,$98.7699966430664,$98.9000015258789,$96.37000274658203
11/17/2022,$98.36000061035156,26052600,$96.97000122070312,$99.27999877929688,$96.79000091552734
11/16/2022,$98.8499984741211,29105200,$97.9000015258789,$99.63999938964844,$97.63999938964844
11/15/2022,$98.44000244140625,41640800,$98.26000213623047,$100.13999938964844,$96.70999908447266
11/14/2022,$95.69999694824219,30179500,$95.08999633789062,$96.79000091552734,$94.51000213623047
11/11/2022,$96.41000366210938,33090500,$94.69000244140625,$96.93000030517578,$93.91999816894531
11/10/2022,$93.94000244140625,51620100,$92.25,$94.38999938964844,$91.61000061035156
11/09/2022,$87.31999969482422,31769100,$88.44999694824219,$89.44000244140625,$87.27999877929688
11/08/2022,$88.9000015258789,30429000,$88.9000015258789,$90.31999969482422,$87.58999633789062
11/07/2022,$88.48999786376953,34078900,$87.27999877929688,$88.9000015258789,$86.8499984741211
11/04/2022,$86.58000183105469,51124900,$85.4000015258789,$86.63999938964844,$83.70999908447266
11/03/2022,$83.43000030517578,61288000,$86.31999969482422,$86.5199966430664,$83.33999633789062
11/02/2022,$86.97000122070312,57038300,$90.94000244140625,$91.18000030517578,$86.87999725341797
11/01/2022,$90.47000122070312,47161400,$95.44999694824219,$96.02999877929688,$90.37000274658203
10/31/2022,$94.51000213623047,31675000,$95.41999816894531,$96.02999877929688,$93.9800033569336
10/28/2022,$96.29000091552734,43697300,$92.2699966430664,$96.55000305175781,$92.12999725341797
10/27/2022,$92.22000122070312,60710900,$94.5199966430664,$95.43000030517578,$91.80000305175781
10/26/2022,$94.93000030517578,88114100,$96.43000030517578,$98.30999755859375,$94.69000244140625
10/25/2022,$104.4800033569336,40611400,$102.9000015258789,$104.81999969482422,$102.72000122070312
10/24/2022,$102.5199966430664,27176400,$101.80000305175781,$102.75,$99.9800033569336
10/21/2022,$101.12999725341797,32458700,$97.8499984741211,$101.30999755859375,$97.72000122070312
10/20/2022,$99.97000122070312,25323200,$100,$102.31999969482422,$99.38999938964844
10/19/2022,$99.62999725341797,23811100,$100.01000213623047,$101.0199966430664,$98.91999816894531
10/18/2022,$100.7699966430664,24060700,$103.12999725341797,$103.47000122070312,$99.97000122070312
10/17/2022,$99.97000122070312,28419200,$98.86000061035156,$100.93000030517578,$98.83000183105469
10/14/2022,$96.55999755859375,25410700,$99.98999786376953,$100.69000244140625,$96.37000274658203
10/13/2022,$99.05999755859375,34574500,$95.1500015258789,$99.77999877929688,$94.37999725341797
10/12/2022,$97.55999755859375,21876400,$97.30000305175781,$98.75,$96.73999786376953
10/11/2022,$97.18000030517578,26507100,$97.43000030517578,$99.25,$96.30999755859375
10/10/2022,$97.86000061035156,18225100,$99,$99.0999984741211,$97.01000213623047
10/07/2022,$98.68000030517578,27502800,$99.8499984741211,$100.52999877929688,$98.30000305175781
10/06/2022,$101.41999816894531,22324000,$100.68000030517578,$102.93000030517578,$100.58999633789062
10/05/2022,$101.43000030517578,22176900,$99.83000183105469,$101.93000030517578,$98.80000305175781
10/04/2022,$101.63999938964844,28850800,$100.44000244140625,$101.83999633789062,$100.37999725341797
10/03/2022,$98.63999938964844,27982000,$96.76000213623047,$99.29000091552734,$96.5199966430664
09/30/2022,$95.6500015258789,32941500,$97.05000305175781,$98.9000015258789,$95.55999755859375
09/29/2022,$97.41999816894531,31047200,$98.63999938964844,$98.63999938964844,$95.95999908447266
09/28/2022,$100.05000305175781,32466300,$97.6500015258789,$100.69999694824219,$97.11000061035156
09/27/2022,$97.5,30072800,$99.43000030517578,$100,$96.87000274658203
09/26/2022,$98.16999816894531,27072700,$98.0999984741211,$99.87999725341797,$97.80000305175781
09/23/2022,$98.73999786376953,31625400,$99.62999725341797,$99.66000366210938,$97.47000122070312
09/22/2022,$100.13999938964844,34298600,$98.81999969482422,$101.23999786376953,$98.79000091552734
09/21/2022,$99.27999877929688,31487300,$101.66999816894531,$102.87999725341797,$99.2699966430664
09/20/2022,$101.13999938964844,26517100,$102.08000183105469,$102.37000274658203,$100.5199966430664
09/19/2022,$103.06999969482422,23036800,$101.75,$103.33000183105469,$101.55000305175781
09/16/2022,$102.80000305175781,42797200,$102.06999969482422,$103.12999725341797,$100.94000244140625
09/15/2022,$102.91000366210938,34188300,$104.02999877929688,$105.2699966430664,$102.3499984741211
09/14/2022,$105,26395100,$104.56999969482422,$105.27999877929688,$103.66000366210938
09/13/2022,$104.31999969482422,38172900,$107.80000305175781,$108.30000305175781,$104.08999633789062
09/12/2022,$110.86000061035156,22966800,$110.98999786376953,$111.62000274658203,$109.93000030517578
09/09/2022,$110.6500015258789,23197700,$109.06999969482422,$110.98999786376953,$109.0199966430664
09/08/2022,$108.37999725341797,24238300,$108.04000091552734,$109.5999984741211,$107.16000366210938
09/07/2022,$109.44999694824219,23167000,$107.05999755859375,$109.9800033569336,$106.9000015258789
09/06/2022,$106.80999755859375,25068300,$107.30000305175781,$108.02999877929688,$105.77999877929688
09/02/2022,$107.8499984741211,24160700,$110.58999633789062,$110.73999786376953,$107.26000213623047
09/01/2022,$109.73999786376953,28360900,$108.27999877929688,$110.44999694824219,$107.36000061035156
08/31/2022,$108.22000122070312,28627000,$110.6500015258789,$110.8499984741211,$108.12999725341797
08/30/2022,$108.94000244140625,27513300,$110.16999816894531,$110.5,$107.80000305175781
08/29/2022,$109.41999816894531,21191200,$109.98999786376953,$110.94999694824219,$108.80000305175781
08/26/2022,$110.33999633789062,37245700,$114.72000122070312,$115.12000274658203,$110.19000244140625
08/25/2022,$116.6500015258789,16956800,$114.23999786376953,$116.72000122070312,$114.11000061035156
08/24/2022,$113.69000244140625,17734600,$113.5,$114.77999877929688,$112.87000274658203
08/23/2022,$113.86000061035156,15870400,$113.4800033569336,$115.01000213623047,$113.43000030517578
08/22/2022,$114.23999786376953,21456600,$115.19999694824219,$115.62999725341797,$113.8499984741211
08/19/2022,$117.20999908447266,21809500,$119.05999755859375,$119.1500015258789,$116.76000213623047
08/18/2022,$120.16999816894531,17987700,$119.43000030517578,$120.81999969482422,$118.72000122070312
08/17/2022,$119.55000305175781,22847000,$120.12000274658203,$121.29000091552734,$119.37999725341797
08/16/2022,$121.69999694824219,19041200,$121.5199966430664,$122.43000030517578,$120.63999938964844
08/15/2022,$122.08000183105469,19494800,$121.12999725341797,$122.30000305175781,$120.61000061035156
08/12/2022,$121.68000030517578,19096300,$120.26000213623047,$121.68000030517578,$119.45999908447266
08/11/2022,$118.83999633789062,24293700,$121.27999877929688,$121.48999786376953,$118.55999755859375
08/10/2022,$119.69999694824219,30930400,$118.77999877929688,$120.91999816894531,$118.41000366210938
08/09/2022,$116.62999725341797,19086500,$117.13999938964844,$117.31999969482422,$115.70999908447266
08/08/2022,$117.30000305175781,19138300,$118.38999938964844,$120.1500015258789,$116.87999725341797
08/05/2022,$117.47000122070312,19159500,$116.2300033569336,$118.11000061035156,$116
08/04/2022,$118.19000244140625,21602900,$117.4800033569336,$118.77999877929688,$116.88999938964844
08/03/2022,$118.08000183105469,28499000,$115.70999908447266,$118.62000274658203,$115.4800033569336
08/02/2022,$115.12999725341797,20236000,$114,$116.3499984741211,$113.72000122070312
08/01/2022,$114.86000061035156,26034300,$115.30000305175781,$116.72000122070312,$114.33999633789062
07/29/2022,$116.31999969482422,37223400,$113.08000183105469,$116.70999908447266,$113.05999755859375
07/28/2022,$114.22000122070312,32816600,$112.37000274658203,$114.33999633789062,$111.45999908447266
07/27/2022,$113.05999755859375,59858500,$109.26000213623047,$113.91000366210938,$108.01000213623047
07/26/2022,$105.0199966430664,47991000,$106.5999984741211,$107.19999694824219,$104.06999969482422
07/25/2022,$107.51000213623047,34690900,$108.41000366210938,$109.87000274658203,$106.30000305175781
07/22/2022,$107.9000015258789,48901200,$111,$112.33999633789062,$106.5
07/21/2022,$114.33999633789062,32676200,$114.27999877929688,$114.55000305175781,$111.11000061035156
07/20/2022,$113.9000015258789,35600400,$113.16999816894531,$115.4000015258789,$112.4800033569336
07/19/2022,$113.80999755859375,36530900,$110.8499984741211,$114.0199966430664,$109.55999755859375
07/18/2022,$109.02999877929688,43164600,$112.63999938964844,$113.68000030517578,$108.37000274658203
07/15/2022,$111.77749633789062,46770000,$112.00050354003906,$113.1405029296875,$110.9000015258789
07/14/2022,$110.36750030517578,37004000,$110.21050262451172,$111.09300231933594,$108.37300109863281
07/13/2022,$111.35350036621094,43722000,$111.70099639892578,$114.19599914550781,$111.20149993896484
07/12/2022,$114.02050018310547,29960000,$116.21499633789062,$116.9739990234375,$113.69000244140625
07/11/2022,$115.67649841308594,31196000,$117.99800109863281,$117.99800109863281,$115.33049774169922
07/08/2022,$119.35350036621094,38238000,$117.25,$119.68499755859375,$116.90149688720703
07/07/2022,$118.78299713134766,40936000,$115.08000183105469,$119.18949890136719,$114.83350372314453
07/06/2022,$114.5719985961914,37432000,$113.302001953125,$115.5895004272461,$111.47599792480469
07/05/2022,$113.26300048828125,39342000,$107.10050201416016,$113.37699890136719,$105.73149871826172
07/01/2022,$108.73750305175781,35476000,$107.93299865722656,$109.25,$106.73049926757812
06/30/2022,$108.96299743652344,43170000,$110,$110.88800048828125,$106.75
06/29/2022,$111.70149993896484,24716000,$111.552001953125,$113.1604995727539,$110.87249755859375
06/28/2022,$112.00749969482422,35792000,$115.80249786376953,$117.30950164794922,$111.8479995727539
06/27/2022,$115.83350372314453,36420000,$118.27300262451172,$118.57949829101562,$115.17949676513672
06/24/2022,$117.9749984741211,41164000,$112.99500274658203,$118.0790023803711,$112.95249938964844
06/23/2022,$112.24199676513672,28362000,$112.23149871826172,$112.74250030517578,$110.50050354003906
06/22/2022,$111.48750305175781,30774000,$110.55650329589844,$113.34649658203125,$110.38249969482422
06/21/2022,$111.54399871826172,47416000,$108.92949676513672,$112.489501953125,$108.5999984741211
06/17/2022,$107.14350128173828,51376000,$106.03350067138672,$108.69950103759766,$105.0459976196289
06/16/2022,$106.03350067138672,51684000,$107.22100067138672,$108.64849853515625,$105.13800048828125
06/15/2022,$109.7645034790039,39698000,$108.54499816894531,$111.42350006103516,$107.66950225830078
06/14/2022,$106.71549987792969,33706000,$106.53500366210938,$107.92449951171875,$105.80000305175781
06/13/2022,$106.39250183105469,47252000,$106.7864990234375,$108.79149627685547,$106.11900329589844
06/10/2022,$111.1614990234375,41452000,$112.44499969482422,$113.27899932861328,$110.36599731445312
06/09/2022,$114.83550262451172,25798000,$116.32749938964844,$118.29900360107422,$114.7760009765625
06/08/2022,$117.19400024414062,26108000,$116.7614974975586,$118.57050323486328,$116.5999984741211
06/07/2022,$117.14949798583984,31590000,$115.48049926757812,$117.69100189208984,$115.052001953125
06/06/2022,$116.82050323486328,33542000,$116.70449829101562,$119.34700012207031,$116.16400146484375
06/03/2022,$114.54100036621094,26136000,$116.0625,$116.32150268554688,$113.51850128173828
06/02/2022,$117.62249755859375,37992000,$114,$117.89949798583984,$112.94650268554688
06/01/2022,$113.89199829101562,36606000,$114.8550033569336,$117.10150146484375,$113.25
05/31/2022,$113.76200103759766,50012000,$112.74649810791016,$115.73500061035156,$112.07849884033203
05/27/2022,$112.31649780273438,37914000,$109.48300170898438,$112.31800079345703,$109.13849639892578
05/26/2022,$107.7925033569336,37948000,$105.677001953125,$108.64949798583984,$105.2249984741211
05/25/2022,$105.80500030517578,40258000,$104.9854965209961,$106.5,$103.85649871826172
05/24/2022,$105.97000122070312,76780000,$105.77200317382812,$106.45850372314453,$101.8844985961914
05/23/2022,$111.48799896240234,37184000,$109.5875015258789,$112.14749908447266,$108.74099731445312
05/20/2022,$108.90799713134766,48962000,$111.95099639892578,$112.18350219726562,$105.79650115966797
05/19/2022,$110.38400268554688,34144000,$111.43150329589844,$113.01000213623047,$110
05/18/2022,$111.89949798583984,35126000,$115,$115.4000015258789,$111.55549621582031
05/17/2022,$116.4729995727539,23054000,$116.84049987792969,$116.9000015258789,$114.87000274658203
05/16/2022,$114.44499969482422,25990000,$114.95549774169922,$116.16999816894531,$113.8895034790039
05/13/2022,$116.05049896240234,35038000,$114.53299713134766,$117.875,$113.6050033569336
05/12/2022,$112.84400177001953,53836000,$111.37750244140625,$114.29499816894531,$109.82450103759766
05/11/2022,$113.60250091552734,37534000,$113.23650360107422,$116.364501953125,$113.23650360107422
05/10/2022,$114.3949966430664,39900000,$115.50749969482422,$116.25,$112.90049743652344
05/09/2022,$112.51100158691406,40802000,$113.25,$115.0770034790039,$112.00050354003906
05/06/2022,$115.74649810791016,39710000,$115.18450164794922,$117.57150268554688,$114.0155029296875
05/05/2022,$116.50550079345703,45840000,$120.2040023803711,$121.03900146484375,$115.00550079345703
05/04/2022,$122.26100158691406,49916000,$117.03150177001953,$122.85449981689453,$115.11599731445312
05/03/2022,$117.33399963378906,24968000,$116.43049621582031,$118.44200134277344,$116.03450012207031
05/02/2022,$116.58300018310547,35534000,$113.40499877929688,$116.74549865722656,$112.5999984741211
04/29/2022,$114.1094970703125,42676000,$116.7344970703125,$117.91999816894531,$113.81449890136719
04/28/2022,$118.52249908447266,48884000,$116.41500091552734,$119.64949798583984,$114.11499786376953
04/27/2022,$114.29450225830078,91820000,$114.46949768066406,$117.24199676513672,$112.73650360107422
04/26/2022,$118.6500015258789,73054000,$122.29450225830078,$122.51000213623047,$118.51100158691406
04/25/2022,$123.0739974975586,46128000,$119.10099792480469,$123.27749633789062,$118.51100158691406
04/22/2022,$119.635498046875,56884000,$125,$125.4020004272461,$118.92500305175781
04/21/2022,$124.81449890136719,36446000,$129.25,$130.09849548339844,$124.52649688720703
04/20/2022,$128.0399932861328,31696000,$130.89199829101562,$131.3990020751953,$127.5
04/19/2022,$130.00900268554688,26490000,$127.69149780273438,$130.33299255371094,$126.99949645996094
04/18/2022,$127.67649841308594,20808000,$127,$128.21249389648438,$126.18199920654297
04/14/2022,$126.7300033569336,31598000,$130.47950744628906,$130.47950744628906,$126.60099792480469
04/13/2022,$129.8939971923828,27928000,$128,$130.33399963378906,$127.74099731445312
04/12/2022,$127.7145004272461,32710000,$131.60000610351562,$131.60000610351562,$126.78900146484375
04/11/2022,$128.82350158691406,36884000,$131.82350158691406,$132.09249877929688,$128.6685028076172
04/08/2022,$133.28750610351562,25142000,$135.58349609375,$135.6699981689453,$132.9654998779297
04/07/2022,$135.8885040283203,26234000,$136.00999450683594,$137.1645050048828,$134.2274932861328
04/06/2022,$136.54800415039062,32468000,$138.75,$139.36050415039062,$135.51699829101562
04/05/2022,$140.59100341796875,21418000,$142.86900329589844,$142.99049377441406,$140.38250732421875
04/04/2022,$142.97149658203125,25942000,$140.35850524902344,$143.71200561523438,$140.3105010986328
04/01/2022,$140.15049743652344,25942000,$139.5,$140.4709930419922,$138.3074951171875
03/31/2022,$139.0675048828125,37524000,$142.05299377441406,$142.10800170898438,$139.02450561523438
03/30/2022,$141.93850708007812,19884000,$142.4600067138672,$142.7205047607422,$141.60000610351562
03/29/2022,$142.5054931640625,34318000,$142.6475067138672,$143.7935028076172,$142.0384979248047
03/28/2022,$141.45550537109375,35050000,$140.90049743652344,$142.00250244140625,$139.81149291992188
03/25/2022,$141.67300415039062,24126000,$141.91600036621094,$142.03500366210938,$139.7375030517578
03/24/2022,$141.57200622558594,26396000,$139.1999969482422,$141.61900329589844,$137.75050354003906
03/23/2022,$138.27549743652344,25154000,$138.70249938964844,$139.5885009765625,$137.8350067138672
03/22/2022,$139.8679962158203,35496000,$136.10150146484375,$141.0500030517578,$136.10150146484375
03/21/2022,$136.10150146484375,26832000,$136.1634979248047,$137.0500030517578,$134.09249877929688
03/18/2022,$136.12550354003906,44566000,$133.42449951171875,$136.24400329589844,$132.2584991455078
03/17/2022,$133.83900451660156,28264000,$133.1490020751953,$134.08050537109375,$132.18499755859375
03/16/2022,$133.28050231933594,35576000,$130.73300170898438,$133.33299255371094,$128.7344970703125
03/15/2022,$129.197998046875,30920000,$126.97599792480469,$129.85450744628906,$125.72049713134766
03/14/2022,$125.95099639892578,38812000,$130.25,$130.40899658203125,$125.2750015258789
03/11/2022,$129.87049865722656,31526000,$133.48849487304688,$133.79550170898438,$129.63150024414062
03/10/2022,$132.42950439453125,27102000,$131.26600646972656,$133.27200317382812,$130.91250610351562
03/09/2022,$133.4199981689453,37026000,$131.25,$133.73550415039062,$129.90049743652344
03/08/2022,$127.10449981689453,40428000,$126.25,$131.25,$125.67449951171875
03/07/2022,$126.37850189208984,45112000,$131.48800659179688,$131.73500061035156,$126.29499816894531
03/04/2022,$131.906494140625,30430000,$132.92750549316406,$133.85150146484375,$130.33749389648438
03/03/2022,$133.89950561523438,24604000,$136.00999450683594,$136.4394989013672,$133.02549743652344
03/02/2022,$134.57150268554688,23520000,$134.6280059814453,$135.2624969482422,$133.07150268554688
03/01/2022,$134.06149291992188,26496000,$134.8784942626953,$136.2554931640625,$133.218505859375
02/28/2022,$135.0570068359375,38864000,$133.0500030517578,$135.75149536132812,$132.59249877929688
02/25/2022,$134.45950317382812,36406000,$133.552001953125,$135.27149963378906,$131.75149536132812
02/24/2022,$132.6909942626953,54456000,$124.95349884033203,$133,$124.95349884033203
02/23/2022,$127.58799743652344,32786000,$131.64849853515625,$132.05099487304688,$127.52749633789062
02/22/2022,$129.81350708007812,44990000,$129.83799743652344,$132.1804962158203,$128.22349548339844
02/18/2022,$130.4029998779297,45620000,$133.4669952392578,$134.07000732421875,$130.19650268554688
02/17/2022,$132.53900146484375,38950000,$136.2429962158203,$137.11349487304688,$132.47850036621094
02/16/2022,$137.73800659179688,25022000,$136.64649963378906,$138.08599853515625,$134.9239959716797
02/15/2022,$136.60850524902344,26680000,$137.57049560546875,$138.10850524902344,$135.82150268554688
02/14/2022,$135.5260009765625,34302000,$133.25650024414062,$136.3000030517578,$133.25650024414062
02/11/2022,$134.28250122070312,39958000,$138.60000610351562,$139.156494140625,$133.39999389648438
02/10/2022,$138.6199951171875,39330000,$139.70350646972656,$141.4844970703125,$137.95700073242188
02/09/2022,$141.5919952392578,40144000,$140.9635009765625,$142.52450561523438,$140.18699645996094
02/08/2022,$139.3990020751953,54284000,$139.02650451660156,$140,$137.01400756835938
02/07/2022,$139.2010040283203,54974000,$144.25,$144.25,$138.89999389648438
02/04/2022,$143.29299926757812,57998000,$143.4445037841797,$144.875,$140.51499938964844
02/03/2022,$143.08999633789062,71518000,$145.70550537109375,$149.6750030517578,$142.66549682617188
02/02/2022,$148,123200000,$151.25,$151.54649353027344,$145.5225067138672
02/01/2022,$137.6439971923828,68644000,$137.59449768066406,$137.79299926757812,$134.36849975585938
01/31/2022,$135.30349731445312,39986000,$134.16200256347656,$135.47300720214844,$132.20950317382812
01/28/2022,$133.3509979248047,34362000,$129.65899658203125,$133.35650634765625,$128.48500061035156
01/27/2022,$129.0050048828125,31950000,$131.3040008544922,$132.65249633789062,$128.9324951171875
01/26/2022,$129.23300170898438,49130000,$131.11900329589844,$133,$127.14199829101562
01/25/2022,$126.93499755859375,46960000,$128.74000549316406,$129.3990020751953,$126.50050354003906
01/24/2022,$130.8040008544922,76622000,$125.97799682617188,$131.2030029296875,$124.5
01/21/2022,$130.35150146484375,55652000,$132.593505859375,$134.86549377441406,$130.0865020751953
01/20/2022,$133.3074951171875,29908000,$136.25,$137.62600708007812,$132.96449279785156
01/19/2022,$135.1165008544922,28648000,$136.52349853515625,$137.95950317382812,$135.0155029296875
01/18/2022,$135.9980010986328,34872000,$136.1750030517578,$137.13150024414062,$135.43850708007812
01/14/2022,$139.48049926757812,29662000,$137.07899475097656,$140.74200439453125,$136.99850463867188
01/13/2022,$138.58700561523438,31436000,$141.5399932861328,$142.85000610351562,$138.40899658203125
01/12/2022,$141.4304962158203,26108000,$141.14999389648438,$142.60800170898438,$140.6945037841797
01/11/2022,$139.73599243164062,28730000,$138.0070037841797,$140.21600341796875,$136.6925048828125
01/10/2022,$138.66949462890625,44408000,$135.0780029296875,$138.8195037841797,$133.1645050048828
01/07/2022,$137.01699829101562,29760000,$138.14549255371094,$138.44850158691406,$135.76649475097656
01/06/2022,$137.74749755859375,37348000,$136.99850463867188,$139.94000244140625,$136.55850219726562
01/05/2022,$137.77499389648438,54618000,$144.4199981689453,$144.49949645996094,$137.68800354003906
01/04/2022,$144.39950561523438,28400000,$145.39599609375,$146.48500061035156,$143.7165069580078
01/03/2022,$144.9915008544922,28646000,$145.05499267578125,$145.8509979248047,$143.71299743652344
12/31/2021,$144.8520050048828,18136000,$146.0500030517578,$146.69850158691406,$144.8520050048828
12/30/2021,$146.20050048828125,15688000,$146.69400024414062,$147.3000030517578,$145.9945068359375
12/29/2021,$146.65499877929688,17788000,$146.64450073242188,$147.41700744628906,$145.6475067138672
12/28/2021,$146.68699645996094,18200000,$148.23599243164062,$148.2989959716797,$146.05450439453125
12/27/2021,$147.906494140625,15976000,$147.25599670410156,$148.343994140625,$147.16949462890625
12/23/2021,$146.91650390625,26384000,$146.5,$148.24349975585938,$146.45199584960938
12/22/2021,$146.4149932861328,26322000,$143.0675048828125,$146.5,$143.0675048828125
12/21/2021,$143.47250366210938,28756000,$142.05349731445312,$143.86900329589844,$140.50250244140625
12/20/2021,$141.60699462890625,27192000,$140,$141.77450561523438,$139.3209991455078
12/17/2021,$141.72500610351562,50416000,$142.5,$143.83450317382812,$141.3000030517578
12/16/2021,$144.44500732421875,33650000,$147.17050170898438,$147.677001953125,$143.60699462890625
12/15/2021,$146.4409942626953,36370000,$143.40899658203125,$146.7209930419922,$141.67799377441406
12/14/2021,$143.90699768066406,38446000,$143.96800231933594,$144.47999572753906,$141.21499633789062
12/13/2021,$145.82650756835938,27070000,$147.781494140625,$147.97000122070312,$145.5175018310547
12/10/2021,$148.00149536132812,24458000,$148.6999969482422,$148.9774932861328,$146.70399475097656
12/09/2021,$147.6385040283203,23270000,$147.59100341796875,$149.10000610351562,$147.11500549316406
12/08/2021,$148.18649291992188,24270000,$147.59649658203125,$148.39300537109375,$146.406005859375
12/07/2021,$147.26950073242188,32240000,$145.59649658203125,$147.531005859375,$145.2274932861328
12/06/2021,$143.15499877929688,30618000,$143.04049682617188,$143.8524932861328,$140.14999389648438
12/03/2021,$142.00149536132812,41230000,$143.68099975585938,$144.39999389648438,$140.30099487304688
12/02/2021,$142.96600341796875,29194000,$141.25,$143.864501953125,$140.21449279785156
12/01/2021,$141.05149841308594,34020000,$144,$145.95050048828125,$140.91200256347656
11/30/2021,$141.8975067138672,42068000,$145.0084991455078,$146,$141.60150146484375
11/29/2021,$145.53050231933594,32596000,$144,$146.29750061035156,$143.89349365234375
11/26/2021,$142.18299865722656,30470000,$144.34849548339844,$144.5574951171875,$141.84249877929688
11/24/2021,$146.1199951171875,18040000,$145.47349548339844,$146.24949645996094,$144.3730010986328
11/23/2021,$145.78199768066406,27218000,$146.1529998779297,$146.66000366210938,$144.11500549316406
11/22/2021,$146.302001953125,30594000,$149.33250427246094,$149.82949829101562,$146.1475067138672
11/19/2021,$148.92649841308594,33682000,$149.97549438476562,$150.9665069580078,$148.8990020751953
11/18/2021,$149.8385009765625,35608000,$148.2415008544922,$150.58050537109375,$147.88450622558594
11/17/2021,$148.0469970703125,19594000,$148.02749633789062,$148.5594940185547,$147.24000549316406
11/16/2021,$147.87600708007812,18904000,$148.14950561523438,$148.7624969482422,$147.3125
11/15/2021,$148.45199584960938,23508000,$148.90049743652344,$149.54949951171875,$147.5749969482422
11/12/2021,$148.67799377441406,22360000,$146.61549377441406,$148.85000610351562,$145.41099548339844
11/11/2021,$145.76649475097656,16518000,$146.489501953125,$147.53550720214844,$145.60049438476562
11/10/2021,$145.89349365234375,29970000,$147.5,$148.07000732421875,$144.53750610351562
11/09/2021,$148.9185028076172,19530000,$149.23300170898438,$149.83450317382812,$147.2449951171875
11/08/2021,$149.031005859375,23052000,$149.8249969482422,$150.61500549316406,$148.4304962158203
11/05/2021,$148.8520050048828,38354000,$149.16949462890625,$150.32749938964844,$148.19700622558594
11/04/2021,$148.2675018310547,38412000,$147.12449645996094,$149.73350524902344,$146.30799865722656
11/03/2021,$146.59800720214844,27494000,$145.90049743652344,$146.66900634765625,$144.59100341796875
11/02/2021,$145.4324951171875,33482000,$144.57949829101562,$146.60899353027344,$144.3354949951172
11/01/2021,$143.4969940185547,46924000,$148.04600524902344,$148.04600524902344,$143.22549438476562
10/29/2021,$148.04600524902344,43320000,$145.0780029296875,$148.24200439453125,$144.64950561523438
10/28/2021,$145.8489990234375,36206000,$147.13450622558594,$147.1580047607422,$144.6269989013672
10/27/2021,$146.21749877929688,85782000,$139.40499877929688,$148.64999389648438,$139.40499877929688
10/26/2021,$139.30850219726562,49236000,$139.2635040283203,$140.08299255371094,$138.30450439453125
10/25/2021,$137.44700622558594,34412000,$137.5500030517578,$138,$135.4239959716797
10/22/2021,$137.56649780273438,50588000,$139.14999389648438,$140.58299255371094,$136.05599975585938
10/21/2021,$141.88600158691406,26292000,$141.7689971923828,$142.156005859375,$140.5
10/20/2021,$141.7689971923828,23288000,$143.33799743652344,$143.54600524902344,$141.37649536132812
10/19/2021,$143.23699951171875,20164000,$143.3874969482422,$143.66250610351562,$142.60000610351562
10/18/2021,$142.7779998779297,20396000,$141.07650756835938,$142.79600524902344,$141.0695037841797
10/15/2021,$141.3679962158203,30274000,$141.614501953125,$141.71800231933594,$140.7550048828125
10/14/2021,$141.1510009765625,31894000,$139.4739990234375,$141.33749389648438,$138.8249969482422
10/13/2021,$137.58200073242188,19654000,$137.40249633789062,$138,$136.5189971923828
10/12/2021,$136.44900512695312,36332000,$139.47999572753906,$139.5070037841797,$135.75999450683594
10/11/2021,$138.91400146484375,17954000,$139.29200744628906,$140.71200561523438,$138.85899353027344
10/08/2021,$139.78550720214844,26526000,$139.57699584960938,$140.33099365234375,$139.21749877929688
10/07/2021,$139.22500610351562,25110000,$138.89199829101562,$140.04200744628906,$138.6510009765625
10/06/2021,$137.56500244140625,24364000,$134.75,$137.75,$134.5500030517578
10/05/2021,$136.0229949951172,32404000,$134.04100036621094,$137.22450256347656,$134.04100036621094
10/04/2021,$133.6595001220703,51202000,$135.9604949951172,$135.9604949951172,$131.0500030517578
10/01/2021,$136.54299926757812,35360000,$134.44749450683594,$136.91050720214844,$134.072998046875
09/30/2021,$133.67599487304688,37996000,$134.26150512695312,$135.54249572753906,$133.55599975585938
09/29/2021,$134.35350036621094,30848000,$136.97999572753906,$137.1510009765625,$133.86500549316406
09/28/2021,$135.8300018310547,45772000,$138.65499877929688,$139.09649658203125,$135.36000061035156
09/27/2021,$141.07200622558594,21882000,$140.80450439453125,$141.93850708007812,$140.0675048828125
09/24/2021,$142.21499633789062,22984000,$140.5384979248047,$142.33050537109375,$140.24099731445312
09/23/2021,$141.21600341796875,20952000,$140.9875030517578,$141.69650268554688,$140.40150451660156
09/22/2021,$140.2834930419922,25056000,$139.3040008544922,$140.88699340820312,$138.55149841308594
09/21/2021,$139.0330047607422,25332000,$139.74949645996094,$140.01150512695312,$138.2779998779297
09/20/2021,$138.71949768066406,46518000,$138.1614990234375,$139,$136.32200622558594
09/17/2021,$140.8000030517578,53384000,$143.03050231933594,$143.4499969482422,$140.47000122070312
09/16/2021,$143.61000061035156,26190000,$143.95050048828125,$144.3000030517578,$142.40150451660156
09/15/2021,$144.42950439453125,27408000,$142.77149963378906,$144.45050048828125,$141.34750366210938
09/14/2021,$142.54449462890625,19674000,$142.99549865722656,$143.36300659179688,$141.75
09/13/2021,$142.33250427246094,22094000,$141.94949340820312,$142.9499969482422,$141.25
09/10/2021,$140.87600708007812,36840000,$144.21249389648438,$144.718505859375,$140.73800659179688
09/09/2021,$143.54100036621094,15314000,$143.8404998779297,$144.3105010986328,$143.17750549316406
09/08/2021,$143.6909942626953,18344000,$144.10000610351562,$144.39999389648438,$143
09/07/2021,$144.28050231933594,20124000,$143.83450317382812,$144.56500244140625,$143.61900329589844
09/03/2021,$143.739501953125,19850000,$143.08050537109375,$144.15499877929688,$142.40049743652344
09/02/2021,$143.28700256347656,32342000,$145.21600341796875,$145.51950073242188,$143.18499755859375
09/01/2021,$145.2154998779297,21936000,$145,$146.25399780273438,$144.8834991455078
08/31/2021,$144.69749450683594,22448000,$145.14700317382812,$145.17149353027344,$144.281005859375
08/30/2021,$144.5904998779297,24434000,$144.39999389648438,$145.9705047607422,$144.16299438476562
08/27/2021,$144.00399780273438,28780000,$141.65249633789062,$144.5124969482422,$141.4969940185547
08/26/2021,$141.4405059814453,20610000,$141.75,$142.41749572753906,$141.35699462890625
08/25/2021,$142.07899475097656,15848000,$141.625,$142.1894989013672,$141.37600708007812
08/24/2021,$141.26150512695312,19268000,$140.6114959716797,$142.0800018310547,$140.3385009765625
08/23/2021,$140.04150390625,28454000,$137.96949768066406,$140.87449645996094,$137.6074981689453
08/20/2021,$137.42950439453125,31194000,$136,$137.5540008544922,$135.25
08/19/2021,$135.67999267578125,21782000,$134.4355010986328,$136.3524932861328,$134.25
08/18/2021,$135.44900512695312,19258000,$136.5,$137.10450744628906,$135.32150268554688
08/17/2021,$136.6614990234375,21716000,$137.75,$138.2655029296875,$136.08200073242188
08/16/2021,$138.3094940185547,22384000,$137.52499389648438,$138.3625030517578,$135.2989959716797
08/13/2021,$137.7274932861328,15948000,$137.25,$137.85650634765625,$137.0330047607422
08/12/2021,$137.19400024414062,16506000,$135.97549438476562,$137.3000030517578,$135.42550659179688
08/11/2021,$136.2790069580078,15352000,$137.18150329589844,$137.6824951171875,$136.27149963378906
08/10/2021,$136.8070068359375,19414000,$137.3419952392578,$137.7725067138672,$136.364501953125
08/09/2021,$136.91299438476562,17760000,$135.9425048828125,$137.1840057373047,$135.33949279785156
08/06/2021,$135.73849487304688,20488000,$136.04200744628906,$136.47250366210938,$135.2100067138672
08/05/2021,$136.25149536132812,17870000,$135.6804962158203,$136.35000610351562,$134.8459930419922
08/04/2021,$135.12550354003906,19676000,$135.34950256347656,$135.64950561523438,$134.48699951171875
08/03/2021,$135.6300048828125,20762000,$135.13499450683594,$135.73199462890625,$133.3195037841797
08/02/2021,$134.85450744628906,21634000,$135.11700439453125,$135.3365020751953,$133.79400634765625
07/30/2021,$134.72650146484375,25576000,$135.03500366210938,$135.30450439453125,$134.2550048828125
07/29/2021,$135.77749633789062,31716000,$136.14999389648438,$136.66099548339844,$135.54299926757812
07/28/2021,$136.093994140625,95130000,$136.31199645996094,$138.2969970703125,$135.27749633789062
07/27/2021,$131.89999389648438,54710000,$134.25050354003906,$134.3990020751953,$130.10400390625
07/26/2021,$134.03500366210938,30572000,$133.32850646972656,$134.23699951171875,$132.30149841308594
07/23/2021,$133.01499938964844,41506000,$130.4304962158203,$133.3990020751953,$129.80050659179688
07/22/2021,$128.42149353027344,14302000,$127.84400177001953,$128.48300170898438,$127.4990005493164
07/21/2021,$127.54900360107422,20746000,$126.13349914550781,$127.59600067138672,$126.02349853515625
07/20/2021,$126.20950317382812,26312000,$125.52749633789062,$127.04299926757812,$124.35050201416016
07/19/2021,$124.5780029296875,27968000,$126.0895004272461,$126.20500183105469,$123.50499725341797
07/16/2021,$126.97000122070312,20424000,$127.66300201416016,$127.8115005493164,$126.15350341796875
07/15/2021,$127.00499725341797,24218000,$128.6490020751953,$128.6999969482422,$126.52999877929688
07/14/2021,$128.23699951171875,23742000,$127.95800018310547,$129.32650756835938,$127.91449737548828
07/13/2021,$127.34149932861328,19240000,$127.03849792480469,$128.0574951171875,$126.67449951171875
07/12/2021,$126.97550201416016,17668000,$126.1780014038086,$127.06950378417969,$125.61100006103516
07/09/2021,$125.51850128173828,18632000,$125.0250015258789,$125.7344970703125,$124.55149841308594
07/08/2021,$125.04399871826172,23790000,$124.0260009765625,$125.59549713134766,$124.02200317382812
07/07/2021,$126.4739990234375,24060000,$127.16200256347656,$127.28399658203125,$126.15299987792969
07/06/2021,$126.19000244140625,26404000,$125.64849853515625,$126.4280014038086,$124.5824966430664
07/02/2021,$125.25749969482422,25982000,$123.1500015258789,$125.40399932861328,$123.05950164794922
07/01/2021,$122.44450378417969,18110000,$121.7249984741211,$122.58699798583984,$121.53150177001953
06/30/2021,$122.0895004272461,24474000,$121.99449920654297,$122.25700378417969,$121.35449981689453
06/29/2021,$122.27249908447266,23108000,$122.67050170898438,$123.02100372314453,$121.69100189208984
06/28/2021,$122.53600311279297,28526000,$122.67849731445312,$122.78500366210938,$121.40550231933594
06/25/2021,$122.50849914550781,34594000,$122,$122.63300323486328,$121.56500244140625
06/24/2021,$122.5,21362000,$122.69999694824219,$123.05549621582031,$122.30000305175781
06/23/2021,$122.12699890136719,19148000,$122.09349822998047,$123.09549713134766,$121.83450317382812
06/22/2021,$122.33049774169922,22390000,$121.75,$122.4000015258789,$121.06400299072266
06/21/2021,$121.8125,27414000,$120.50050354003906,$122,$119.89849853515625
06/18/2021,$120.11100006103516,46116000,$121.36699676513672,$121.60299682617188,$120.01499938964844
06/17/2021,$121.74349975585938,25842000,$120.69750213623047,$122.52249908447266,$120.5
06/16/2021,$120.77249908447266,26472000,$121.5719985961914,$121.88600158691406,$119.47000122070312
06/15/2021,$121.41950225830078,21562000,$122.44999694824219,$122.77549743652344,$121.05599975585938
06/14/2021,$122.44550323486328,22098000,$121.61299896240234,$122.44599914550781,$120.9000015258789
06/11/2021,$121.51000213623047,21958000,$122,$122.08599853515625,$120.947998046875
06/10/2021,$121.75650024414062,25904000,$120.34600067138672,$121.80000305175781,$120.18900299072266
06/09/2021,$120.39700317382812,17942000,$120.57150268554688,$120.64399719238281,$119.84500122070312
06/08/2021,$119.9219970703125,24240000,$120.60050201416016,$120.97599792480469,$119.73899841308594
06/07/2021,$120.11499786376953,24120000,$119.47200012207031,$120.22550201416016,$119.05000305175781
06/04/2021,$119.67849731445312,24458000,$118.4635009765625,$119.95149993896484,$118.12049865722656
06/03/2021,$117.37899780273438,18696000,$117.2864990234375,$117.85099792480469,$116.47599792480469
06/02/2021,$118.52950286865234,21158000,$119.4574966430664,$119.68199920654297,$117.61799621582031
06/01/2021,$119.05899810791016,23354000,$118.72200012207031,$119.2854995727539,$117.71399688720703
05/28/2021,$117.84249877929688,21482000,$118.72100067138672,$118.80349731445312,$117.64250183105469
05/27/2021,$118.13400268554688,35224000,$119.45249938964844,$119.45249938964844,$117.81300354003906
05/26/2021,$119.0155029296875,21572000,$118.32599639892578,$119.44950103759766,$118.322998046875
05/25/2021,$118.14350128173828,22440000,$118.5999984741211,$119.19999694824219,$117.75
05/24/2021,$118.052001953125,31832000,$115.74449920654297,$118.27749633789062,$115.5979995727539
05/21/2021,$114.70649719238281,40632000,$115.87049865722656,$115.94450378417969,$114.46499633789062
05/20/2021,$115.34750366210938,32352000,$114.55000305175781,$115.5999984741211,$114.1760025024414
05/19/2021,$113.57499694824219,23684000,$111.42150115966797,$113.74949645996094,$111.27200317382812
05/18/2021,$113.12349700927734,22204000,$115.11750030517578,$115.38400268554688,$113.1094970703125
05/17/2021,$114.44599914550781,21598000,$113.17849731445312,$114.48899841308594,$112.77549743652344
05/14/2021,$113.91899871826172,31996000,$112.927001953125,$114.23600006103516,$112.5
05/13/2021,$111.4520034790039,33204000,$111.30599975585938,$111.97200012207031,$110.33599853515625
05/12/2021,$110.01249694824219,46376000,$111.30950164794922,$112.39900207519531,$109.68099975585938
05/11/2021,$113.50299835205078,34186000,$112.15350341796875,$114.01399993896484,$111.69599914550781
05/10/2021,$114.5875015258789,30914000,$116.40699768066406,$116.55000305175781,$114.22699737548828
05/07/2021,$117.59649658203125,28898000,$118.19450378417969,$118.5625,$117.30799865722656
05/06/2021,$116.86750030517578,25190000,$115.31649780273438,$116.86750030517578,$114.6520004272461
05/05/2021,$115.7385025024414,26636000,$116.43150329589844,$116.75,$115.41400146484375
05/04/2021,$115.34149932861328,44818000,$115.67749786376953,$116.24949645996094,$112.83399963378906
05/03/2021,$117.15399932861328,28242000,$118.24549865722656,$119.07749938964844,$116.7750015258789
04/30/2021,$117.67500305175781,44856000,$118.4010009765625,$119.09249877929688,$117.3280029296875
04/29/2021,$119.63800048828125,41234000,$119.46150207519531,$120.20800018310547,$118.69249725341797
04/28/2021,$117.9520034790039,81106000,$119.625,$121.56900024414062,$117.66100311279297
04/27/2021,$114.54900360107422,44386000,$115.88150024414062,$115.92250061035156,$114.30799865722656
04/26/2021,$115.49649810791016,32038000,$115.22599792480469,$116.22650146484375,$114.86599731445312
04/23/2021,$114.99649810791016,29066000,$113.3499984741211,$115.30599975585938,$113.0625
04/22/2021,$112.6259994506836,24146000,$113.7699966430664,$114.44400024414062,$112.01599884033203
04/21/2021,$113.9175033569336,23204000,$113.60250091552734,$114,$112.24099731445312
04/20/2021,$113.95050048828125,22288000,$114.87449645996094,$114.94999694824219,$112.85600280761719
04/19/2021,$114.48799896240234,30290000,$113.50900268554688,$115.20449829101562,$113.50900268554688
04/16/2021,$114.13749694824219,26282000,$114.46199798583984,$114.71199798583984,$113.5459976196289
04/15/2021,$114.26249694824219,29174000,$113.09750366210938,$114.80000305175781,$112.55850219726562
04/14/2021,$112.09549713134766,21002000,$113.37149810791016,$113.37149810791016,$111.8010025024414
04/13/2021,$112.72149658203125,25682000,$112.54949951171875,$113.17350006103516,$112.15249633789062
04/12/2021,$112.23100280761719,25024000,$112.70600128173828,$112.84449768066406,$111.39099884033203
04/09/2021,$113.53350067138672,26146000,$112.27200317382812,$113.69850158691406,$111.86299896240234
04/08/2021,$112.52149963378906,28664000,$113.19999694824219,$113.5895004272461,$112.15049743652344
04/07/2021,$111.95149993896484,24134000,$110.65499877929688,$112.2249984741211,$110.65499877929688
04/06/2021,$110.46299743652344,35240000,$110.5459976196289,$111.4000015258789,$110.0895004272461
04/05/2021,$110.947998046875,48510000,$107.35749816894531,$111.44950103759766,$107.260498046875
04/01/2021,$106.48899841308594,39880000,$104.61250305175781,$106.7874984741211,$104.57150268554688
03/31/2021,$103.1259994506836,42570000,$102.72000122070312,$104.31300354003906,$102.3499984741211
03/30/2021,$102.32350158691406,27312000,$102.64900207519531,$103.13349914550781,$101.80750274658203
03/29/2021,$102.28949737548828,26492000,$101.10800170898438,$102.46050262451172,$100.27249908447266
03/26/2021,$101.23650360107422,27978000,$101.5895004272461,$101.96949768066406,$100.19249725341797
03/25/2021,$101.62300109863281,35616000,$101.45249938964844,$102.28199768066406,$99.80449676513672
03/24/2021,$101.62650299072266,25218000,$102.58799743652344,$103.37999725341797,$101.44999694824219
03/23/2021,$102.06649780273438,28510000,$101.99749755859375,$103.20549774169922,$101.4000015258789
03/22/2021,$101.53450012207031,33536000,$101.38150024414062,$102.41699981689453,$100.69999694824219
03/19/2021,$101.3479995727539,46072000,$101.48650360107422,$101.85199737548828,$100.14649963378906
03/18/2021,$101.06700134277344,31700000,$102.40899658203125,$103.4375,$100.95899963378906
03/17/2021,$104.11100006103516,26382000,$103.42350006103516,$104.94999694824219,$102.20600128173828
03/16/2021,$104.19450378417969,31900000,$103.29949951171875,$105.68399810791016,$102.9645004272461
03/15/2021,$102.72200012207031,26168000,$102.2490005493164,$102.74949645996094,$101.3895034790039
03/12/2021,$102.5,33818000,$103.82050323486328,$103.88050079345703,$101.62100219726562
03/11/2021,$105.0270004272461,27702000,$102.91100311279297,$105.5634994506836,$102.82250213623047
03/10/2021,$101.80950164794922,27100000,$103.06999969482422,$103.06999969482422,$100.96649932861328
03/09/2021,$102.01799774169922,33920000,$102.48750305175781,$103.19599914550781,$101.77999877929688
03/08/2021,$100.375,36868000,$104.2030029296875,$105.68699645996094,$100.2594985961914
03/05/2021,$104.85350036621094,53100000,$103.05750274658203,$105.30999755859375,$101.38899993896484
03/04/2021,$101.69650268554688,49216000,$100.74349975585938,$103.72949981689453,$100.27149963378906
03/03/2021,$100.57050323486328,33892000,$102.59750366210938,$103.79949951171875,$99.69999694824219
03/02/2021,$103.2239990234375,25564000,$103.24199676513672,$104.73699951171875,$102.83350372314453
03/01/2021,$103.48300170898438,26060000,$102.4000015258789,$103.8115005493164,$101.72100067138672
02/26/2021,$101.09549713134766,40042000,$101.49749755859375,$102.82599639892578,$100.05049896240234
02/25/2021,$100.79750061035156,41548000,$102.79650115966797,$104.1500015258789,$100.32450103759766
02/24/2021,$104.19049835205078,22608000,$101.50199890136719,$104.41600036621094,$101.37650299072266
02/23/2021,$103.00599670410156,34658000,$100.69950103759766,$103.625,$99.5114974975586
02/22/2021,$102.71299743652344,29466000,$102.68000030517578,$104.0165023803711,$102.4000015258789
02/19/2021,$104.44049835205078,37938000,$105.3895034790039,$105.92900085449219,$104.17150115966797
02/18/2021,$105.29049682617188,22546000,$105.25,$106.09950256347656,$104.66649627685547
02/17/2021,$105.93099975585938,20294000,$104.6989974975586,$106.12200164794922,$104.4175033569336
02/16/2021,$105.53500366210938,31004000,$104.5875015258789,$107.25700378417969,$104.5875015258789
02/12/2021,$104.75150299072266,18990000,$103.9885025024414,$104.9749984741211,$103.67849731445312
02/11/2021,$104.4375,20480000,$104.55000305175781,$104.69999694824219,$103.44300079345703
02/10/2021,$104.3239974975586,25102000,$104.15699768066406,$104.94400024414062,$102.61199951171875
02/09/2021,$103.76950073242188,21892000,$103.73999786376953,$104.92549896240234,$103.5
02/08/2021,$104.22599792480469,28828000,$105,$105.75,$103.1675033569336
02/05/2021,$104.44149780273438,29866000,$102.97799682617188,$104.7969970703125,$102.5
02/04/2021,$102.68150329589844,48596000,$103.03099822998047,$103.46499633789062,$101.75499725341797
02/03/2021,$102.94400024414062,97882000,$103.28050231933594,$105.33100128173828,$100.67749786376953
02/02/2021,$95.95600128173828,66332000,$95.65650177001953,$97.46849822998047,$95.31849670410156
02/01/2021,$94.65350341796875,40252000,$92.22949981689453,$95.7770004272461,$92.22949981689453
01/29/2021,$91.36799621582031,44530000,$91.70099639892578,$92.37699890136719,$90.0780029296875
01/28/2021,$92.66000366210938,55278000,$91.55000305175781,$94.39949798583984,$91.55000305175781
01/27/2021,$90.9469985961914,82512000,$93.74549865722656,$94.02349853515625,$89.86399841308594
01/26/2021,$95.39749908447266,31462000,$94.29949951171875,$95.7874984741211,$93.80650329589844
01/25/2021,$94.71399688720703,50586000,$95.63700103759766,$96.09100341796875,$92.95800018310547
01/22/2021,$94.62799835205078,32744000,$94.572998046875,$95.21949768066406,$93.82499694824219
01/21/2021,$94.2074966430664,58634000,$94.68250274658203,$96.60399627685547,$93.97049713134766
01/20/2021,$94.00350189208984,64152000,$91.31849670410156,$94.98600006103516,$90.97550201416016
01/19/2021,$89.22350311279297,41660000,$87.1500015258789,$90.19200134277344,$86.6415023803711
01/15/2021,$86.38099670410156,31444000,$86.45099639892578,$87.38099670410156,$85.58550262451172
01/14/2021,$86.5459976196289,29212000,$87.44349670410156,$88.37750244140625,$86.30349731445312
01/13/2021,$87.36250305175781,23432000,$86.36599731445312,$87.81950378417969,$86.36599731445312
01/12/2021,$86.87149810791016,29528000,$87.26799774169922,$88.3949966430664,$85.81900024414062
01/11/2021,$87.81449890136719,34796000,$88.85099792480469,$89.21900177001953,$87.60700225830078
01/08/2021,$89.8915023803711,35484000,$88.85800170898438,$89.96800231933594,$88.06099700927734
01/07/2021,$88.71700286865234,41936000,$86.33799743652344,$88.89099884033203,$86.33799743652344
01/06/2021,$86.14399719238281,46588000,$85.01300048828125,$87.19850158691406,$84.80500030517578
01/05/2021,$87.00250244140625,20360000,$86.25450134277344,$87.34149932861328,$85.84500122070312
01/04/2021,$86.30650329589844,37324000,$88,$88.12449645996094,$85.35700225830078
12/31/2020,$87.63200378417969,21070000,$86.8635025024414,$87.875,$86.80449676513672
12/30/2020,$86.8125,21026000,$88.25,$88.38800048828125,$86.4000015258789
12/29/2020,$87.88800048828125,19726000,$89.36150360107422,$89.42350006103516,$87.75550079345703
12/28/2020,$88.697998046875,27650000,$87.24549865722656,$89.3499984741211,$87.09100341796875
12/24/2020,$86.70800018310547,9312000,$86.44999694824219,$87.12049865722656,$86.21749877929688
12/23/2020,$86.4114990234375,22974000,$86.19650268554688,$87.20549774169922,$86.05999755859375
12/22/2020,$86.01100158691406,20370000,$86.46649932861328,$86.63050079345703,$85.28900146484375
12/21/2020,$86.72799682617188,33974000,$85.45649719238281,$86.8499984741211,$84.69999694824219
12/18/2020,$86.31099700927734,85256000,$87.30850219726562,$87.41799926757812,$85.75
12/17/2020,$87.02549743652344,34880000,$88.19650268554688,$88.33550262451172,$86.55750274658203
12/16/2020,$87.8594970703125,24676000,$88.45549774169922,$88.45549774169922,$87.4530029296875
12/15/2020,$88.05400085449219,21352000,$87.99299621582031,$88.19999694824219,$87.08350372314453
12/14/2020,$87.61299896240234,33050000,$88.53600311279297,$89.48999786376953,$87.45649719238281
12/11/2020,$88.73999786376953,18628000,$88,$88.8655014038086,$87.63700103759766
12/10/2020,$88.38249969482422,28688000,$88.12999725341797,$88.74949645996094,$86.67649841308594
12/09/2020,$88.89299774169922,31728000,$90.51799774169922,$91.41850280761719,$88.0999984741211
12/08/2020,$90.56649780273438,19936000,$90.4260025024414,$90.79850006103516,$89.56400299072266
12/07/2020,$90.85150146484375,22288000,$90.77749633789062,$91.4645004272461,$90.1520004272461
12/04/2020,$91.18800354003906,20544000,$91.01100158691406,$91.4749984741211,$90.67949676513672
12/03/2020,$91.09200286865234,24728000,$91.0270004272461,$92.19149780273438,$90.8499984741211
12/02/2020,$91.24849700927734,29424000,$89.76799774169922,$91.63700103759766,$89.25849914550781
12/01/2020,$89.76799774169922,37350000,$88.33300018310547,$91.08599853515625,$88.15149688720703
11/30/2020,$87.72000122070312,32418000,$88.78250122070312,$89.01699829101562,$87.39199829101562
11/27/2020,$89.35099792480469,14790000,$88.22699737548828,$89.85050201416016,$88.22699737548828
11/25/2020,$88.20649719238281,19600000,$88.3905029296875,$88.51899719238281,$87.41799926757812
11/24/2020,$88.19499969482422,27984000,$86.375,$88.3239974975586,$86.0364990234375
11/23/2020,$86.37799835205078,22530000,$87.01100158691406,$87.29949951171875,$85.50900268554688
11/20/2020,$86.81900024414062,27694000,$88.0999984741211,$88.41799926757812,$86.75
11/19/2020,$87.92849731445312,20106000,$86.6614990234375,$88.17449951171875,$86.5009994506836
11/18/2020,$87.03199768066406,20108000,$87.83200073242188,$88.25,$86.92849731445312
11/17/2020,$88.08300018310547,21314000,$88.39299774169922,$88.85700225830078,$87.97450256347656
11/16/2020,$88.70149993896484,25468000,$88.20700073242188,$89.71700286865234,$88.06649780273438
11/13/2020,$88.61299896240234,29744000,$87.4000015258789,$88.85649871826172,$86.79900360107422
11/12/2020,$87.14099884033203,26474000,$87.0999984741211,$88.2490005493164,$86.89849853515625
11/11/2020,$87.36150360107422,31838000,$87.41999816894531,$88.1449966430664,$87.15299987792969
11/10/2020,$86.88600158691406,43022000,$86.4885025024414,$87.96900177001953,$85.80599975585938
11/09/2020,$88.07099914550781,53440000,$89.79900360107422,$90.84449768066406,$87.87750244140625
11/06/2020,$87.98650360107422,28622000,$87.56700134277344,$88.42500305175781,$86.83399963378906
11/05/2020,$88.125,39758000,$88.52249908447266,$89.59100341796875,$87.05149841308594
11/04/2020,$87.2925033569336,71342000,$85.27899932861328,$88.50150299072266,$85.1500015258789
11/03/2020,$82.28299713134766,31432000,$81.53800201416016,$82.94999694824219,$80.60549926757812
11/02/2020,$81.21600341796875,44228000,$81.177001953125,$82.91200256347656,$80.71199798583984
10/30/2020,$80.80549621582031,99878000,$83.37200164794922,$84.06600189208984,$80.07849884033203
10/29/2020,$77.84400177001953,55406000,$75.85099792480469,$79.43699645996094,$75.82749938964844
10/28/2020,$75.54000091552734,45174000,$77.50050354003906,$77.69049835205078,$75.42400360107422
10/27/2020,$79.94400024414062,25902000,$79.44650268554688,$80.0999984741211,$78.84950256347656
10/26/2020,$79.2145004272461,35826000,$80.75,$81.47899627685547,$78.38899993896484
10/23/2020,$81.64900207519531,30548000,$80.75250244140625,$81.70600128173828,$80.59549713134766
10/22/2020,$80.33300018310547,30512000,$79.25,$80.6709976196289,$78.8740005493164
10/21/2020,$79.29949951171875,60322000,$78.49250030517578,$80.75700378417969,$78.35700225830078
10/20/2020,$77.55400085449219,41670000,$76.15550231933594,$78.69200134277344,$76.0250015258789
10/19/2020,$76.49749755859375,29734000,$78.79650115966797,$79.19650268554688,$76.14600372314453
10/16/2020,$78.38500213623047,34194000,$78.09149932861328,$78.885498046875,$77.88300323486328
10/15/2020,$77.77349853515625,31210000,$77.2249984741211,$78.56999969482422,$77.05650329589844
10/14/2020,$78.1719970703125,33174000,$78.7300033569336,$79.19249725341797,$77.29499816894531
10/13/2020,$78.35350036621094,39072000,$78.85050201416016,$79.25800323486328,$77.93150329589844
10/12/2020,$78.22949981689453,55344000,$76.9000015258789,$79.4209976196289,$76.46499633789062
10/09/2020,$75.52249908447266,32966000,$74.64299774169922,$75.59249877929688,$74.3499984741211
10/08/2020,$74.17150115966797,26076000,$73.27249908447266,$74.40149688720703,$73.27249908447266
10/07/2020,$72.95700073242188,36108000,$72.96549987792969,$73.44850158691406,$71.6614990234375
10/06/2020,$72.5510025024414,26096000,$73.7750015258789,$74.22599792480469,$72.25050354003906
10/05/2020,$74.1415023803711,21602000,$73.13249969482422,$74.23500061035156,$73.00450134277344
10/02/2020,$72.77999877929688,31222000,$72.98149871826172,$73.95149993896484,$72.36750030517578
10/01/2020,$74.3949966430664,32884000,$74.18299865722656,$74.75350189208984,$73.83999633789062
09/30/2020,$73.27999877929688,40924000,$73.0469970703125,$74.30999755859375,$72.78800201416016
09/29/2020,$73.3010025024414,31816000,$73.19550323486328,$73.5999984741211,$72.69999694824219
09/28/2020,$72.93299865722656,30784000,$73.59950256347656,$73.64949798583984,$72.31400299072266
09/25/2020,$71.9530029296875,30326000,$71.25250244140625,$72.2969970703125,$70.38400268554688
09/24/2020,$71.14299774169922,34552000,$70.13400268554688,$71.89949798583984,$70.10749816894531
09/23/2020,$70.46949768066406,37726000,$72.60449981689453,$72.65399932861328,$70.13400268554688
09/22/2020,$72.99099731445312,33950000,$72.51599884033203,$73.19850158691406,$71.4749984741211
09/21/2020,$71.50700378417969,56908000,$71.58100128173828,$72.00299835205078,$70.13400268554688
09/18/2020,$72.55449676513672,63056000,$74.41500091552734,$74.76000213623047,$71.58100128173828
09/17/2020,$74.35199737548828,40008000,$74.29049682617188,$74.93299865722656,$73.12300109863281
09/16/2020,$75.60449981689453,22128000,$77.1240005493164,$77.71849822998047,$75.57949829101562
09/15/2020,$76.75599670410156,23042000,$76.39450073242188,$77.54949951171875,$76.1050033569336
09/14/2020,$75.44149780273438,42660000,$76.5824966430664,$77.8499984741211,$75.25550079345703
09/11/2020,$75.78800201416016,30706000,$76.40750122070312,$76.93499755859375,$74.6510009765625
09/10/2020,$76.30249786376953,33024000,$77.50900268554688,$78.68299865722656,$76
09/09/2020,$77.36150360107422,39242000,$77.44499969482422,$77.93599700927734,$76.25849914550781
09/08/2020,$76.18000030517578,54032000,$76.25,$77.77749633789062,$75.82499694824219
09/04/2020,$79.06050109863281,55850000,$80.44999694824219,$81.74949645996094,$76.89849853515625
09/03/2020,$81.47550201416016,63726000,$84.97599792480469,$85,$80.385498046875
09/02/2020,$85.86949920654297,49522000,$83.40049743652344,$86.30500030517578,$83.0094985961914
09/01/2020,$82.75399780273438,22652000,$81.60800170898438,$82.96099853515625,$81.47650146484375
08/31/2020,$81.47650146484375,26422000,$82.17849731445312,$82.2249984741211,$81.2665023803711
08/28/2020,$81.97149658203125,22418000,$81.47350311279297,$82.06749725341797,$81.28050231933594
08/27/2020,$81.4260025024414,31350000,$82.33049774169922,$82.39949798583984,$80.94049835205078
08/26/2020,$82.20649719238281,52188000,$80.31500244140625,$82.6395034790039,$80.04900360107422
08/25/2020,$80.2925033569336,25150000,$79.00499725341797,$80.44400024414062,$78.89399719238281
08/24/2020,$79.25749969482422,25638000,$79.62349700927734,$80.43900299072266,$78.75199890136719
08/21/2020,$78.77850341796875,34838000,$78.58999633789062,$79.59400177001953,$78.1155014038086
08/20/2020,$78.8125,26382000,$76.99849700927734,$79.00849914550781,$76.7229995727539
08/19/2020,$77.23049926757812,30472000,$77.62449645996094,$78.44300079345703,$77
08/18/2020,$77.78900146484375,28378000,$76.30599975585938,$77.86849975585938,$76.08350372314453
08/17/2020,$75.81199645996094,19990000,$75.79850006103516,$76.18900299072266,$75.25
08/14/2020,$75.23149871826172,21942000,$75.68049621582031,$75.989501953125,$74.94999694824219
08/13/2020,$75.8324966430664,22388000,$75.4104995727539,$76.84850311279297,$75.4104995727539
08/12/2020,$75.36199951171875,22512000,$74.35600280761719,$75.58350372314453,$74.25
08/11/2020,$74.0270004272461,31098000,$74.69999694824219,$75.52200317382812,$73.90950012207031
08/10/2020,$74.84100341796875,20546000,$74.54000091552734,$75.35749816894531,$73.87449645996094
08/07/2020,$74.91850280761719,27718000,$75.4520034790039,$76.00450134277344,$74.3134994506836
08/06/2020,$75.24749755859375,33306000,$73.80750274658203,$75.3134994506836,$73.59500122070312
08/05/2020,$73.95449829101562,29134000,$73.84100341796875,$74.5,$73.56099700927734
08/04/2020,$73.66500091552734,37212000,$74.33550262451172,$74.65550231933594,$73.20149993896484
08/03/2020,$74.13800048828125,45482000,$74.55000305175781,$74.8864974975586,$73.58599853515625
07/31/2020,$74.39749908447266,91468000,$74.85250091552734,$75.2509994506836,$72.69999694824219
07/30/2020,$76.91850280761719,36042000,$74.89849853515625,$77.04450225830078,$74.75849914550781
07/29/2020,$76.17549896240234,22676000,$75.25,$76.66649627685547,$75.15049743652344
07/28/2020,$75.18250274658203,30910000,$76.25,$76.30049896240234,$75.0260009765625
07/27/2020,$76.47149658203125,27124000,$75.66300201416016,$76.87799835205078,$75.61650085449219
07/24/2020,$75.4104995727539,29902000,$74.95950317382812,$75.77149963378906,$74.37950134277344
07/23/2020,$75.8375015258789,33910000,$78.29650115966797,$78.51750183105469,$75.42949676513672
07/22/2020,$78.24250030517578,24482000,$77.7854995727539,$78.3489990234375,$77.1614990234375
07/21/2020,$77.7959976196289,27486000,$79.25150299072266,$79.35250091552734,$77.63099670410156
07/20/2020,$78.19200134277344,30166000,$75.75,$78.45050048828125,$75.13500213623047
07/17/2020,$75.84249877929688,34264000,$75.84549713134766,$76.17150115966797,$74.90499877929688
07/16/2020,$75.74600219726562,26484000,$75.07499694824219,$75.79550170898438,$74.41349792480469
07/15/2020,$75.84400177001953,31026000,$76.1614990234375,$76.81649780273438,$74.8915023803711
07/14/2020,$76.04299926757812,38108000,$74.6395034790039,$76.13999938964844,$74.29650115966797
07/13/2020,$75.61150360107422,42954000,$77.49700164794922,$78.81800079345703,$75.3280029296875
07/10/2020,$76.95050048828125,35918000,$75.6624984741211,$77.06700134277344,$75.03600311279297
07/09/2020,$75.93299865722656,41836000,$75.49649810791016,$76.45700073242188,$74.77950286865234
07/08/2020,$75.18000030517578,31766000,$75.04000091552734,$75.55850219726562,$74.61499786376953
07/07/2020,$74.49600219726562,42364000,$74.80650329589844,$76.06600189208984,$74.48500061035156
07/06/2020,$74.98249816894531,44712000,$74.40750122070312,$75.5,$73.8489990234375
07/02/2020,$73.49649810791016,57218000,$72.59200286865234,$74.4260025024414,$72.55349731445312
07/01/2020,$72.0999984741211,42182000,$70.95850372314453,$72.42400360107422,$70.70899963378906
06/30/2020,$70.90249633789062,40286000,$69.84400177001953,$71.19999694824219,$69.34649658203125
06/29/2020,$69.8584976196289,45074000,$68.01699829101562,$69.9000015258789,$67.5824966430664
06/26/2020,$68.12699890136719,97640000,$71.63150024414062,$71.85099792480469,$67.75
06/25/2020,$72.05500030517578,23958000,$71.56099700927734,$72.11599731445312,$70.97699737548828
06/24/2020,$71.63500213623047,31592000,$73.16400146484375,$73.78949737548828,$71.5
06/23/2020,$73.1989974975586,37752000,$72.5999984741211,$73.76000213623047,$72.25
06/22/2020,$72.53299713134766,29442000,$71.25050354003906,$72.54750061035156,$70.95950317382812
06/19/2020,$71.23200225830078,52784000,$72,$72.2249984741211,$70.94999694824219
06/18/2020,$71.70600128173828,34862000,$72.49250030517578,$72.64849853515625,$71.31199645996094
06/17/2020,$72.62699890136719,30610000,$72.64700317382812,$73.11000061035156,$71.75650024414062
06/16/2020,$72.32350158691406,30648000,$72.44999694824219,$72.8584976196289,$71.44950103759766
06/15/2020,$71.03700256347656,30468000,$69.47450256347656,$71.25,$69.36000061035156
06/12/2020,$70.64600372314453,36676000,$71.29299926757812,$71.72550201416016,$69.29000091552734
06/11/2020,$70.09500122070312,47144000,$72.05149841308594,$72.58000183105469,$69.92050170898438
06/10/2020,$73.23500061035156,31762000,$73.07550048828125,$73.63849639892578,$72.71800231933594
06/09/2020,$72.60399627685547,33624000,$72.26200103759766,$73.38999938964844,$72.11799621582031
06/08/2020,$72.4020004272461,33878000,$71.31400299072266,$72.44999694824219,$71.2239990234375
06/05/2020,$72.0009994506836,42642000,$70.78199768066406,$72.31500244140625,$70.38099670410156
06/04/2020,$70.71499633789062,26982000,$71.83899688720703,$72.06600189208984,$70.30049896240234
06/03/2020,$71.9625015258789,27732000,$72.13500213623047,$72.45050048828125,$71.58100128173828
06/02/2020,$72.1155014038086,23442000,$71.75,$72.1500015258789,$71.08049774169922
06/01/2020,$71.74349975585938,25162000,$71.28500366210938,$72.0790023803711,$71.11399841308594
05/29/2020,$71.6760025024414,37044000,$71.02149963378906,$71.83650207519531,$70.79900360107422
05/28/2020,$70.91200256347656,35170000,$70,$72.2229995727539,$69.9540023803711
05/27/2020,$71.01399993896484,31684000,$71,$71.26750183105469,$69.7300033569336
05/26/2020,$71.06849670410156,44590000,$72.0979995727539,$72.25550079345703,$70.97000122070312
05/22/2020,$70.66200256347656,28544000,$70.19499969482422,$70.8499984741211,$69.79750061035156
05/21/2020,$70.3375015258789,30894000,$70.54949951171875,$70.822998046875,$69.71949768066406
05/20/2020,$70.45800018310547,38262000,$69.45800018310547,$70.60150146484375,$69.37100219726562
05/19/2020,$68.72000122070312,31586000,$69.27400207519531,$69.62449645996094,$68.68800354003906
05/18/2020,$69.25900268554688,47094000,$68.0790023803711,$69.63800048828125,$67.70999908447266
05/15/2020,$68.65299987792969,41544000,$67.41300201416016,$68.72899627685547,$66.94999694824219
05/14/2020,$67.84300231933594,36660000,$66.6760025024414,$67.86849975585938,$66.16500091552734
05/13/2020,$67.41649627685547,40368000,$68.80799865722656,$69.2665023803711,$66.40049743652344
05/12/2020,$68.75900268554688,33918000,$70.41100311279297,$70.71649932861328,$68.72550201416016
05/11/2020,$70.17949676513672,32718000,$68.8395004272461,$70.77649688720703,$68.7750015258789
05/08/2020,$69.21700286865234,33326000,$69.09100341796875,$69.83200073242188,$68.60050201416016
05/07/2020,$68.46399688720703,30652000,$68.06549835205078,$68.80000305175781,$67.62699890136719
05/06/2020,$67.27149963378906,31732000,$67.9000015258789,$68.43450164794922,$67.25650024414062
05/05/2020,$67.45099639892578,39666000,$66.875,$68.55049896240234,$66.75150299072266
05/04/2020,$66.1449966430664,30806000,$65.40650177001953,$66.22350311279297,$64.80049896240234
05/01/2020,$65.86599731445312,48872000,$66.20449829101562,$67.57150268554688,$65.48300170898438
04/30/2020,$67.33499908447266,55842000,$66.56800079345703,$67.5,$66.07499694824219
04/29/2020,$67.10900115966797,108358000,$67.25,$68.00749969482422,$66.33650207519531
04/28/2020,$61.62950134277344,80700000,$64.16000366210938,$64.23799896240234,$61.51900100708008
04/27/2020,$63.542999267578125,44186000,$64.5999984741211,$64.70500183105469,$63.25299835205078
04/24/2020,$63.83000183105469,37402000,$62.75,$63.885501861572266,$62.20000076293945
04/23/2020,$63.55849838256836,34202000,$63.2869987487793,$64.40750122070312,$63.0265007019043
04/22/2020,$62.920501708984375,46296000,$62.05550003051758,$63.99399948120117,$61.86000061035156
04/21/2020,$60.608001708984375,49648000,$62.135501861572266,$62.5,$60.25
04/20/2020,$63.057498931884766,35292000,$63.49449920654297,$63.840999603271484,$62.821998596191406
04/17/2020,$63.95000076293945,51050000,$64.08499908447266,$64.5,$63.29999923706055
04/16/2020,$62.871498107910156,57896000,$63.356998443603516,$63.667999267578125,$61.90999984741211
04/15/2020,$62.8650016784668,42236000,$62.32550048828125,$63.75550079345703,$61.70000076293945
04/14/2020,$63.26150131225586,63358000,$61.99850082397461,$63.787498474121094,$61.426998138427734
04/13/2020,$60.52050018310547,38702000,$60.07500076293945,$60.72600173950195,$59.11650085449219
04/09/2020,$60.32849884033203,54028000,$60.909000396728516,$61.0994987487793,$59.62099838256836
04/08/2020,$60.349998474121094,40334000,$60.154998779296875,$60.744998931884766,$59.1974983215332
04/07/2020,$59.12799835205078,61620000,$60.85049819946289,$61.03900146484375,$58.86249923706055
04/06/2020,$59.15950012207031,63320000,$56.650001525878906,$59.537498474121094,$56.25
04/03/2020,$54.6349983215332,51374000,$55.73550033569336,$55.93949890136719,$53.75400161743164
04/02/2020,$55.85150146484375,56410000,$55,$56.13850021362305,$54.65650177001953
04/01/2020,$55.10499954223633,51970000,$56.20000076293945,$56.47100067138672,$54.67449951171875
03/31/2020,$58.09749984741211,65228000,$57.436500549316406,$58.66999816894531,$56.83599853515625
03/30/2020,$57.31549835205078,58736000,$56.63199996948242,$57.54999923706055,$54.92449951171875
03/27/2020,$55.51300048828125,62794000,$56.37350082397461,$57.5525016784668,$55.20000076293945
03/26/2020,$58.145999908447266,76562000,$55.736000061035156,$58.57400131225586,$54.60150146484375
03/25/2020,$55.08100128173828,90324000,$56.229000091552734,$57.30849838256836,$54.1505012512207
03/24/2020,$56.5004997253418,72468000,$55.19900131225586,$56.666500091552734,$54.32149887084961
03/23/2020,$52.70650100708008,83672000,$52.81850051879883,$53.34550094604492,$50.44350051879883
03/20/2020,$53.410499572753906,82878000,$56.54499816894531,$56.92399978637695,$53.10499954223633
03/19/2020,$55.583499908447266,74064000,$54.4109992980957,$57.63050079345703,$52.77750015258789
03/18/2020,$54.55950164794922,93044000,$52.99700164794922,$55.2495002746582,$51.849998474121094
03/17/2020,$55.90299987792969,83194000,$54.53200149536133,$56.29999923706055,$52.45500183105469
03/16/2020,$53.650001525878906,96520000,$54.480499267578125,$57.27349853515625,$53.354000091552734
03/13/2020,$60.7135009765625,79400000,$58.7495002746582,$60.720001220703125,$55.614498138427734
03/12/2020,$55.57749938964844,94326000,$56.13100051879883,$59.4375,$55.423500061035156
03/11/2020,$60.54499816894531,54732000,$62.41350173950195,$62.846500396728516,$59.55699920654297
03/10/2020,$63.75849914550781,54872000,$62.71950149536133,$63.79249954223633,$60.72549819946289
03/09/2020,$60.78950119018555,69252000,$60.24800109863281,$62.63650131225586,$59.902000427246094
03/06/2020,$64.78700256347656,64640000,$63.497501373291016,$65.13749694824219,$62.86050033569336
03/05/2020,$65.73799896240234,54380000,$67.27749633789062,$67.68150329589844,$65.08200073242188
03/04/2020,$69.08000183105469,47598000,$67.947998046875,$69.13899993896484,$66.8499984741211
03/03/2020,$66.88600158691406,56602000,$69.88400268554688,$70.40950012207031,$66.46199798583984
03/02/2020,$69.31600189208984,55430000,$67.56950378417969,$69.37349700927734,$66.26000213623047
02/28/2020,$66.9625015258789,80198000,$63.71549987792969,$67.12249755859375,$63.410499572753906
02/27/2020,$65.74749755859375,62290000,$67.95700073242188,$68.47000122070312,$65.71199798583984
02/26/2020,$69.52349853515625,49776000,$69.7490005493164,$70.68350219726562,$68.82749938964844
02/25/2020,$69.31600189208984,51580000,$71.55000305175781,$71.84249877929688,$69.02100372314453
02/24/2020,$70.99299621582031,49560000,$71.15249633789062,$71.81900024414062,$70.3395004272461
02/21/2020,$74.1729965209961,42520000,$75.22899627685547,$75.54750061035156,$73.92449951171875
02/20/2020,$75.84950256347656,25962000,$75.95050048828125,$76.35350036621094,$75.21299743652344
02/19/2020,$76.24349975585938,22746000,$76.36000061035156,$76.53700256347656,$76.04900360107422
02/18/2020,$75.97200012207031,25642000,$75.71700286865234,$76.52799987792969,$75.55049896240234
02/14/2020,$75.9365005493164,23198000,$75.72650146484375,$76.00250244140625,$75.27749633789062
02/13/2020,$75.66950225830078,22914000,$75.5,$76.29750061035156,$75.19999694824219
02/12/2020,$75.93150329589844,31042000,$75.79299926757812,$76.01499938964844,$75.43350219726562
02/11/2020,$75.50299835205078,34852000,$75.66349792480469,$76.49400329589844,$75.27249908447266
02/10/2020,$75.43299865722656,38302000,$73.86150360107422,$75.44400024414062,$73.76000213623047
02/07/2020,$73.95549774169922,28360000,$73.36949920654297,$74.26249694824219,$73.27050018310547
02/06/2020,$73.79850006103516,37822000,$72.5989990234375,$74.0780029296875,$72.52400207519531
02/05/2020,$72.30249786376953,36376000,$73.18049621582031,$73.22899627685547,$71.48400115966797
02/04/2020,$72.27050018310547,95880000,$72.72450256347656,$73.36699676513672,$71.10150146484375
02/03/2020,$74.12999725341797,71636000,$73.0824966430664,$74.31500244140625,$72.83049774169922
01/31/2020,$71.63899993896484,43822000,$73.39299774169922,$73.4834976196289,$71.35299682617188
01/30/2020,$72.7125015258789,27110000,$71.90499877929688,$72.76249694824219,$71.75
01/29/2020,$72.83499908447266,21566000,$72.9229965209961,$73.20700073242188,$72.26950073242188
01/28/2020,$72.5250015258789,29724000,$72.08699798583984,$72.73999786376953,$71.51799774169922
01/27/2020,$71.58650207519531,34132000,$71.5770034790039,$71.8290023803711,$70.9749984741211
01/24/2020,$73.30850219726562,29786000,$74.64099884033203,$74.70999908447266,$73.15899658203125
01/23/2020,$74.2344970703125,26650000,$74.37750244140625,$74.67500305175781,$74.01599884033203
01/22/2020,$74.19349670410156,28458000,$74.48650360107422,$75.02899932861328,$74.13300323486328
01/21/2020,$74.11250305175781,48930000,$73.94999694824219,$74.49400329589844,$73.510498046875
01/17/2020,$73.97599792480469,52424000,$73.12699890136719,$74.02749633789062,$72.82749938964844
01/16/2020,$72.50800323486328,26080000,$72.27249908447266,$72.53500366210938,$72
01/15/2020,$71.95999908447266,21550000,$71.6510009765625,$72.03900146484375,$71.58300018310547
01/14/2020,$71.52950286865234,26076000,$72,$72.13150024414062,$71.38849639892578
01/13/2020,$72.00150299072266,30730000,$71.76249694824219,$72.0739974975586,$71.26850128173828
01/10/2020,$71.447998046875,26258000,$71.47350311279297,$71.74700164794922,$70.9800033569336
01/09/2020,$70.989501953125,33200000,$71.09649658203125,$71.43399810791016,$70.510498046875
01/08/2020,$70.25199890136719,35314000,$69.74099731445312,$70.59249877929688,$69.63150024414062
01/07/2020,$69.75550079345703,34330000,$70.02300262451172,$70.17500305175781,$69.5780029296875
01/06/2020,$69.8905029296875,46768000,$67.58149719238281,$69.91600036621094,$67.55000305175781
01/03/2020,$68.07599639892578,23408000,$67.4000015258789,$68.6875,$67.36599731445312
01/02/2020,$68.43399810791016,27278000,$67.42050170898438,$68.43399810791016,$67.32450103759766
