Date,Close/Last,Volume,Open,High,Low
07/17/2026,$646.010009765625,22219700,$647.7000122070312,$652.2000122070312,$626
07/16/2026,$664.5399780273438,15816000,$677.280029296875,$681.9000244140625,$660.1599731445312
07/15/2026,$681.3099975585938,19003400,$663.5999755859375,$686.0800170898438,$656.6599731445312
07/14/2026,$661.0399780273438,16748200,$652,$666.5,$649.0499877929688
07/13/2026,$656.72998046875,19840700,$661.3800048828125,$676.6199951171875,$654.2000122070312
07/10/2026,$669.2100219726562,40608900,$660.3400268554688,$677.8599853515625,$658.010009765625
07/09/2026,$631.47998046875,26579700,$583.989990234375,$633.27001953125,$577.0700073242188
07/08/2026,$603.1199951171875,13606500,$614.3900146484375,$616,$598.010009765625
07/07/2026,$615.5800170898438,18560800,$607.5900268554688,$625.3699951171875,$603.6599731445312
07/06/2026,$600.2899780273438,17674100,$594.8400268554688,$603.5800170898438,$581.760009765625
07/02/2026,$582.9000244140625,21705900,$607.9000244140625,$610,$580.4199829101562
07/01/2026,$612.9099731445312,45536300,$607.9099731445312,$628.280029296875,$595.0999755859375
06/30/2026,$563.2899780273438,18111100,$560.9400024414062,$565.5399780273438,$551.4299926757812
06/29/2026,$562.5999755859375,15011400,$560,$570.9000244140625,$558
06/26/2026,$550.25,18867700,$543.3400268554688,$556.8499755859375,$540.4000244140625
06/25/2026,$542.8699951171875,16968600,$555.5499877929688,$556.3400268554688,$540.1799926757812
06/24/2026,$557.6699829101562,13963600,$561.8900146484375,$569.0399780273438,$555.5499877929688
06/23/2026,$562.2000122070312,13103300,$562.25,$572.2000122070312,$561.02001953125
06/22/2026,$563.8499755859375,15405500,$572.02001953125,$575.8099975585938,$559.8099975585938
06/18/2026,$577.219970703125,28824600,$572.8200073242188,$580.219970703125,$563.0999755859375
06/17/2026,$567.5800170898438,20478300,$592,$593.8099975585938,$566.1900024414062
06/16/2026,$600.2100219726562,11344400,$593.6500244140625,$605.8099975585938,$592
06/15/2026,$593.47998046875,17653300,$579.9000244140625,$601.27001953125,$579.2999877929688
06/12/2026,$566.97998046875,14326400,$572.9500122070312,$576.0700073242188,$560.9000244140625
06/11/2026,$568.4299926757812,17628000,$565.8300170898438,$572.1699829101562,$557.010009765625
06/10/2026,$570.97998046875,17064000,$580.72998046875,$591.3200073242188,$570.5999755859375
06/09/2026,$584.5900268554688,16977400,$591,$597.6300048828125,$581.010009765625
06/08/2026,$585.3900146484375,19512400,$592,$592,$579.219970703125
06/05/2026,$593,30091600,$623.4600219726562,$629.1500244140625,$582.9099731445312
06/04/2026,$627.5700073242188,21469200,$623.6699829101562,$642.4000244140625,$622.4299926757812
06/03/2026,$622.97998046875,23020100,$603,$624.1500244140625,$600.27001953125
06/02/2026,$597.6300048828125,18252000,$603.239990234375,$608.8800048828125,$596.6799926757812
06/01/2026,$600.469970703125,29138800,$630.4000244140625,$635.75,$599.530029296875
05/29/2026,$632.510009765625,19806500,$633.5,$634.5,$623.3499755859375
05/28/2026,$635.2899780273438,16772400,$639.5,$643,$629.3099975585938
05/27/2026,$635.260009765625,23143600,$609.4000244140625,$638.5,$609
05/26/2026,$612.3400268554688,12234200,$608.8900146484375,$614.469970703125,$605.2999877929688
05/22/2026,$610.260009765625,11688600,$607.8800048828125,$614.8099975585938,$606.9500122070312
05/21/2026,$607.3800048828125,13476100,$600,$609.5999755859375,$594.8099975585938
05/20/2026,$605.0599975585938,11329700,$600.760009765625,$608,$597.8099975585938
05/19/2026,$602.6099853515625,11749900,$608.9199829101562,$613.9299926757812,$600.5499877929688
05/18/2026,$611.2100219726562,13772400,$609.1099853515625,$615.5900268554688,$603.6900024414062
05/15/2026,$614.22998046875,13272600,$613.989990234375,$621.2000122070312,$609.3099975585938
05/14/2026,$618.4299926757812,10651200,$616,$623.72998046875,$615
05/13/2026,$616.6300048828125,14634400,$598.8300170898438,$619.9000244140625,$596.6599731445312
05/12/2026,$603,11351600,$594.8200073242188,$603.75,$592.5999755859375
05/11/2026,$598.8599853515625,15940600,$604.5700073242188,$604.9099731445312,$598.0800170898438
05/08/2026,$609.6300048828125,13557000,$615.2000122070312,$616.77001953125,$606.0599975585938
05/07/2026,$616.8099975585938,12307400,$614.719970703125,$624.97998046875,$613.5399780273438
05/06/2026,$612.8800048828125,19915500,$601.0499877929688,$619.9500122070312,$598.0999755859375
05/05/2026,$604.9600219726562,17171300,$613.3099975585938,$614.3499755859375,$600.3599853515625
05/04/2026,$610.4099731445312,16203900,$607.9400024414062,$614,$602.75
05/01/2026,$608.75,21404000,$614.6900024414062,$618.8800048828125,$606.1099853515625
04/30/2026,$611.9099731445312,52765000,$619.3200073242188,$620.8499755859375,$600
04/29/2026,$669.1199951171875,18947500,$668.9099731445312,$674.25,$663.8099975585938
04/28/2026,$671.3400268554688,10606800,$674.239990234375,$678.1799926757812,$665.6300048828125
04/27/2026,$678.6199951171875,12805200,$671,$682.5,$670.8400268554688
04/24/2026,$675.030029296875,13348300,$660.3200073242188,$680.6699829101562,$653.8400268554688
04/23/2026,$659.1500244140625,11667000,$663.7000122070312,$669.5599975585938,$653.0499877929688
04/22/2026,$674.719970703125,9215600,$674.3599853515625,$678.3800048828125,$669.75
04/21/2026,$668.8400268554688,8660100,$671,$676.2000122070312,$667.3300170898438
04/20/2026,$670.9099731445312,12534000,$681.3599853515625,$683.3800048828125,$668
04/17/2026,$688.5499877929688,16283500,$678.5999755859375,$691.52001953125,$675.1300048828125
04/16/2026,$676.8699951171875,9544800,$675.989990234375,$677.5800170898438,$667.75
04/15/2026,$671.5800170898438,14952600,$667,$678.5,$664.219970703125
04/14/2026,$662.489990234375,17818000,$643.219970703125,$666.260009765625,$639.3699951171875
04/13/2026,$634.530029296875,9538900,$629.5,$635,$624.4000244140625
04/10/2026,$629.8599853515625,13294800,$634.469970703125,$638.5800170898438,$624.3300170898438
04/09/2026,$628.3900146484375,19012900,$626.969970703125,$637.5,$623
04/08/2026,$612.4199829101562,32036600,$606,$629.9500122070312,$591.8300170898438
04/07/2026,$575.0499877929688,9580800,$572.47998046875,$575.22998046875,$564.760009765625
04/06/2026,$573.02001953125,9515700,$577.6900024414062,$582.7899780273438,$572
04/02/2026,$574.4600219726562,13518500,$566.0399780273438,$578.5,$559.7000122070312
04/01/2026,$579.22998046875,23608100,$580.1300048828125,$592.5499877929688,$573.8200073242188
03/31/2026,$572.1300048828125,32898300,$549.97998046875,$573.6900024414062,$546.77001953125
03/30/2026,$536.3800048828125,22795200,$536.3800048828125,$539.5499877929688,$528.5399780273438
03/27/2026,$525.719970703125,30133000,$540.0999755859375,$543.5999755859375,$520.260009765625
03/26/2026,$547.5399780273438,35780100,$582.489990234375,$583,$543.3499755859375
03/25/2026,$594.8900146484375,12585000,$598.739990234375,$603.6699829101562,$593.4000244140625
03/24/2026,$592.9199829101562,10739700,$599.0999755859375,$601,$591
03/23/2026,$604.0599975585938,13638000,$605.7899780273438,$608.6400146484375,$599.010009765625
03/20/2026,$593.6599731445312,21214900,$603.530029296875,$603.9600219726562,$587.25
03/19/2026,$606.7000122070312,13247700,$612.1500244140625,$613,$602.260009765625
03/18/2026,$615.6799926757812,11726300,$616.3400268554688,$622.6500244140625,$614.6099853515625
03/17/2026,$622.6599731445312,10348800,$627.989990234375,$636.5499877929688,$621.7000122070312
03/16/2026,$627.4500122070312,15134900,$632,$634.75,$623.0999755859375
03/13/2026,$613.7100219726562,18957600,$623.8900146484375,$629.1699829101562,$609.5499877929688
03/12/2026,$638.1799926757812,11617500,$648.75,$653.5,$636.9000244140625
03/11/2026,$654.8599853515625,8977200,$654.760009765625,$659.1199951171875,$648.3599853515625
03/10/2026,$654.0700073242188,9859300,$653.5599975585938,$660.2999877929688,$649
03/09/2026,$647.3900146484375,13489700,$634.780029296875,$647.75,$626.780029296875
03/06/2026,$644.8599853515625,13159400,$647.9000244140625,$649.469970703125,$636.1099853515625
03/05/2026,$660.5700073242188,13341400,$661.9299926757812,$670.7000122070312,$650.3099975585938
03/04/2026,$667.72998046875,10810100,$657.9600219726562,$672.77001953125,$657.6699829101562
03/03/2026,$655.0800170898438,12263800,$648.2899780273438,$659.0399780273438,$638.8400268554688
03/02/2026,$653.5599975585938,9816100,$637.1599731445312,$659.9400024414062,$634.5
02/27/2026,$648.1799926757812,15703000,$643.4500122070312,$649.4400024414062,$638.1199951171875
02/26/2026,$657.010009765625,10637700,$650.5499877929688,$661,$647.5
02/25/2026,$653.6900024414062,11330700,$642.530029296875,$653.8800048828125,$642.1400146484375
02/24/2026,$639.2999877929688,10135600,$633.0800170898438,$641.1099853515625,$628.97998046875
02/23/2026,$637.25,8605900,$652.5399780273438,$657.7000122070312,$636
02/20/2026,$655.6599731445312,14183500,$639.6900024414062,$663.3499755859375,$638.780029296875
02/19/2026,$644.780029296875,10035700,$638.5700073242188,$647.1900024414062,$636.719970703125
02/18/2026,$643.219970703125,14649200,$633.7999877929688,$645,$628.1500244140625
02/17/2026,$639.2899780273438,12674700,$639.5,$642.5999755859375,$628.7999877929688
02/13/2026,$639.77001953125,12336400,$645.0999755859375,$651.4299926757812,$634.5700073242188
02/12/2026,$649.8099975585938,14960100,$669.969970703125,$676,$645.280029296875
02/11/2026,$668.6900024414062,14323800,$674,$679.27001953125,$657.0999755859375
02/10/2026,$670.719970703125,10455800,$677.5999755859375,$680.6500244140625,$669.7899780273438
02/09/2026,$677.219970703125,14837500,$663.1799926757812,$683.3099975585938,$658.780029296875
02/06/2026,$661.4600219726562,18159300,$665.489990234375,$671.989990234375,$646.5
02/05/2026,$670.2100219726562,17131800,$663.5800170898438,$681.5,$653.5
02/04/2026,$668.989990234375,16882800,$687.72998046875,$688.8300170898438,$667.4600219726562
02/03/2026,$691.7000122070312,13760700,$707.3699951171875,$717,$686.4099731445312
02/02/2026,$706.4099731445312,14365200,$714.5999755859375,$721.2999877929688,$703.52001953125
01/30/2026,$716.5,23744600,$727.5,$732.1699829101562,$713.5900268554688
01/29/2026,$738.3099975585938,59852900,$737.4299926757812,$744,$712.5499877929688
01/28/2026,$668.72998046875,25709600,$674.5,$677.6799926757812,$666.0999755859375
01/27/2026,$672.969970703125,13297400,$674.5900268554688,$676.8200073242188,$664.6599731445312
01/26/2026,$672.3599853515625,16327400,$665.1300048828125,$675.280029296875,$661.2899780273438
01/23/2026,$658.760009765625,22797700,$644.77001953125,$666.489990234375,$644.4500122070312
01/22/2026,$647.6300048828125,21394700,$629.3499755859375,$660.5700073242188,$626.5499877929688
01/21/2026,$612.9600219726562,14494700,$606.739990234375,$618.27001953125,$600.0800170898438
01/20/2026,$604.1199951171875,15169600,$607.8800048828125,$611.4000244140625,$600
01/16/2026,$620.25,17012500,$624.1799926757812,$629.0800170898438,$620.0800170898438
01/15/2026,$620.7999877929688,13076100,$618.47998046875,$624.1699829101562,$614.22998046875
01/14/2026,$615.52001953125,15527900,$626.5,$628.4500122070312,$614.8200073242188
01/13/2026,$631.0900268554688,18030400,$642.27001953125,$642.27001953125,$624.0999755859375
01/12/2026,$641.969970703125,14797200,$652.530029296875,$653.969970703125,$641.22998046875
01/09/2026,$653.0599975585938,11634900,$645.4400024414062,$654.9500122070312,$642.8499755859375
01/08/2026,$646.0599975585938,11921700,$645.8800048828125,$647.0999755859375,$635.719970703125
01/07/2026,$648.6900024414062,12846300,$655.6400146484375,$659.1500244140625,$644.8099975585938
01/06/2026,$660.6199951171875,11074400,$659.5700073242188,$665.52001953125,$651.9000244140625
01/05/2026,$658.7899780273438,12213700,$651.010009765625,$664.5399780273438,$647.75
01/02/2026,$650.4099731445312,13726500,$662.72998046875,$664.3900146484375,$643.5
12/31/2025,$660.0900268554688,7940400,$664.75,$665,$659.4400024414062
12/30/2025,$665.9500122070312,9187500,$658.6900024414062,$672.219970703125,$657.8400268554688
12/29/2025,$658.6900024414062,8506500,$658.010009765625,$660.25,$654.3900146484375
12/26/2025,$663.2899780273438,7133800,$668.0599975585938,$668.9500122070312,$661.3200073242188
12/24/2025,$667.5499877929688,5627500,$662.530029296875,$668.1799926757812,$662.2000122070312
12/23/2025,$664.9400024414062,8486800,$660.0499877929688,$666,$658.25
12/22/2025,$661.5,15659400,$661.6500244140625,$673.5800170898438,$656.6500244140625
12/19/2025,$658.77001953125,49977100,$666.4199829101562,$671,$658.1799926757812
12/18/2025,$664.4500122070312,20260300,$657.030029296875,$670.5599975585938,$656.4600219726562
12/17/2025,$649.5,15598500,$655.6099853515625,$661.22998046875,$649.2000122070312
12/16/2025,$657.1500244140625,14309100,$643.5,$662.5399780273438,$643.2000122070312
12/15/2025,$647.510009765625,15549100,$645.7000122070312,$653,$638.7000122070312
12/12/2025,$644.22998046875,14016900,$649.7999877929688,$711,$638.6099853515625
12/11/2025,$652.7100219726562,13056700,$643.2899780273438,$655.280029296875,$640.7999877929688
12/10/2025,$650.1300048828125,16910900,$649.9500122070312,$654.510009765625,$643.4000244140625
12/09/2025,$656.9600219726562,12997100,$663.77001953125,$664.47998046875,$653.3400268554688
12/08/2025,$666.7999877929688,13161000,$669.3400268554688,$676.7100219726562,$665.0700073242188
12/05/2025,$673.4199829101562,21207900,$664,$674.6900024414062,$662.3900146484375
12/04/2025,$661.530029296875,29874600,$676,$676.0999755859375,$660.0499877929688
12/03/2025,$639.5999755859375,11134300,$644.4099731445312,$648.8499755859375,$637.5499877929688
12/02/2025,$647.0999755859375,11640900,$642.3400268554688,$647.8699951171875,$638.0700073242188
12/01/2025,$640.8699951171875,13029900,$639.5499877929688,$645.3200073242188,$637.760009765625
11/28/2025,$647.9500122070312,11033200,$636.0800170898438,$648.0499877929688,$635.5
11/26/2025,$633.6099853515625,15209500,$637.6900024414062,$638.3599853515625,$631.6300048828125
11/25/2025,$636.219970703125,25213000,$624,$637.0499877929688,$618.2999877929688
11/24/2025,$613.0499877929688,23554900,$598.719970703125,$616.7000122070312,$597.6300048828125
11/21/2025,$594.25,21052600,$588.5,$598.1199951171875,$581.8599853515625
11/20/2025,$589.1500244140625,20603000,$603.5,$606.719970703125,$583.3499755859375
11/19/2025,$590.3200073242188,24744700,$593.719970703125,$595.3300170898438,$581.25
11/18/2025,$597.6900024414062,25500600,$591.5999755859375,$603.6599731445312,$583.780029296875
11/17/2025,$602.010009765625,16501300,$609.0399780273438,$611.6900024414062,$595.4000244140625
11/14/2025,$609.4600219726562,20724100,$601.7899780273438,$613.6799926757812,$595.2000122070312
11/13/2025,$609.8900146484375,20973800,$613.0700073242188,$617.6500244140625,$603
11/12/2025,$609.010009765625,24493300,$628.1300048828125,$628.989990234375,$607.77001953125
11/11/2025,$627.0800170898438,13302200,$628,$629.5599975585938,$619.3900146484375
11/10/2025,$631.760009765625,19245000,$631.0900268554688,$635,$618.1099853515625
11/07/2025,$621.7100219726562,29946800,$616.489990234375,$622.1300048828125,$601.2000122070312
11/06/2025,$618.9400024414062,23628800,$635.8499755859375,$636,$618
11/05/2025,$635.9500122070312,20219900,$632.3099975585938,$642.22998046875,$626.5399780273438
11/04/2025,$627.3200073242188,27356600,$628.0399780273438,$641.739990234375,$626.010009765625
11/03/2025,$637.7100219726562,33003600,$656,$659.3300170898438,$636.1799926757812
10/31/2025,$648.3499755859375,56953200,$674.510009765625,$674.8900146484375,$645.5700073242188
10/30/2025,$666.469970703125,88440100,$669.1500244140625,$680.9600219726562,$650.1699829101562
10/29/2025,$751.6699829101562,26818600,$754.75,$759.1599731445312,$742.510009765625
10/28/2025,$751.4400024414062,12193800,$752.6300048828125,$758.4000244140625,$745.52001953125
10/27/2025,$750.8200073242188,11321100,$749.72998046875,$755.75,$748.010009765625
10/24/2025,$738.3599853515625,9151300,$736.7899780273438,$741.2100219726562,$731.1500244140625
10/23/2025,$734,9856000,$734.7000122070312,$742.4099731445312,$733.0999755859375
10/22/2025,$733.4099731445312,8734500,$733.8300170898438,$740.5999755859375,$724.030029296875
10/21/2025,$733.27001953125,7647300,$736.02001953125,$738.5,$728.75
10/20/2025,$732.1699829101562,8900200,$721.1900024414062,$733.77001953125,$720.1799926757812
10/17/2025,$716.9199829101562,12232400,$707.0800170898438,$718.5399780273438,$706.1199951171875
10/16/2025,$712.0700073242188,9017000,$717.5499877929688,$725.489990234375,$703.8800048828125
10/15/2025,$717.5499877929688,10246800,$717.0599975585938,$723.9000244140625,$709.510009765625
10/14/2025,$708.6500244140625,8829800,$707.780029296875,$715.5499877929688,$699.3300170898438
10/13/2025,$715.7000122070312,9251800,$713.010009765625,$719.9400024414062,$707.6400146484375
10/10/2025,$705.2999877929688,16980100,$730.9199829101562,$735.27001953125,$704.510009765625
10/09/2025,$733.510009765625,12717200,$718.280029296875,$733.510009765625,$712.4400024414062
10/08/2025,$717.8400268554688,10790600,$713.4500122070312,$719.6500244140625,$707.8099975585938
10/07/2025,$713.0800170898438,12062900,$717.719970703125,$718.5,$705.75
10/06/2025,$715.6599731445312,21654700,$705.1900024414062,$716.8800048828125,$690.510009765625
10/03/2025,$710.5599975585938,16154300,$729.6300048828125,$731,$710.1799926757812
10/02/2025,$727.0499877929688,11415300,$722.5800170898438,$727.77001953125,$718.1400146484375
10/01/2025,$717.3400268554688,20419600,$721.489990234375,$721.8499755859375,$710.2000122070312
09/30/2025,$734.3800048828125,16226800,$742.25,$742.969970703125,$726.2999877929688
09/29/2025,$743.4000244140625,9246800,$748.719970703125,$750.780029296875,$739.1500244140625
09/26/2025,$743.75,9696300,$750,$751.9299926757812,$737.3499755859375
09/25/2025,$748.9099731445312,10591100,$753.4500122070312,$756.77001953125,$744.5499877929688
09/24/2025,$760.6599731445312,8828200,$757.5,$761.1099853515625,$752.530029296875
09/23/2025,$755.4000244140625,10872600,$769.25,$770.5999755859375,$751.0700073242188
09/22/2025,$765.1599731445312,11706900,$781.8499755859375,$785.72998046875,$764.469970703125
09/19/2025,$778.3800048828125,23696800,$786.4199829101562,$790.7999877929688,$769.1900024414062
09/18/2025,$780.25,10955000,$780.75,$788.780029296875,$773.3599853515625
09/17/2025,$775.719970703125,9400900,$779.989990234375,$783.2899780273438,$766.3099975585938
09/16/2025,$779,11782500,$767,$781.3599853515625,$765.0999755859375
09/15/2025,$764.7000122070312,10533800,$757.469970703125,$774.0700073242188,$751.989990234375
09/12/2025,$755.5900268554688,8248600,$748.72998046875,$757.5700073242188,$743.760009765625
09/11/2025,$750.9000244140625,7923300,$754.6500244140625,$757.0999755859375,$748.3699951171875
09/10/2025,$751.97998046875,12478300,$765.1300048828125,$765.7000122070312,$751
09/09/2025,$765.7000122070312,10999000,$757.489990234375,$766.2999877929688,$753.4299926757812
09/08/2025,$752.2999877929688,13087800,$756,$766.510009765625,$752.02001953125
09/05/2025,$752.4500122070312,9663400,$752.6199951171875,$757.9500122070312,$745.030029296875
09/04/2025,$748.6500244140625,11439100,$748.5700073242188,$761.1599731445312,$745.8200073242188
09/03/2025,$737.0499877929688,7699300,$736,$740.25,$733.989990234375
09/02/2025,$735.1099853515625,9350900,$726.0399780273438,$736,$721.72998046875
08/29/2025,$738.7000122070312,9070500,$745.280029296875,$747.1400146484375,$735.3499755859375
08/28/2025,$751.1099853515625,7468000,$744,$753.0499877929688,$740.7999877929688
08/27/2025,$747.3800048828125,8315400,$752.2999877929688,$754.1500244140625,$742.8400268554688
08/26/2025,$754.0999755859375,7601800,$750.7999877929688,$754.8699951171875,$747.9400024414062
08/25/2025,$753.2999877929688,6861200,$754.8200073242188,$758.8800048828125,$750.1300048828125
08/22/2025,$754.7899780273438,10612700,$739.22998046875,$756.9000244140625,$734.3900146484375
08/21/2025,$739.0999755859375,8876300,$744.7100219726562,$745.5,$733.1099853515625
08/20/2025,$747.719970703125,11898200,$747.5700073242188,$750.2000122070312,$731
08/19/2025,$751.47998046875,12286700,$767.1199951171875,$767.1699829101562,$749.3599853515625
08/18/2025,$767.3699951171875,16513700,$775.0900268554688,$775.8099975585938,$756.5599975585938
08/15/2025,$785.22998046875,13375400,$784.1500244140625,$796.25,$780.8200073242188
08/14/2025,$782.1300048828125,8116200,$777.8800048828125,$787.8099975585938,$772.510009765625
08/13/2025,$780.0800170898438,8811800,$791.1500244140625,$795.4600219726562,$778.22998046875
08/12/2025,$790,14563100,$773,$793.6699829101562,$772.4299926757812
08/11/2025,$765.8699951171875,7612000,$770.0800170898438,$773.4600219726562,$764.6699829101562
08/08/2025,$769.2999877929688,7320800,$762.75,$769.9000244140625,$758.5800170898438
08/07/2025,$761.8300170898438,9019700,$773.489990234375,$775,$759.5499877929688
08/06/2025,$771.989990234375,9733900,$770,$773.6400146484375,$760.4600219726562
08/05/2025,$763.4600219726562,11640300,$776.4500122070312,$783.1300048828125,$763
08/04/2025,$776.3699951171875,15801700,$760,$776.8499755859375,$758.4099731445312
08/01/2025,$750.010009765625,19028700,$760.72998046875,$766,$745.3099975585938
07/31/2025,$773.4400024414062,38831100,$775.2000122070312,$784.75,$765.510009765625
07/30/2025,$695.2100219726562,27077300,$708.0900268554688,$708.5,$691.2000122070312
07/29/2025,$700,13267000,$720,$724.469970703125,$699.9099731445312
07/28/2025,$717.6300048828125,8715700,$715.2000122070312,$724.739990234375,$712.6799926757812
07/25/2025,$712.6799926757812,8271700,$716.9199829101562,$720.6500244140625,$711.9000244140625
07/24/2025,$714.7999877929688,10920800,$717.0499877929688,$723.6199951171875,$714
07/23/2025,$713.5800170898438,8771600,$706.3699951171875,$714.6300048828125,$704.9299926757812
07/22/2025,$704.8099975585938,8921100,$716.1900024414062,$716.5999755859375,$701.4099731445312
07/21/2025,$712.969970703125,9404400,$706.7999877929688,$717,$705.760009765625
07/18/2025,$704.280029296875,12779800,$702.1900024414062,$704.7100219726562,$691.6500244140625
07/17/2025,$701.4099731445312,11803300,$704.3900146484375,$705.9000244140625,$697.1099853515625
07/16/2025,$702.9099731445312,13067600,$713.3699951171875,$713.969970703125,$699.27001953125
07/15/2025,$710.3900146484375,11529500,$723.9000244140625,$724.469970703125,$709.8200073242188
07/14/2025,$720.9199829101562,8939400,$717.5999755859375,$728,$716.5499877929688
07/11/2025,$717.510009765625,10873900,$722.5,$725.1599731445312,$709.7000122070312
07/10/2025,$727.239990234375,9913600,$731.5499877929688,$735.7999877929688,$719.5999755859375
07/09/2025,$732.780029296875,11418000,$722.719970703125,$737.530029296875,$722.719970703125
07/08/2025,$720.6699829101562,7770700,$721.5700073242188,$722.9099731445312,$714.8099975585938
07/07/2025,$718.3499755859375,9457100,$717.5999755859375,$727,$713.510009765625
07/03/2025,$719.010009765625,8601700,$726.6099853515625,$729.030029296875,$714.4199829101562
07/02/2025,$713.5700073242188,9336700,$715.3300170898438,$720.2999877929688,$712.7999877929688
07/01/2025,$719.219970703125,13431200,$736.8800048828125,$737.75,$715.3699951171875
06/30/2025,$738.0900268554688,15402100,$744.5499877929688,$747.9000244140625,$734.25
06/27/2025,$733.6300048828125,18775700,$726.52001953125,$735.4299926757812,$725.8599853515625
06/26/2025,$726.0900268554688,13964800,$714.3599853515625,$728.219970703125,$711.0499877929688
06/25/2025,$708.6799926757812,9320400,$713.3200073242188,$716.5800170898438,$705.3800048828125
06/24/2025,$712.2000122070312,13823200,$704.8900146484375,$713.1900024414062,$702.1099853515625
06/23/2025,$698.530029296875,11080100,$683.6900024414062,$699.0499877929688,$678.75
06/20/2025,$682.3499755859375,22538600,$700.75,$701.8200073242188,$678.6699829101562
06/18/2025,$695.77001953125,10068300,$698.1799926757812,$701.5900268554688,$694.9000244140625
06/17/2025,$697.22998046875,10066100,$702,$705.969970703125,$696.0599975585938
06/16/2025,$702.1199951171875,13720300,$699.3300170898438,$707.1500244140625,$693.510009765625
06/13/2025,$682.8699951171875,9274400,$687.9500122070312,$694.5700073242188,$681.010009765625
06/12/2025,$693.3599853515625,7322700,$693.2999877929688,$695.3800048828125,$687
06/11/2025,$694.1400146484375,9582500,$703.7100219726562,$708.8699951171875,$691.989990234375
06/10/2025,$702.4000244140625,10850100,$701.3499755859375,$703.22998046875,$691.5599975585938
06/09/2025,$694.0599975585938,12773200,$698.4600219726562,$705.1900024414062,$693.9400024414062
06/06/2025,$697.7100219726562,11728000,$696.1699829101562,$702.8099975585938,$691.8699951171875
06/05/2025,$684.6199951171875,13083100,$691.6599731445312,$694.3800048828125,$682.25
06/04/2025,$687.9500122070312,14031900,$669.3200073242188,$689,$668.5700073242188
06/03/2025,$666.8499755859375,11585000,$671.4500122070312,$675.5800170898438,$665.030029296875
06/02/2025,$670.9000244140625,15766300,$644.3900146484375,$673.260009765625,$644.260009765625
05/30/2025,$647.489990234375,16241000,$642.5,$649.4099731445312,$632.780029296875
05/29/2025,$645.0499877929688,8858800,$651.6500244140625,$653.3200073242188,$639.5
05/28/2025,$643.5800170898438,9042900,$642.5999755859375,$650.8800048828125,$642.5499877929688
05/27/2025,$642.3200073242188,9508400,$635.4099731445312,$643.0800170898438,$632.75
05/23/2025,$627.0599975585938,8454100,$624,$632.4500122070312,$622.6500244140625
05/22/2025,$636.5700073242188,8228400,$634.0499877929688,$643.25,$630.7100219726562
05/21/2025,$635.5,11464600,$631.7899780273438,$646.6099853515625,$630.1699829101562
05/20/2025,$637.0999755859375,6743500,$636.010009765625,$639.3499755859375,$632.260009765625
05/19/2025,$640.4299926757812,9592400,$628.25,$643,$627.7999877929688
05/16/2025,$640.3400268554688,18519000,$637.9600219726562,$640.4400024414062,$626.1500244140625
05/15/2025,$643.8800048828125,14341800,$654.280029296875,$657.3099975585938,$638.5800170898438
05/14/2025,$659.3599853515625,12348200,$661.2100219726562,$662.6699829101562,$654.3099975585938
05/13/2025,$656.030029296875,18570800,$645.5399780273438,$660.9199829101562,$642.8300170898438
05/12/2025,$639.4299926757812,21965100,$630.9199829101562,$640.3900146484375,$621.030029296875
05/09/2025,$592.489990234375,10427300,$603.719970703125,$606.969970703125,$591.7100219726562
05/08/2025,$598.010009765625,14622800,$606.2899780273438,$611.2999877929688,$596.6199951171875
05/07/2025,$596.8099975585938,13139100,$590.3599853515625,$603.0800170898438,$586.6699829101562
05/06/2025,$587.3099975585938,10600700,$592.530029296875,$596.030029296875,$586.5800170898438
05/05/2025,$599.27001953125,13887700,$591.219970703125,$603.2100219726562,$588.0499877929688
05/02/2025,$597.02001953125,24739300,$583.4600219726562,$604.3400268554688,$578.3300170898438
05/01/2025,$572.2100219726562,31159000,$592.0800170898438,$592.9500122070312,$570.5
04/30/2025,$549,29244000,$538.4000244140625,$549.0999755859375,$529.5
04/29/2025,$554.4400024414062,11835000,$546,$556.5700073242188,$544.1199951171875
04/28/2025,$549.739990234375,15179000,$555.6400146484375,$558.489990234375,$540.5900268554688
04/25/2025,$547.27001953125,17098900,$546.7999877929688,$549.8599853515625,$536.25
04/24/2025,$533.1500244140625,13910000,$518.72998046875,$533.9000244140625,$517.5
04/23/2025,$520.27001953125,18173900,$528.530029296875,$535.3400268554688,$516.52001953125
04/22/2025,$500.2799987792969,17399400,$491.8699951171875,$506.8800048828125,$486.3599853515625
04/21/2025,$484.6600036621094,16166000,$491.3299865722656,$493.5,$479.79998779296875
04/17/2025,$501.4800109863281,14593500,$505.25,$507.29998779296875,$498.010009765625
04/16/2025,$502.30999755859375,18735100,$508.510009765625,$513.3699951171875,$495.6300048828125
04/15/2025,$521.52001953125,15558700,$532.1099853515625,$537.9400024414062,$517.5
04/14/2025,$531.47998046875,14130900,$556.1699829101562,$557.77001953125,$528.280029296875
04/11/2025,$543.5700073242188,17642300,$535.510009765625,$547.4000244140625,$528.5900268554688
04/10/2025,$546.2899780273438,28173500,$575.489990234375,$581.2999877929688,$535.2999877929688
04/09/2025,$585.77001953125,39216600,$509.2699890136719,$587.8900146484375,$502.1099853515625
04/08/2025,$510.45001220703125,28034200,$543.25,$547.4299926757812,$502.8599853515625
04/07/2025,$516.25,36606100,$485.1000061035156,$539.3699951171875,$481.8999938964844
04/04/2025,$504.7300109863281,38589800,$506.6199951171875,$518,$494.20001220703125
04/03/2025,$531.6199951171875,34777500,$546.219970703125,$552.5599975585938,$530.2999877929688
04/02/2025,$583.9299926757812,13470800,$574.9099731445312,$592.6599731445312,$573.3599853515625
04/01/2025,$586,12836600,$570.8400268554688,$589.9099731445312,$570
03/31/2025,$576.3599853515625,21124700,$563.5,$578.7000122070312,$553.2999877929688
03/28/2025,$576.739990234375,17602800,$600.3099975585938,$601.75,$573.9199829101562
03/27/2025,$602.5800170898438,10436500,$602,$614.25,$600.0999755859375
03/26/2025,$610.97998046875,12609800,$624.8900146484375,$626.75,$606.6099853515625
03/25/2025,$626.3099975585938,15312500,$626.760009765625,$633.8800048828125,$621.1799926757812
03/24/2025,$618.8499755859375,15741300,$614.969970703125,$622.5399780273438,$612.2000122070312
03/21/2025,$596.25,25015900,$583.4199829101562,$597.5399780273438,$580.9500122070312
03/20/2025,$586,24336500,$582.760009765625,$610.2000122070312,$579.510009765625
03/19/2025,$584.0599975585938,20537500,$584.280029296875,$592.3200073242188,$574.77001953125
03/18/2025,$582.3599853515625,20297700,$600.0499877929688,$600.25,$574.6599731445312
03/17/2025,$604.9000244140625,15473900,$607.4600219726562,$613.0999755859375,$598
03/14/2025,$607.5999755859375,12364500,$602.7999877929688,$608.8599853515625,$594.780029296875
03/13/2025,$590.6400146484375,16480300,$620.25,$620.5,$586.510009765625
03/12/2025,$619.5599975585938,15747000,$629.9000244140625,$633.3300170898438,$609.3499755859375
03/11/2025,$605.7100219726562,17401500,$595.0499877929688,$614.9299926757812,$593.3300170898438
03/10/2025,$597.989990234375,21999900,$608.0700073242188,$610.1099853515625,$586.8699951171875
03/07/2025,$625.6599731445312,21375700,$625.3699951171875,$634.7899780273438,$600.6099853515625
03/06/2025,$627.9299926757812,13446500,$648,$650.5599975585938,$624.1099853515625
03/05/2025,$656.469970703125,13770000,$641,$659.5,$637.6599731445312
03/04/2025,$640,21495200,$645.510009765625,$649.75,$623.6500244140625
03/03/2025,$655.0499877929688,10843800,$673.6799926757812,$681.25,$650.8400268554688
02/28/2025,$668.2000122070312,17534200,$658.0399780273438,$669.6300048828125,$642.5999755859375
02/27/2025,$658.239990234375,12500000,$682.4500122070312,$688.6500244140625,$657.5700073242188
02/26/2025,$673.7000122070312,14488700,$659.6500244140625,$683.010009765625,$658
02/25/2025,$657.5,20579700,$665.969970703125,$668,$641.8599853515625
02/24/2025,$668.1300048828125,15677000,$686.280029296875,$687.27001953125,$662.4500122070312
02/21/2025,$683.5499877929688,15660400,$696.5800170898438,$703.8699951171875,$682.3599853515625
02/20/2025,$694.8400268554688,12587400,$697.280029296875,$705.6300048828125,$693.6400146484375
02/19/2025,$703.77001953125,17535500,$704.0999755859375,$707,$695.3900146484375
02/18/2025,$716.3699951171875,21938700,$736,$737,$706.4400024414062
02/14/2025,$736.6699829101562,16901200,$726.1400146484375,$740.9099731445312,$725.6199951171875
02/13/2025,$728.5599975585938,12569100,$721.52001953125,$729,$718.0399780273438
02/12/2025,$725.3800048828125,12016500,$715.2999877929688,$727.0999755859375,$712.5999755859375
02/11/2025,$719.7999877929688,12998000,$713.3200073242188,$723.6599731445312,$710.0399780273438
02/10/2025,$717.4000244140625,12904300,$718.5599975585938,$721.2000122070312,$711.3300170898438
02/07/2025,$714.52001953125,16427100,$716.7999877929688,$725.010009765625,$711.75
02/06/2025,$711.989990234375,13080700,$705.8800048828125,$718.9000244140625,$703.5
02/05/2025,$704.8699951171875,17778200,$703.5499877929688,$718.1400146484375,$699.010009765625
02/04/2025,$704.1900024414062,13826300,$702.5,$707.7100219726562,$691.6099853515625
02/03/2025,$697.4600219726562,21415700,$675.9099731445312,$704,$675.25
01/31/2025,$689.1799926757812,19303900,$691,$705.2999877929688,$685.5800170898438
01/30/2025,$687,29322900,$696.8200073242188,$710.7899780273438,$676.0999755859375
01/29/2025,$676.489990234375,21377800,$675,$681.0499877929688,$665.6699829101562
01/28/2025,$674.3300170898438,20950100,$666,$682.5800170898438,$659.469970703125
01/27/2025,$659.8800048828125,28399200,$626.6099853515625,$663.8699951171875,$625.0999755859375
01/24/2025,$647.489990234375,19065300,$636.4000244140625,$652,$634.2000122070312
01/23/2025,$636.4500122070312,9910200,$627.3599853515625,$636.5999755859375,$621.1500244140625
01/22/2025,$623.5,12274000,$623.2999877929688,$633.7000122070312,$619.4299926757812
01/21/2025,$616.4600219726562,11674000,$617.8300170898438,$621.5,$609.010009765625
01/17/2025,$612.77001953125,17280600,$624.0499877929688,$624.969970703125,$603.6699829101562
01/16/2025,$611.2999877929688,8355300,$611.5,$616.25,$609.7100219726562
01/15/2025,$617.1199951171875,15524300,$610.2100219726562,$622.4600219726562,$606.5
01/14/2025,$594.25,13598000,$605.0700073242188,$605.489990234375,$588.5499877929688
01/13/2025,$608.3300170898438,10785000,$607.0999755859375,$608.969970703125,$598.4500122070312
01/10/2025,$615.8599853515625,19256600,$610.030029296875,$629.9099731445312,$597.3400268554688
01/08/2025,$610.719970703125,10085800,$613.4000244140625,$616.4400024414062,$602.7899780273438
01/07/2025,$617.8900146484375,12071500,$631.7000122070312,$632.0999755859375,$608.22998046875
01/06/2025,$630.2000122070312,14560800,$611.8300170898438,$630.989990234375,$605.6199951171875
01/03/2025,$604.6300048828125,11436800,$604.760009765625,$609.5,$596.4099731445312
01/02/2025,$599.239990234375,12682300,$589.719970703125,$604.9099731445312,$587.8200073242188
12/31/2024,$585.510009765625,6019500,$592.27001953125,$593.969970703125,$583.8499755859375
12/30/2024,$591.239990234375,7025900,$588.75,$596.9400024414062,$585.5800170898438
12/27/2024,$599.8099975585938,8084200,$599.4099731445312,$601.8499755859375,$589.7999877929688
12/26/2024,$603.3499755859375,6081400,$605.47998046875,$606.2999877929688,$598.9400024414062
12/24/2024,$607.75,4726100,$602.719970703125,$607.989990234375,$599.280029296875
12/23/2024,$599.8499755859375,10205800,$589.5999755859375,$601.0900268554688,$586.25
12/20/2024,$585.25,48989400,$590.5800170898438,$603.1099853515625,$580
12/19/2024,$595.5700073242188,14958100,$610.3900146484375,$611.52001953125,$595
12/18/2024,$597.1900024414062,17075500,$621,$627.3599853515625,$596.3200073242188
12/17/2024,$619.4400024414062,12897800,$626.1699829101562,$632.3699951171875,$616.5399780273438
12/16/2024,$624.239990234375,10885600,$629.97998046875,$631.1500244140625,$618.5800170898438
12/13/2024,$620.3499755859375,8453300,$627.219970703125,$631.0800170898438,$616.8900146484375
12/12/2024,$630.7899780273438,7474700,$631.5,$636.6599731445312,$627.2100219726562
12/11/2024,$632.6799926757812,10837200,$623.3699951171875,$638.4000244140625,$621.530029296875
12/10/2024,$619.3200073242188,10938900,$617.5599975585938,$625.5900268554688,$612.739990234375
12/09/2024,$613.5700073242188,11426000,$623.9199829101562,$626.4000244140625,$606.1699829101562
12/06/2024,$623.77001953125,16935500,$610.0999755859375,$629.7899780273438,$608.530029296875
12/05/2024,$608.9299926757812,8081200,$617.0800170898438,$619.9000244140625,$607.0499877929688
12/04/2024,$613.780029296875,14697000,$612.9600219726562,$617.780029296875,$605.0999755859375
12/03/2024,$613.6500244140625,14907200,$595,$614.2000122070312,$591.25
12/02/2024,$592.8300170898438,12522400,$577.5,$594.5,$575.5700073242188
11/29/2024,$574.3200073242188,7130500,$569,$578.4600219726562,$566.9000244140625
11/27/2024,$569.2000122070312,7200200,$574.8900146484375,$574.97998046875,$564.0999755859375
11/26/2024,$573.5399780273438,10356600,$566,$577.5,$565.2000122070312
11/25/2024,$565.1099853515625,13599800,$562.0999755859375,$572.5900268554688,$556.3900146484375
11/22/2024,$559.1400146484375,9164000,$563.5499877929688,$563.8300170898438,$554.5900268554688
11/21/2024,$563.0900268554688,11154700,$569.52001953125,$570,$549.0499877929688
11/20/2024,$565.52001953125,9797300,$562.9299926757812,$566.3499755859375,$554.2000122070312
11/19/2024,$561.0900268554688,9522400,$551.8599853515625,$561.4299926757812,$550.5999755859375
11/18/2024,$554.4000244140625,14327300,$557.0399780273438,$559.9000244140625,$550.0900268554688
11/15/2024,$554.0800170898438,17712900,$571.219970703125,$572.5700073242188,$551.5
11/14/2024,$577.1599731445312,11053700,$577,$580.760009765625,$573.010009765625
11/13/2024,$580,10757600,$582.6099853515625,$585.6400146484375,$575.1699829101562
11/12/2024,$584.8200073242188,16287700,$588.5399780273438,$599.6599731445312,$580.3800048828125
11/11/2024,$583.1699829101562,10209100,$586.3599853515625,$587,$576.510009765625
11/08/2024,$589.3400268554688,9415700,$591.5399780273438,$593.0999755859375,$584.52001953125
11/07/2024,$591.7000122070312,14653700,$576.8900146484375,$594.7999877929688,$575.2100219726562
11/06/2024,$572.0499877929688,18305400,$562.75,$573,$555.1699829101562
11/05/2024,$572.4299926757812,9775400,$567.2999877929688,$573.47998046875,$566.6699829101562
11/04/2024,$560.6799926757812,12064600,$564.0999755859375,$568.6900024414062,$557.8900146484375
11/01/2024,$567.1599731445312,15303200,$567.6099853515625,$573.6699829101562,$562.5599975585938
10/31/2024,$567.5800170898438,26838400,$585,$589.9000244140625,$563.010009765625
10/30/2024,$591.7999877929688,26864900,$600.97998046875,$601.2000122070312,$589.3800048828125
10/29/2024,$593.280029296875,13019100,$580.1500244140625,$593.6699829101562,$575.4000244140625
10/28/2024,$578.1599731445312,10925100,$582,$583.75,$574.1199951171875
10/25/2024,$573.25,11337900,$573.9299926757812,$581.2899780273438,$571.719970703125
10/24/2024,$567.780029296875,7184700,$567.1300048828125,$568.8800048828125,$561.52001953125
10/23/2024,$563.6900024414062,14248400,$579.969970703125,$585,$562.5
10/22/2024,$582.010009765625,8544500,$574.2899780273438,$583.530029296875,$572.1199951171875
10/21/2024,$575.1599731445312,8171900,$576.030029296875,$577.239990234375,$569.1099853515625
10/18/2024,$576.469970703125,7694300,$581.0999755859375,$583.969970703125,$575.25
10/17/2024,$576.9299926757812,8701200,$583.3300170898438,$584.969970703125,$575.2000122070312
10/16/2024,$576.7899780273438,11268400,$581.4000244140625,$582.0800170898438,$574.030029296875
10/15/2024,$586.27001953125,9564200,$590.1599731445312,$590.6099853515625,$580.1400146484375
10/14/2024,$590.4199829101562,8252000,$594.219970703125,$600.0999755859375,$589.9600219726562
10/11/2024,$589.9500122070312,8587100,$584.8300170898438,$591.2100219726562,$582.7100219726562
10/10/2024,$583.8300170898438,7740400,$587.5700073242188,$590.22998046875,$582.52001953125
10/09/2024,$590.510009765625,9529700,$593.989990234375,$594.3900146484375,$581.6099853515625
10/08/2024,$592.8900146484375,7857400,$589.6900024414062,$593.5599975585938,$585.969970703125
10/07/2024,$584.780029296875,12014200,$598.219970703125,$602.9500122070312,$584.0399780273438
10/04/2024,$595.9400024414062,14169500,$583.72998046875,$596.8499755859375,$581.4299926757812
10/03/2024,$582.77001953125,11581000,$570.1500244140625,$583.3599853515625,$568.72998046875
10/02/2024,$572.8099975585938,6524700,$574.8599853515625,$576,$569.3400268554688
10/01/2024,$576.469970703125,15259300,$577.97998046875,$583.0399780273438,$570.0999755859375
09/30/2024,$572.4400024414062,12792300,$567.7000122070312,$574.6799926757812,$564.7999877929688
09/27/2024,$567.3599853515625,9398400,$570.0999755859375,$570.8400268554688,$564.510009765625
09/26/2024,$567.8400268554688,14400800,$575.72998046875,$577.4000244140625,$562.3499755859375
09/25/2024,$568.3099975585938,16543400,$564.0499877929688,$576.8800048828125,$563.719970703125
09/24/2024,$563.3300170898438,12993000,$566.6799926757812,$567.75,$554.1900024414062
09/23/2024,$564.4099731445312,12830700,$569.5,$573.97998046875,$562.4099731445312
09/20/2024,$561.3499755859375,22066800,$560,$564.5,$556.2999877929688
09/19/2024,$559.0999755859375,15647000,$550,$562.0700073242188,$546.52001953125
09/18/2024,$537.9500122070312,10323500,$537.0700073242188,$544.2000122070312,$533.9000244140625
09/17/2024,$536.3200073242188,11690800,$537.5999755859375,$542.0999755859375,$530.5700073242188
09/16/2024,$533.280029296875,9527600,$524.5399780273438,$534.0999755859375,$517.4000244140625
09/13/2024,$524.6199951171875,10321400,$520.3400268554688,$527.5800170898438,$517.1099853515625
09/12/2024,$525.5999755859375,11970500,$517.0499877929688,$526.7100219726562,$515.219970703125
09/11/2024,$511.8299865722656,10782500,$507.010009765625,$513.1199951171875,$495.6000061035156
09/10/2024,$504.7900085449219,9899000,$508.1600036621094,$514.1799926757812,$500.0299987792969
09/09/2024,$504.7900085449219,11047800,$506.1600036621094,$511.3299865722656,$502.0799865722656
09/06/2024,$500.2699890136719,14744500,$521.8800048828125,$524.5800170898438,$498.25
09/05/2024,$516.8599853515625,8640900,$511.7200012207031,$521.6300048828125,$511.1499938964844
09/04/2024,$512.739990234375,8335200,$506.07000732421875,$516.5900268554688,$504.07000732421875
09/03/2024,$511.760009765625,12459100,$519.6400146484375,$525.489990234375,$508.6199951171875
08/30/2024,$521.3099975585938,9157500,$521.3499755859375,$523.5399780273438,$515.2000122070312
08/29/2024,$518.219970703125,8317400,$519.0499877929688,$527.2000122070312,$515.6799926757812
08/28/2024,$516.780029296875,9106100,$517.6699829101562,$521.0900268554688,$512.4500122070312
08/27/2024,$519.0999755859375,6282700,$518.97998046875,$524.010009765625,$515.3099975585938
08/26/2024,$521.1199951171875,9584000,$527.5999755859375,$528,$514.9500122070312
08/23/2024,$528,11323900,$536.9199829101562,$539.8699951171875,$525.0599975585938
08/22/2024,$531.9299926757812,15708300,$537,$544.22998046875,$528.5900268554688
08/21/2024,$535.1599731445312,13423300,$527.1500244140625,$539.4000244140625,$526.9299926757812
08/20/2024,$526.72998046875,7944400,$528.3499755859375,$531.0900268554688,$525.8800048828125
08/19/2024,$529.280029296875,9879700,$526.8699951171875,$531.6599731445312,$522.760009765625
08/16/2024,$527.4199829101562,14776700,$531.9000244140625,$533.6599731445312,$524.6599731445312
08/15/2024,$537.3300170898438,13482100,$531.7899780273438,$539.77001953125,$526.7000122070312
08/14/2024,$526.760009765625,11444200,$528.0599975585938,$534,$523.1300048828125
08/13/2024,$528.5399780273438,13743800,$520.010009765625,$531.5,$518.1500244140625
08/12/2024,$515.9500122070312,9767400,$516.8599853515625,$518.02001953125,$509.1000061035156
08/09/2024,$517.77001953125,13696600,$507.7099914550781,$518.3400268554688,$505.70001220703125
08/08/2024,$509.6300048828125,16156800,$497.5,$509.9599914550781,$494.7200012207031
08/07/2024,$488.9200134277344,20105300,$503.1300048828125,$510.1499938964844,$486.8599853515625
08/06/2024,$494.0899963378906,20955000,$479,$502.55999755859375,$478.6499938964844
08/05/2024,$475.7300109863281,21396200,$451.3500061035156,$483.4800109863281,$450.79998779296875
08/02/2024,$488.1400146484375,24044700,$489,$501.1499938964844,$476.1499938964844
08/01/2024,$497.739990234375,43083100,$521,$527.1699829101562,$492.1000061035156
07/31/2024,$474.8299865722656,24285800,$471.0199890136719,$476.5,$466.75
07/30/2024,$463.19000244140625,11390400,$467,$472.7300109863281,$456.70001220703125
07/29/2024,$465.7099914550781,11339600,$469.8800048828125,$473.9599914550781,$465.0199890136719
07/26/2024,$465.70001220703125,14222400,$464.20001220703125,$469.7699890136719,$459.4200134277344
07/25/2024,$453.4100036621094,18240500,$463.260009765625,$463.54998779296875,$442.6499938964844
07/24/2024,$461.2699890136719,17649700,$472.30999755859375,$476.29998779296875,$460.5799865722656
07/23/2024,$488.69000244140625,9455500,$489.8399963378906,$495.2200012207031,$487.7200012207031
07/22/2024,$487.3999938964844,12023100,$486.5799865722656,$492.05999755859375,$483.8999938964844
07/19/2024,$476.7900085449219,15149400,$476.05999755859375,$486.7099914550781,$475.7099914550781
07/18/2024,$475.8500061035156,19267200,$475,$479.239990234375,$464.5400085449219
07/17/2024,$461.989990234375,28076600,$479.1700134277344,$479.1700134277344,$459.1199951171875
07/16/2024,$489.7900085449219,14075800,$501.5,$503.95001220703125,$485.7900085449219
07/15/2024,$496.1600036621094,12539200,$498.6300048828125,$506.67999267578125,$493.3699951171875
07/12/2024,$498.8699951171875,19750500,$497.760009765625,$508.0899963378906,$494.2300109863281
07/11/2024,$512.7000122070312,16458300,$530.8900146484375,$535.4600219726562,$508.3699951171875
07/10/2024,$534.6900024414062,10983300,$530.7899780273438,$538.8800048828125,$528.3599853515625
07/09/2024,$530,8753200,$533.75,$537.47998046875,$528.1900024414062
07/08/2024,$529.3200073242188,14917500,$542.3499755859375,$542.8099975585938,$526.6500244140625
07/05/2024,$539.9099731445312,21354100,$511.6000061035156,$540.8699951171875,$511.6000061035156
07/03/2024,$509.9599914550781,6005600,$506.3699951171875,$511.2799987792969,$506.0199890136719
07/02/2024,$509.5,7739500,$500.760009765625,$510.5,$499.45001220703125
07/01/2024,$504.67999267578125,10328200,$504.95001220703125,$506.5799865722656,$493.1700134277344
06/28/2024,$504.2200012207031,15855100,$517.1500244140625,$521.8800048828125,$503.8399963378906
06/27/2024,$519.5599975585938,10121200,$514.25,$522.8800048828125,$513.9000244140625
06/26/2024,$513.1199951171875,8882300,$506.6499938964844,$513.8099975585938,$504.67999267578125
06/25/2024,$510.6000061035156,12063200,$497.04998779296875,$510.7099914550781,$495.5
06/24/2024,$498.9100036621094,13525300,$499.20001220703125,$507.79998779296875,$494.2900085449219
06/21/2024,$494.7799987792969,22359200,$503.45001220703125,$503.45001220703125,$492.3900146484375
06/20/2024,$501.70001220703125,11801200,$502,$503.6700134277344,$496.7699890136719
06/18/2024,$499.489990234375,13060400,$504.55999755859375,$506,$495.0199890136719
06/17/2024,$506.6300048828125,11266600,$501.6700134277344,$510.75,$496.010009765625
06/14/2024,$504.1600036621094,10243300,$502.6499938964844,$507.1499938964844,$500.75
06/13/2024,$504.1000061035156,9954600,$505.7099914550781,$509.3599853515625,$501.3599853515625
06/12/2024,$508.8399963378906,11983200,$513.989990234375,$514.010009765625,$504.4700012207031
06/11/2024,$507.4700012207031,9673700,$500.1600036621094,$507.6000061035156,$498.2699890136719
06/10/2024,$502.6000061035156,11220900,$493.8599853515625,$502.6600036621094,$493.4100036621094
06/07/2024,$492.9599914550781,9380700,$495.9100036621094,$498.9100036621094,$490.1700134277344
06/06/2024,$493.760009765625,10667300,$492.9800109863281,$502.82000732421875,$490.8900146484375
06/05/2024,$495.05999755859375,15690500,$484.45001220703125,$496.6499938964844,$483.9100036621094
06/04/2024,$476.989990234375,7088700,$477,$478.8900146484375,$473.2300109863281
06/03/2024,$477.489990234375,11279400,$470.8599853515625,$479.6000061035156,$468.239990234375
05/31/2024,$466.8299865722656,16919800,$465.79998779296875,$469.1199951171875,$454.4599914550781
05/30/2024,$467.04998779296875,10719600,$471.6700134277344,$471.7300109863281,$464.7099914550781
05/29/2024,$474.3599853515625,9226200,$474.6600036621094,$479.8500061035156,$473.70001220703125
05/28/2024,$479.9200134277344,10175800,$476.5799865722656,$480.8599853515625,$474.8399963378906
05/24/2024,$478.2200012207031,12024300,$467.6199951171875,$479.8500061035156,$466.29998779296875
05/23/2024,$465.7799987792969,11747900,$472.8800048828125,$474.3599853515625,$461.5400085449219
05/22/2024,$467.7799987792969,10078600,$467.8699951171875,$473.7200012207031,$465.6499938964844
05/21/2024,$464.6300048828125,11742200,$467.1199951171875,$470.70001220703125,$462.2699890136719
05/20/2024,$468.8399963378906,11745100,$469.95001220703125,$473.20001220703125,$467.0400085449219
05/17/2024,$471.9100036621094,10807300,$470.8299865722656,$472.79998779296875,$468.4200134277344
05/16/2024,$473.2300109863281,16608200,$475,$477.69000244140625,$472.75
05/15/2024,$481.5400085449219,13100500,$474.9800109863281,$482.5,$471.20001220703125
05/14/2024,$471.8500061035156,10478600,$463.3699951171875,$472.5400085449219,$460.0799865722656
05/13/2024,$468.010009765625,14668800,$472.75,$473.3500061035156,$462.8500061035156
05/10/2024,$476.20001220703125,10750000,$477.0899963378906,$477.5,$469.6000061035156
05/09/2024,$475.4200134277344,9437700,$470,$476.0799865722656,$467.6300048828125
05/08/2024,$472.6000061035156,11683900,$463.5,$475.5799865722656,$463
05/07/2024,$468.239990234375,13406800,$466.2900085449219,$471.5299987792969,$461.30999755859375
05/06/2024,$465.67999267578125,15094600,$455.5799865722656,$466.1600036621094,$453.3399963378906
05/03/2024,$451.9599914550781,16489100,$445.92999267578125,$454.1700134277344,$443.8500061035156
05/02/2024,$441.67999267578125,15221300,$438.8399963378906,$443.9599914550781,$432.2799987792969
05/01/2024,$439.19000244140625,20344900,$428.6000061035156,$449.9599914550781,$427.1099853515625
04/30/2024,$430.1700134277344,18429500,$431.04998779296875,$439.6199951171875,$429.7200012207031
04/29/2024,$432.6199951171875,21502600,$439.55999755859375,$439.760009765625,$428.55999755859375
04/26/2024,$443.2900085449219,32691400,$441.4599914550781,$446.44000244140625,$431.9599914550781
04/25/2024,$441.3800048828125,82890700,$421.3999938964844,$445.7699890136719,$414.5
04/24/2024,$493.5,37772700,$508.05999755859375,$510,$484.5799865722656
04/23/2024,$496.1000061035156,15079200,$491.25,$498.760009765625,$488.9700012207031
04/22/2024,$481.7300109863281,17271100,$489.7200012207031,$492.010009765625,$473.3999938964844
04/19/2024,$481.07000732421875,25215400,$502.79998779296875,$502.79998779296875,$475.7300109863281
04/18/2024,$501.79998779296875,14808700,$499.82000732421875,$512.2100219726562,$499.0400085449219
04/17/2024,$494.1700134277344,12193700,$503.1000061035156,$503.1600036621094,$487.1400146484375
04/16/2024,$499.760009765625,9847900,$498.1099853515625,$504.7699890136719,$497.1099853515625
04/15/2024,$500.2300109863281,13512900,$516.719970703125,$518.530029296875,$497.2799987792969
04/12/2024,$511.8999938964844,11984500,$517.75,$520.1900024414062,$509.3299865722656
04/11/2024,$523.1599731445312,10369500,$521.1099853515625,$523.8599853515625,$517.2899780273438
04/10/2024,$519.8300170898438,11418500,$509.2900085449219,$522.5599975585938,$505.79998779296875
04/09/2024,$516.9000244140625,10863800,$522.22998046875,$525.8699951171875,$506.739990234375
04/08/2024,$519.25,13260600,$529.280029296875,$531.489990234375,$518.8900146484375
04/05/2024,$527.3400268554688,19263300,$516.8599853515625,$530.7000122070312,$514.4099731445312
04/04/2024,$510.9200134277344,26476300,$516.4199829101562,$530,$510.5799865722656
04/03/2024,$506.739990234375,12099200,$498.92999267578125,$507.239990234375,$498.75
04/02/2024,$497.3699951171875,11081000,$485.1000061035156,$497.5299987792969,$484.6499938964844
04/01/2024,$491.3500061035156,9247000,$487.20001220703125,$497.42999267578125,$481.7799987792969
03/28/2024,$485.5799865722656,15212800,$492.8399963378906,$492.8900146484375,$485.1499938964844
03/27/2024,$493.8599853515625,9989700,$499.29998779296875,$499.8900146484375,$488.07000732421875
03/26/2024,$495.8900146484375,11205400,$505.1300048828125,$510,$495.2099914550781
03/25/2024,$503.0199890136719,8380600,$505.7900085449219,$507.2200012207031,$500.239990234375
03/22/2024,$509.5799865722656,8120600,$507,$509.9700012207031,$504.3399963378906
03/21/2024,$507.760009765625,9712500,$514.7100219726562,$515.0399780273438,$506.010009765625
03/20/2024,$505.5199890136719,11711100,$499.5,$508.20001220703125,$495.1700134277344
03/19/2024,$496.239990234375,10903100,$488.1700134277344,$496.6300048828125,$481.2799987792969
03/18/2024,$496.9800109863281,11755300,$491.9100036621094,$497.4200134277344,$486.80999755859375
03/15/2024,$484.1000061035156,29153600,$489.010009765625,$491.8299865722656,$481.29998779296875
03/14/2024,$491.8299865722656,12620000,$500.260009765625,$501.3500061035156,$488.1600036621094
03/13/2024,$495.57000732421875,12090700,$495.3900146484375,$500.9800109863281,$491.0299987792969
03/12/2024,$499.75,15448200,$493.260009765625,$502.30999755859375,$484.7300109863281
03/11/2024,$483.5899963378906,20428300,$497.010009765625,$497.32000732421875,$476
03/08/2024,$505.95001220703125,18597100,$514.1900024414062,$523.5700073242188,$499.3500061035156
03/07/2024,$512.1900024414062,18586400,$503.2799987792969,$519.8499755859375,$501.3800048828125
03/06/2024,$496.0899963378906,11757900,$497.6300048828125,$502.9700012207031,$494.2900085449219
03/05/2024,$490.2200012207031,15325300,$495,$495.5799865722656,$487.8900146484375
03/04/2024,$498.19000244140625,12324100,$503,$504.4200134277344,$496.4200134277344
03/01/2024,$502.29998779296875,16273600,$492.1099853515625,$504.25,$491.8500061035156
02/29/2024,$490.1300048828125,17732000,$488.44000244140625,$491.70001220703125,$482.6099853515625
02/28/2024,$484.0199890136719,12715500,$485,$491.04998779296875,$482.75
02/27/2024,$487.04998779296875,10809600,$479.9800109863281,$487.2699890136719,$479.9200134277344
02/26/2024,$481.739990234375,12101400,$483.4700012207031,$486.1400146484375,$480.6000061035156
02/23/2024,$484.0299987792969,18374300,$488.04998779296875,$494.3599853515625,$482.3500061035156
02/22/2024,$486.1300048828125,21625800,$480.239990234375,$489.989990234375,$476.05999755859375
02/21/2024,$468.0299987792969,12921800,$466.5,$469,$461.7900085449219
02/20/2024,$471.75,18015500,$469.7200012207031,$476.17999267578125,$466.55999755859375
02/16/2024,$473.32000732421875,23324600,$478.1099853515625,$478.9599914550781,$469.2099914550781
02/15/2024,$484.0299987792969,24212300,$475.2799987792969,$488.6199951171875,$472.2200012207031
02/14/2024,$473.2799987792969,16858400,$467.92999267578125,$474.1099853515625,$466.0899963378906
02/13/2024,$460.1199951171875,20916600,$456.8699951171875,$467.8900146484375,$455.0899963378906
02/12/2024,$468.8999938964844,19382000,$468.19000244140625,$479.1499938964844,$466.5799865722656
02/09/2024,$468.1099853515625,18413100,$472.95001220703125,$473.5899963378906,$467.4700012207031
02/08/2024,$470,18815100,$468.32000732421875,$470.5899963378906,$465.0299987792969
02/07/2024,$469.5899963378906,23066000,$458,$471.5199890136719,$456.17999267578125
02/06/2024,$454.7200012207031,21655200,$464,$467.1199951171875,$453
02/05/2024,$459.4100036621094,40832400,$469.8800048828125,$471.8999938964844,$459.2200012207031
02/02/2024,$474.989990234375,84707600,$459.6000061035156,$485.9599914550781,$453.010009765625
02/01/2024,$394.7799987792969,29727100,$393.94000244140625,$400.5,$393.04998779296875
01/31/2024,$390.1400146484375,20180800,$389,$398,$387.1000061035156
01/30/2024,$400.05999755859375,18614700,$403.5899963378906,$406.3599853515625,$399.57000732421875
01/29/2024,$401.0199890136719,18742400,$394.989990234375,$402.92999267578125,$393.1000061035156
01/26/2024,$394.1400146484375,13163700,$394.3500061035156,$396.7900085449219,$391.5899963378906
01/25/2024,$393.17999267578125,15091100,$390.1700134277344,$395.489990234375,$385.6600036621094
01/24/2024,$390.70001220703125,15698500,$390,$396.1499938964844,$387.80999755859375
01/23/2024,$385.20001220703125,15506100,$384.6199951171875,$388.3800048828125,$382.0799865722656
01/22/2024,$381.7799987792969,17680500,$387.95001220703125,$390.3500061035156,$381.1600036621094
01/19/2024,$383.45001220703125,21670800,$379,$384.3599853515625,$377.9700012207031
01/18/2024,$376.1300048828125,16354300,$371.489990234375,$376.8500061035156,$370.95001220703125
01/17/2024,$368.3699951171875,12724800,$366.29998779296875,$368.5400085449219,$358.6099853515625
01/16/2024,$367.4599914550781,15306900,$373.6499938964844,$375.6099853515625,$367.2300109863281
01/12/2024,$374.489990234375,19310000,$370.1600036621094,$377.05999755859375,$369.5400085449219
01/11/2024,$369.6700134277344,17205400,$372.1300048828125,$372.7799987792969,$362.92999267578125
01/10/2024,$370.4700012207031,22117200,$360.1700134277344,$372.94000244140625,$359.0799865722656
01/09/2024,$357.42999267578125,13463900,$356.3999938964844,$360.6400146484375,$355.3599853515625
01/08/2024,$358.6600036621094,13890200,$354.70001220703125,$358.9800109863281,$352.04998779296875
01/05/2024,$351.95001220703125,13920700,$346.989990234375,$353.5,$346.260009765625
01/04/2024,$347.1199951171875,12099900,$344.5,$348.1499938964844,$343.3999938964844
01/03/2024,$344.4700012207031,15451100,$344.9800109863281,$347.95001220703125,$343.17999267578125
01/02/2024,$346.2900085449219,19042200,$351.32000732421875,$353.1600036621094,$340.010009765625
12/29/2023,$353.9599914550781,14987100,$358.989990234375,$360,$351.82000732421875
12/28/2023,$358.32000732421875,11798800,$359.70001220703125,$361.8999938964844,$357.80999755859375
12/27/2023,$357.8299865722656,13207900,$356.07000732421875,$359,$355.30999755859375
12/26/2023,$354.8299865722656,9898600,$354.989990234375,$356.9800109863281,$353.45001220703125
12/22/2023,$353.3900146484375,11772800,$355.5799865722656,$357.20001220703125,$351.2200012207031
12/21/2023,$354.0899963378906,15289600,$352.9800109863281,$356.4100036621094,$349.2099914550781
12/20/2023,$349.2799987792969,16369900,$348.6499938964844,$354.9599914550781,$347.7900085449219
12/19/2023,$350.3599853515625,17729400,$345.5799865722656,$353.6000061035156,$345.1199951171875
12/18/2023,$344.6199951171875,18993900,$337.4800109863281,$347.55999755859375,$337.0199890136719
12/15/2023,$334.9200134277344,31776900,$331.989990234375,$338.6600036621094,$331.2200012207031
12/14/2023,$333.1700134277344,19607300,$333.8500061035156,$334.70001220703125,$328.6400146484375
12/13/2023,$334.739990234375,16353300,$333.92999267578125,$338.3699951171875,$332.6400146484375
12/12/2023,$334.2200012207031,18485500,$324.6000061035156,$334.4700012207031,$324.55999755859375
12/11/2023,$325.2799987792969,25802500,$329.3999938964844,$329.8900146484375,$320
12/08/2023,$332.75,14087400,$323.0899963378906,$333.1700134277344,$323
12/07/2023,$326.5899963378906,15905100,$317.7699890136719,$328.239990234375,$317.7699890136719
12/06/2023,$317.45001220703125,11294300,$321.92999267578125,$322.25,$317.0400085449219
12/05/2023,$318.2900085449219,16952100,$318.9800109863281,$321.8800048828125,$315.3900146484375
12/04/2023,$320.0199890136719,19037100,$317.2900085449219,$320.8599853515625,$313.6600036621094
12/01/2023,$324.82000732421875,15276400,$325.4800109863281,$326.8599853515625,$320.760009765625
11/30/2023,$327.1499938964844,23146400,$331.8900146484375,$333.5,$322.3999938964844
11/29/2023,$332.20001220703125,16024500,$339.69000244140625,$339.8999938964844,$330.7799987792969
11/28/2023,$338.989990234375,12637200,$333.3999938964844,$339.3800048828125,$333.3999938964844
11/27/2023,$334.70001220703125,15684500,$336.17999267578125,$339.8999938964844,$334.20001220703125
11/24/2023,$338.2300109863281,5467500,$340.1300048828125,$341.8599853515625,$336.7699890136719
11/22/2023,$341.489990234375,10702700,$339.2099914550781,$342.9200134277344,$338.5799865722656
11/21/2023,$336.9800109863281,12027900,$338.3299865722656,$339.8999938964844,$335.8999938964844
11/20/2023,$339.9700012207031,16960500,$334.8900146484375,$341.8699951171875,$334.19000244140625
11/17/2023,$335.0400085449219,14494400,$330.260009765625,$335.5,$329.3500061035156
11/16/2023,$334.19000244140625,18932600,$329.3699951171875,$334.5799865722656,$326.3800048828125
11/15/2023,$332.7099914550781,14531200,$337.92999267578125,$338.3999938964844,$330.0199890136719
11/14/2023,$336.30999755859375,17179400,$334.5400085449219,$338.1000061035156,$333.3299865722656
11/13/2023,$329.19000244140625,16908900,$326.20001220703125,$332.3299865722656,$325.70001220703125
11/10/2023,$328.7699890136719,19096200,$319.94000244140625,$329.1000061035156,$319.4599914550781
11/09/2023,$320.54998779296875,16103100,$319.4200134277344,$324.17999267578125,$318.79998779296875
11/08/2023,$319.7799987792969,13609700,$318.1400146484375,$321.3299865722656,$314.8800048828125
11/07/2023,$318.82000732421875,14055600,$317.05999755859375,$321,$315.1199951171875
11/06/2023,$315.79998779296875,12887700,$315.9800109863281,$318.3299865722656,$314.45001220703125
11/03/2023,$314.6000061035156,16764300,$312.54998779296875,$315.54998779296875,$311.0199890136719
11/02/2023,$310.8699951171875,21631800,$317.29998779296875,$318.82000732421875,$308.3299865722656
11/01/2023,$311.8500061035156,20434600,$301.8500061035156,$312.739990234375,$301.8500061035156
10/31/2023,$301.2699890136719,19434200,$303.30999755859375,$303.67999267578125,$296.8599853515625
10/30/2023,$302.6600036621094,28435100,$299.0899963378906,$309.3999938964844,$299.04998779296875
10/27/2023,$296.7300109863281,29596300,$294.4800109863281,$299.30999755859375,$292.9700012207031
10/26/2023,$288.3500061035156,66684100,$295,$295,$279.3999938964844
10/25/2023,$299.5299987792969,42192500,$310,$310.8800048828125,$298.8399963378906
10/24/2023,$312.54998779296875,19525500,$316.7799987792969,$318.3500061035156,$310.6300048828125
10/23/2023,$314.010009765625,17796800,$309.5,$317.3599853515625,$307.260009765625
10/20/2023,$308.6499938964844,22312300,$314.1400146484375,$315.29998779296875,$306.4700012207031
10/19/2023,$312.80999755859375,18709200,$319.8800048828125,$321.8900146484375,$311.75
10/18/2023,$316.9700012207031,16851000,$321.3900146484375,$325.94000244140625,$315.55999755859375
10/17/2023,$324,16387800,$318.17999267578125,$324.3999938964844,$317.29998779296875
10/16/2023,$321.1499938964844,16536100,$318.6400146484375,$321.82000732421875,$315.5199890136719
10/13/2023,$314.69000244140625,21341000,$323.5299987792969,$325.04998779296875,$312.3699951171875
10/12/2023,$324.1600036621094,20530500,$328,$330.5400085449219,$322.69000244140625
10/11/2023,$327.82000732421875,22036300,$323.010009765625,$328.8399963378906,$322.95001220703125
10/10/2023,$321.8399963378906,19038000,$319.1199951171875,$324.6600036621094,$318.1600036621094
10/09/2023,$318.3599853515625,22503700,$312.5,$320.3299865722656,$311.82000732421875
10/06/2023,$315.42999267578125,21803900,$301.44000244140625,$316.30999755859375,$300.9100036621094
10/05/2023,$304.7900085449219,19130000,$304.6300048828125,$306.2099914550781,$299.5
10/04/2023,$305.5799865722656,16880500,$298.7300109863281,$306.8999938964844,$298.5
10/03/2023,$300.94000244140625,17362300,$304.260009765625,$306.7699890136719,$299.6400146484375
10/02/2023,$306.82000732421875,16265600,$302.739990234375,$307.17999267578125,$301.6300048828125
09/29/2023,$300.2099914550781,25373700,$307.3800048828125,$310.6400146484375,$299.3599853515625
09/28/2023,$303.9599914550781,22167100,$298.94000244140625,$306.3299865722656,$296.70001220703125
09/27/2023,$297.739990234375,36429800,$300.45001220703125,$301.29998779296875,$286.7900085449219
09/26/2023,$298.9599914550781,19417200,$297.6600036621094,$300.29998779296875,$296.010009765625
09/25/2023,$300.8299865722656,18987000,$295.6400146484375,$300.95001220703125,$293.70001220703125
09/22/2023,$299.0799865722656,25369600,$299.29998779296875,$305.3800048828125,$298.2699890136719
09/21/2023,$295.7300109863281,21319600,$295.70001220703125,$300.260009765625,$293.2699890136719
09/20/2023,$299.6700134277344,19379500,$305.04998779296875,$308.05999755859375,$299.42999267578125
09/19/2023,$305.07000732421875,15924400,$302.4800109863281,$306.1700134277344,$299.80999755859375
09/18/2023,$302.54998779296875,14234200,$298.19000244140625,$303.6000061035156,$297.79998779296875
09/15/2023,$300.30999755859375,28131100,$311.6099853515625,$312,$298.75
09/14/2023,$311.7200012207031,19343100,$306.739990234375,$312.8699951171875,$305.0299987792969
09/13/2023,$305.05999755859375,13210900,$302.3599853515625,$307.17999267578125,$301.32000732421875
09/12/2023,$301.6600036621094,13480400,$306.3299865722656,$308.6600036621094,$300.2300109863281
09/11/2023,$307.55999755859375,19489300,$301.4100036621094,$309.0400085449219,$301.2799987792969
09/08/2023,$297.8900146484375,17548000,$299.2200012207031,$305.25,$296.7799987792969
09/07/2023,$298.6700134277344,33748700,$298,$307.04998779296875,$292.2200012207031
09/06/2023,$299.1700134277344,15418100,$301.7099914550781,$303.29998779296875,$295.6600036621094
09/05/2023,$300.1499938964844,14956000,$297.0199890136719,$301.3900146484375,$295.510009765625
09/01/2023,$296.3800048828125,12842300,$299.3699951171875,$301.739990234375,$294.4700012207031
08/31/2023,$295.8900146484375,17229900,$295.79998779296875,$301.1000061035156,$295.6600036621094
08/30/2023,$295.1000061035156,17717000,$297.1700134277344,$298.2900085449219,$293.42999267578125
08/29/2023,$297.989990234375,20844500,$288.5799865722656,$299.1499938964844,$288.17999267578125
08/28/2023,$290.260009765625,14239300,$288,$291.45001220703125,$285.79998779296875
08/25/2023,$285.5,23701400,$286.1300048828125,$288.3900146484375,$276.0299987792969
08/24/2023,$286.75,18360900,$298.5,$299.4599914550781,$286.6400146484375
08/23/2023,$294.239990234375,18287000,$288.5,$297.3999938964844,$287.6700134277344
08/22/2023,$287.6000061035156,12980200,$292.54998779296875,$292.8999938964844,$286.75
08/21/2023,$289.8999938964844,20181500,$283.45001220703125,$290.5,$281.8500061035156
08/18/2023,$283.25,35347900,$279.0299987792969,$285.69000244140625,$274.3800048828125
08/17/2023,$285.0899963378906,23950100,$293.04998779296875,$296.04998779296875,$284.95001220703125
08/16/2023,$294.2900085449219,18547700,$300.20001220703125,$301.0799865722656,$294.2799987792969
08/15/2023,$301.95001220703125,11623600,$306.1400146484375,$307.2300109863281,$300.0299987792969
08/14/2023,$306.19000244140625,15641900,$300.9800109863281,$306.2099914550781,$298.25
08/11/2023,$301.6400146484375,14046300,$302.57000732421875,$304.7200012207031,$300.3599853515625
08/10/2023,$305.739990234375,14358900,$307.94000244140625,$312.3399963378906,$303.8699951171875
08/09/2023,$305.2099914550781,19955800,$312.8800048828125,$313.6300048828125,$302.8500061035156
08/08/2023,$312.6400146484375,15183500,$314.3999938964844,$317.8900146484375,$310.1099853515625
08/07/2023,$316.55999755859375,16236500,$313.2300109863281,$317.07000732421875,$310.4599914550781
08/04/2023,$310.7300109863281,17612800,$314.9599914550781,$318.4100036621094,$310.20001220703125
08/03/2023,$313.19000244140625,15180200,$309.92999267578125,$315.95001220703125,$309.92999267578125
08/02/2023,$314.30999755859375,20461100,$318,$318.3900146484375,$310.6499938964844
08/01/2023,$322.7099914550781,22817900,$317.5400085449219,$324.1400146484375,$314.6600036621094
07/31/2023,$318.6000061035156,25799600,$323.69000244140625,$325.6600036621094,$317.5899963378906
07/28/2023,$325.4800109863281,39220300,$316.8800048828125,$326.20001220703125,$314.25
07/27/2023,$311.7099914550781,64229200,$325.1199951171875,$325.3500061035156,$309.8399963378906
07/26/2023,$298.57000732421875,47256900,$301.19000244140625,$301.7699890136719,$291.8999938964844
07/25/2023,$294.4700012207031,19585600,$295.19000244140625,$298.29998779296875,$291.8599853515625
07/24/2023,$291.6099853515625,24915700,$295.7799987792969,$297.5199890136719,$288.29998779296875
07/21/2023,$294.260009765625,42139300,$304.57000732421875,$305.4599914550781,$291.20001220703125
07/20/2023,$302.5199890136719,23836900,$313.5,$315.5400085449219,$302.2200012207031
07/19/2023,$316.010009765625,21763700,$313.0299987792969,$318.67999267578125,$310.5199890136719
07/18/2023,$312.04998779296875,20731900,$310.8800048828125,$314.20001220703125,$307.6199951171875
07/17/2023,$310.6199951171875,25323100,$307.5400085449219,$311.7099914550781,$304.7099914550781
07/14/2023,$308.8699951171875,23054100,$311.7900085449219,$314.8800048828125,$307.3599853515625
07/13/2023,$313.4100036621094,30281000,$313.6199951171875,$316.239990234375,$310.2900085449219
07/12/2023,$309.3399963378906,36677100,$301.75,$309.45001220703125,$300.1000061035156
07/11/2023,$298.2900085449219,27585900,$293.8999938964844,$300.17999267578125,$291.8999938964844
07/10/2023,$294.1000061035156,37058300,$295.54998779296875,$298.1300048828125,$287.04998779296875
07/07/2023,$290.5299987792969,25586000,$292.17999267578125,$296.20001220703125,$288.6600036621094
07/06/2023,$291.989990234375,47600500,$295.8900146484375,$298.1199951171875,$291.30999755859375
07/05/2023,$294.3699951171875,33865500,$287.6499938964844,$298.1199951171875,$286.3599853515625
07/03/2023,$286.0199890136719,8629300,$286.70001220703125,$289.3999938964844,$284.8500061035156
06/30/2023,$286.9800109863281,19694900,$284.760009765625,$289.04998779296875,$284.4200134277344
06/29/2023,$281.5299987792969,15395700,$284.5,$286.57000732421875,$280.69000244140625
06/28/2023,$285.2900085449219,16722100,$284.82000732421875,$289.54998779296875,$284.05999755859375
06/27/2023,$287.04998779296875,26108300,$282.010009765625,$289.3500061035156,$280.6499938964844
06/26/2023,$278.4700012207031,24232700,$288.70001220703125,$289.7900085449219,$277.6000061035156
06/23/2023,$288.7300109863281,51092000,$281.510009765625,$289.6700134277344,$278.95001220703125
06/22/2023,$284.8800048828125,17563100,$279.0799865722656,$285.260009765625,$277.7900085449219
06/21/2023,$281.6400146484375,20556200,$283.5299987792969,$284,$278.3599853515625
06/20/2023,$284.3299865722656,20701600,$278.7300109863281,$284.79998779296875,$276.2200012207031
06/16/2023,$281,43127700,$284.75,$287.8500061035156,$280.1300048828125
06/15/2023,$281.8299865722656,25973500,$272.29998779296875,$283.989990234375,$271.4200134277344
06/14/2023,$273.3500061035156,19175100,$271.8900146484375,$274.989990234375,$268.32000732421875
06/13/2023,$271.32000732421875,16164000,$274.8800048828125,$275.7200012207031,$269.0899963378906
06/12/2023,$271.04998779296875,15442500,$267.1700134277344,$271.75,$265.3299865722656
06/09/2023,$264.95001220703125,16949800,$262.4800109863281,$267.95001220703125,$261.70001220703125
06/08/2023,$264.5799865722656,20899400,$260.6199951171875,$267.6499938964844,$258.8800048828125
06/07/2023,$263.6000061035156,26163600,$271.6700134277344,$274.25,$262.79998779296875
06/06/2023,$271.1199951171875,19419000,$270.1400146484375,$276.57000732421875,$269.69000244140625
06/05/2023,$271.3900146484375,20742900,$270.29998779296875,$275.57000732421875,$269.55999755859375
06/02/2023,$272.6099853515625,19416900,$272.6600036621094,$275.3500061035156,$271.1199951171875
06/01/2023,$272.6099853515625,25609500,$265.8999938964844,$274,$265.8900146484375
05/31/2023,$264.7200012207031,25473700,$260,$265,$258.45001220703125
05/30/2023,$262.5199890136719,23816500,$265.25,$268.6499938964844,$261.2900085449219
05/26/2023,$262.0400085449219,25727200,$252.92999267578125,$262.30999755859375,$252.7100067138672
05/25/2023,$252.69000244140625,22371400,$253.39999389648438,$255.6199951171875,$249.1699981689453
05/24/2023,$249.2100067138672,17724300,$245.27999877929688,$249.58999633789062,$244.9499969482422
05/23/2023,$246.74000549316406,17748100,$246.80999755859375,$251.61000061035156,$246.64999389648438
05/22/2023,$248.32000732421875,27738500,$245.41000366210938,$253.57000732421875,$245.1199951171875
05/19/2023,$245.63999938964844,21733600,$247.47000122070312,$248.69000244140625,$243.41000366210938
05/18/2023,$246.85000610351562,22943300,$241.3000030517578,$247.08999633789062,$241.19000244140625
05/17/2023,$242.49000549316406,21193100,$238.4499969482422,$243.83999633789062,$238.13999938964844
05/16/2023,$238.82000732421875,18163800,$235.7899932861328,$239.63999938964844,$235.52000427246094
05/15/2023,$238.86000061035156,20653200,$236.9199981689453,$240.25999450683594,$235.3300018310547
05/12/2023,$233.80999755859375,16161400,$236.74000549316406,$236.9600067138672,$231.4499969482422
05/11/2023,$235.7899932861328,20449000,$233.0500030517578,$238.2100067138672,$232.3000030517578
05/10/2023,$233.0800018310547,19119000,$236.1699981689453,$236.75,$230.72000122070312
05/09/2023,$233.3699951171875,16865600,$231.4600067138672,$235.8800048828125,$231.0800018310547
05/08/2023,$233.27000427246094,16400500,$231.4199981689453,$235.6199951171875,$230.27000427246094
05/05/2023,$232.77999877929688,27000500,$232.24000549316406,$234.67999267578125,$229.85000610351562
05/04/2023,$233.52000427246094,17889400,$236.05999755859375,$238.1999969482422,$232.92999267578125
05/03/2023,$237.02999877929688,34463900,$239.47000122070312,$241.75,$232.75
05/02/2023,$239.24000549316406,24350100,$243.17999267578125,$244.9199981689453,$238.99000549316406
05/01/2023,$243.17999267578125,29143900,$238.6199951171875,$244,$236.4600067138672
04/28/2023,$240.32000732421875,39554000,$239.00999450683594,$240.42999267578125,$235.75
04/27/2023,$238.55999755859375,71196500,$239.88999938964844,$241.69000244140625,$236.77000427246094
04/26/2023,$209.39999389648438,41992700,$212.5,$214.11000061035156,$208.8800048828125
04/25/2023,$207.5500030517578,19198200,$210.82000732421875,$211.25999450683594,$207.1300048828125
04/24/2023,$212.7899932861328,15750900,$213.67999267578125,$213.9199981689453,$210.7100067138672
04/21/2023,$212.88999938964844,17717200,$210.2100067138672,$213.41000366210938,$209.5800018310547
04/20/2023,$213.07000732421875,16475400,$213.47999572753906,$216.75,$212.77000427246094
04/19/2023,$215.6999969482422,15898100,$213.47000122070312,$217.3300018310547,$212.92999267578125
04/18/2023,$217.88999938964844,12281000,$219.91000366210938,$220.44000244140625,$216.2100067138672
04/17/2023,$218.86000061035156,15481900,$219.7899932861328,$220.97999572753906,$217.1300048828125
04/14/2023,$221.49000549316406,21591200,$217.8800048828125,$222.11000061035156,$217.5500030517578
04/13/2023,$220.35000610351562,23310400,$215.72999572753906,$221.14999389648438,$215.69000244140625
04/12/2023,$214,18972200,$214.83999633789062,$216.83999633789062,$212.5800018310547
04/11/2023,$213.85000610351562,16710100,$215.47999572753906,$216.02000427246094,$213.41000366210938
04/10/2023,$214.75,16106100,$214.7100067138672,$215.66000366210938,$210.66000366210938
04/06/2023,$216.10000610351562,26104400,$209.25,$216.94000244140625,$208.64999389648438
04/05/2023,$211.47999572753906,19396600,$214.14999389648438,$215.19000244140625,$209.94000244140625
04/04/2023,$214.72000122070312,21026400,$213.38999938964844,$216.24000549316406,$212.5399932861328
04/03/2023,$213.07000732421875,17924600,$208.83999633789062,$213.49000549316406,$208.1999969482422
03/31/2023,$211.94000244140625,25440300,$207.24000549316406,$212.1699981689453,$206.77000427246094
03/30/2023,$207.83999633789062,22608300,$203.3800048828125,$208.08999633789062,$202.82000732421875
03/29/2023,$205.35000610351562,18851100,$203.55999755859375,$205.72000122070312,$202.5399932861328
03/28/2023,$200.67999267578125,19127300,$200.14999389648438,$201.02999877929688,$197.89999389648438
03/27/2023,$202.83999633789062,18527200,$204.80999755859375,$205.86000061035156,$201.36000061035156
03/24/2023,$206.00999450683594,27716400,$205.17999267578125,$207.5800018310547,$203.5500030517578
03/23/2023,$204.27999877929688,27389700,$202.83999633789062,$207.8800048828125,$202.14999389648438
03/22/2023,$199.80999755859375,28477800,$202.5,$207.3699951171875,$199.6699981689453
03/21/2023,$202.16000366210938,31827000,$203.1999969482422,$203.5500030517578,$197.9499969482422
03/20/2023,$197.80999755859375,25186300,$198.47999572753906,$199.36000061035156,$193.63999938964844
03/17/2023,$195.61000061035156,50141100,$200.55999755859375,$201.89999389648438,$195.42999267578125
03/16/2023,$204.92999267578125,50447100,$198.25999450683594,$205.75999450683594,$196.08999633789062
03/15/2023,$197.75,42123600,$192.9499969482422,$197.77999877929688,$190.83999633789062
03/14/2023,$194.02000427246094,41642600,$187.5800018310547,$194.32000732421875,$186.55999755859375
03/13/2023,$180.89999389648438,24728000,$177.9600067138672,$183.77999877929688,$174.82000732421875
03/10/2023,$179.50999450683594,25665000,$181.00999450683594,$184.77000427246094,$178.8000030517578
03/09/2023,$181.69000244140625,26582800,$186.35000610351562,$188.92999267578125,$180.3000030517578
03/08/2023,$184.97000122070312,19432400,$182.8699951171875,$185.25999450683594,$181.33999633789062
03/07/2023,$184.50999450683594,36701500,$189,$190.36000061035156,$184.00999450683594
03/06/2023,$184.89999389648438,33209400,$188,$189.66000366210938,$184.63999938964844
03/03/2023,$185.25,45877700,$178.9199981689453,$186.6199951171875,$177.0500030517578
03/02/2023,$174.52999877929688,17352000,$172.3800048828125,$175.00999450683594,$171.42999267578125
03/01/2023,$173.4199981689453,30998400,$174.58999633789062,$177.85000610351562,$173.0500030517578
02/28/2023,$174.94000244140625,46051100,$171.89999389648438,$177.5500030517578,$171.8699951171875
02/27/2023,$169.5399932861328,19277000,$171.8800048828125,$173.1199951171875,$169.05999755859375
02/24/2023,$170.38999938964844,19791300,$168.63999938964844,$170.72000122070312,$167.66000366210938
02/23/2023,$172.0399932861328,20017800,$172,$173.69000244140625,$169.3800048828125
02/22/2023,$171.1199951171875,22433200,$171.07000732421875,$172.75999450683594,$169.69000244140625
02/21/2023,$172.0800018310547,34592600,$174.30999755859375,$178.1699981689453,$171.8800048828125
02/17/2023,$172.8800048828125,24171300,$170.22000122070312,$173.17999267578125,$169.6999969482422
02/16/2023,$172.44000244140625,25827500,$172.75,$175.85000610351562,$171.7899932861328
02/15/2023,$177.16000366210938,25308900,$176.4199981689453,$178.19000244140625,$175.3300018310547
02/14/2023,$179.47999572753906,24034600,$177.16000366210938,$181.50999450683594,$175.8800048828125
02/13/2023,$179.42999267578125,31463200,$178.22000122070312,$181,$175.82000732421875
02/10/2023,$174.14999389648438,33433600,$176.35000610351562,$178.88999938964844,$173.35000610351562
02/09/2023,$177.9199981689453,37118800,$186.1300048828125,$186.64999389648438,$177.27000427246094
02/08/2023,$183.42999267578125,36139100,$190,$190.8300018310547,$182.9199981689453
02/07/2023,$191.6199951171875,47080700,$185.5800018310547,$193.77999877929688,$184.39999389648438
02/06/2023,$186.05999755859375,42483800,$186.52999877929688,$190.6999969482422,$185.52000427246094
02/03/2023,$186.52999877929688,76809700,$183.47000122070312,$196.77000427246094,$182.88999938964844
02/02/2023,$188.77000427246094,150475700,$183.3800048828125,$197.16000366210938,$180.16000366210938
02/01/2023,$153.1199951171875,55661000,$148.02999877929688,$153.5800018310547,$147.05999755859375
01/31/2023,$148.97000122070312,29842100,$147.9499969482422,$149.8800048828125,$147.52000427246094
01/30/2023,$147.05999755859375,28040100,$149.41000366210938,$151.1199951171875,$146.9499969482422
01/27/2023,$151.74000549316406,35771900,$148.24000549316406,$153.19000244140625,$147.38999938964844
01/26/2023,$147.3000030517578,25482100,$144.39999389648438,$147.50999450683594,$143.3000030517578
01/25/2023,$141.5,26622000,$141.22000122070312,$143.1699981689453,$140.30999755859375
01/24/2023,$143.13999938964844,21970200,$141.69000244140625,$145,$141.36000061035156
01/23/2023,$143.27000427246094,27470100,$139.2899932861328,$143.75999450683594,$138.66000366210938
01/20/2023,$139.3699951171875,28688600,$135.88999938964844,$139.94000244140625,$134.61000061035156
01/19/2023,$136.14999389648438,28625200,$132.49000549316406,$137.4499969482422,$132.13999938964844
01/18/2023,$133.02000427246094,20215500,$135.80999755859375,$137.25,$132.8000030517578
01/17/2023,$135.36000061035156,21147600,$136.17999267578125,$136.75,$134.25
01/13/2023,$136.97999572753906,22423800,$134.97000122070312,$137.38999938964844,$134.83999633789062
01/12/2023,$136.7100067138672,30757700,$133.44000244140625,$137.67999267578125,$131.75999450683594
01/11/2023,$132.88999938964844,25423000,$130.9600067138672,$133.85000610351562,$130.33999633789062
01/10/2023,$132.99000549316406,28684400,$127.2699966430664,$133.44000244140625,$127.1500015258789
01/09/2023,$129.47000122070312,26649100,$131.16000366210938,$132.9499969482422,$129.27999877929688
01/06/2023,$130.02000427246094,27584500,$128.97000122070312,$130.3300018310547,$126.04000091552734
01/05/2023,$126.94000244140625,25447100,$126.12999725341797,$128.52000427246094,$124.54000091552734
01/04/2023,$127.37000274658203,32397100,$127.37999725341797,$129.0500030517578,$125.8499984741211
01/03/2023,$124.73999786376953,35528500,$122.81999969482422,$126.37000274658203,$122.27999877929688
12/30/2022,$120.33999633789062,19583800,$118.16000366210938,$120.41999816894531,$117.73999786376953
12/29/2022,$120.26000213623047,22366200,$116.4000015258789,$121.02999877929688,$115.7699966430664
12/28/2022,$115.62000274658203,19612500,$116.25,$118.1500015258789,$115.51000213623047
12/27/2022,$116.87999725341797,21392300,$117.93000030517578,$118.5999984741211,$116.05000305175781
12/23/2022,$118.04000091552734,17796600,$116.02999877929688,$118.18000030517578,$115.54000091552734
12/22/2022,$117.12000274658203,23618100,$117.19999694824219,$118.62000274658203,$114.37999725341797
12/21/2022,$119.76000213623047,20392800,$116.69999694824219,$120.33999633789062,$115.62000274658203
12/20/2022,$117.08999633789062,28742500,$113.26000213623047,$117.33000183105469,$112.45999908447266
12/19/2022,$114.4800033569336,29769900,$116.83000183105469,$117.80000305175781,$114.33000183105469
12/16/2022,$119.43000030517578,67064000,$120.2300033569336,$123.30999755859375,$118.81999969482422
12/15/2022,$116.1500015258789,34531000,$118.33000183105469,$118.62999725341797,$114.01000213623047
12/14/2022,$121.58999633789062,36922000,$119.38999938964844,$124.13999938964844,$119.38999938964844
12/13/2022,$120.1500015258789,44701100,$122.12999725341797,$123.30000305175781,$118.63999938964844
12/12/2022,$114.70999908447266,24747100,$115.18000030517578,$115.72000122070312,$113.13999938964844
12/09/2022,$115.9000015258789,26033400,$115.30000305175781,$117.54000091552734,$113.87000274658203
12/08/2022,$115.33000183105469,30619400,$116.38999938964844,$117.33999633789062,$114.58999633789062
12/07/2022,$113.93000030517578,29461100,$113.76000213623047,$115.87999725341797,$112.87999725341797
12/06/2022,$114.12000274658203,43689200,$119.91000366210938,$120.55000305175781,$113.73999786376953
12/05/2022,$122.43000030517578,35474900,$121.75,$124.66999816894531,$121.3499984741211
12/02/2022,$123.48999786376953,39950500,$117.83000183105469,$124.04000091552734,$117.61000061035156
12/01/2022,$120.44000244140625,36551400,$119.19999694824219,$121.19999694824219,$118.4000015258789
11/30/2022,$118.0999984741211,43348600,$109.51000213623047,$118.16000366210938,$109.37999725341797
11/29/2022,$109.45999908447266,23899200,$109.54000091552734,$110.94000244140625,$108.54000091552734
11/28/2022,$108.77999877929688,23309400,$110.77999877929688,$112.04000091552734,$108.37999725341797
11/25/2022,$111.41000366210938,12007600,$111.30000305175781,$112.7300033569336,$111.0199966430664
11/23/2022,$112.23999786376953,21343100,$111.72000122070312,$112.66999816894531,$110.7300033569336
11/22/2022,$111.44000244140625,29029000,$109.86000061035156,$111.62000274658203,$108.31999969482422
11/21/2022,$109.86000061035156,24351100,$111.5199966430664,$112.37000274658203,$109.19000244140625
11/18/2022,$112.05000305175781,33357700,$113.80000305175781,$114.31999969482422,$110.62000274658203
11/17/2022,$111.44999694824219,35093800,$110.41000366210938,$112.33000183105469,$109.80000305175781
11/16/2022,$113.2300033569336,33287800,$114.5,$116.08000183105469,$112.66000366210938
11/15/2022,$117.08000183105469,50670500,$116.06999969482422,$118.73999786376953,$114.41000366210938
11/14/2022,$114.22000122070312,53395000,$110.98999786376953,$116.2699966430664,$110.80000305175781
11/11/2022,$113.0199966430664,59961700,$109.2300033569336,$114.9000015258789,$108.80999755859375
11/10/2022,$111.87000274658203,80671000,$107.12000274658203,$112.75,$104.61000061035156
11/09/2022,$101.47000122070312,107677300,$101.72000122070312,$104.9000015258789,$100.73999786376953
11/08/2022,$96.47000122070312,52088300,$95.91999816894531,$97.80000305175781,$94.79000091552734
11/07/2022,$96.72000122070312,81987300,$94.77999877929688,$96.87999725341797,$93.0999984741211
11/04/2022,$90.79000091552734,55638100,$90.3499984741211,$91.38999938964844,$88.08999633789062
11/03/2022,$88.91000366210938,60664000,$90.08000183105469,$90.45999908447266,$88.41000366210938
11/02/2022,$90.54000091552734,71821100,$94.20999908447266,$95.19999694824219,$90.4800033569336
11/01/2022,$95.19999694824219,110189600,$94.33000183105469,$97.48999786376953,$93.55000305175781
10/31/2022,$93.16000366210938,121361400,$98.22000122070312,$99.31999969482422,$92.5999984741211
10/28/2022,$99.19999694824219,95928300,$99.58000183105469,$100.8499984741211,$97.51000213623047
10/27/2022,$97.94000244140625,232316600,$97.9800033569336,$102.5,$96.37999725341797
10/26/2022,$129.82000732421875,82791500,$131.67999267578125,$135.5500030517578,$128.52999877929688
10/25/2022,$137.50999450683594,38433200,$130.8800048828125,$138.35000610351562,$130.58999633789062
10/24/2022,$129.72000122070312,63563400,$127.25,$133.47999572753906,$124.56999969482422
10/21/2022,$130.00999450683594,46348600,$126.30999755859375,$130.1199951171875,$125.44000244140625
10/20/2022,$131.52999877929688,26356300,$132.92999267578125,$136.77000427246094,$131.30999755859375
10/19/2022,$133.22999572753906,30691000,$132.88999938964844,$137,$132.22000122070312
10/18/2022,$132.8000030517578,25445000,$137.08999633789062,$137.83999633789062,$131.39999389648438
10/17/2022,$134.0399932861328,29612200,$130.3000030517578,$134.7899932861328,$130.17999267578125
10/14/2022,$126.76000213623047,23559400,$131,$131.7899932861328,$126.5199966430664
10/13/2022,$130.2899932861328,34325700,$123.52999877929688,$131.13999938964844,$122.52999877929688
10/12/2022,$127.5,34605200,$128.32000732421875,$129.6699981689453,$126.25
10/11/2022,$128.5399932861328,38481400,$131.6199951171875,$132.66000366210938,$126.98999786376953
10/10/2022,$133.7899932861328,24024000,$133.5500030517578,$136.11000061035156,$131.8699951171875
10/07/2022,$133.4499969482422,33214800,$136.75999450683594,$138.2899932861328,$132.44000244140625
10/06/2022,$139.07000732421875,36231100,$137.72000122070312,$141.4499969482422,$136.60000610351562
10/05/2022,$138.97999572753906,27979300,$138.24000549316406,$140.2100067138672,$134.77999877929688
10/04/2022,$140.27999877929688,34670700,$140.49000549316406,$142.38999938964844,$139.33999633789062
10/03/2022,$138.61000061035156,27723100,$137.13999938964844,$139.6199951171875,$136.10000610351562
09/30/2022,$135.67999267578125,33166400,$136.0500030517578,$140.99000549316406,$135.5
09/29/2022,$136.41000366210938,38985400,$139.36000061035156,$139.83999633789062,$135.1999969482422
09/28/2022,$141.61000061035156,32658500,$134.6199951171875,$142.02999877929688,$134.27000427246094
09/27/2022,$134.39999389648438,30826500,$137.9199981689453,$139.4199981689453,$134.1199951171875
09/26/2022,$136.3699951171875,30497000,$140.1199951171875,$142.24000549316406,$136.19000244140625
09/23/2022,$140.41000366210938,31710700,$141.4199981689453,$142.6199951171875,$138.88999938964844
09/22/2022,$142.82000732421875,34418500,$141.5500030517578,$144.5800018310547,$140.8699951171875
09/21/2022,$142.1199951171875,38338600,$146.38999938964844,$149.60000610351562,$142
09/20/2022,$146.08999633789062,23217400,$145.77999877929688,$148.83999633789062,$145.22000122070312
09/19/2022,$148.02000427246094,22169500,$145.24000549316406,$148.5800018310547,$145.10000610351562
09/16/2022,$146.2899932861328,40122800,$148.0500030517578,$148.5800018310547,$144.2899932861328
09/15/2022,$149.5500030517578,34606300,$149.8000030517578,$154.1999969482422,$148.6999969482422
09/14/2022,$151.47000122070312,43064200,$153.3300018310547,$153.5399932861328,$149.0500030517578
09/13/2022,$153.1300048828125,44444100,$161.5399932861328,$161.6300048828125,$152.6699981689453
09/12/2022,$168.9600067138672,23220400,$167.38999938964844,$171.38999938964844,$167.27999877929688
09/09/2022,$169.14999389648438,22086800,$163.25,$169.5399932861328,$163.02000427246094
09/08/2022,$162.05999755859375,22530800,$158.7100067138672,$162.22999572753906,$157.74000549316406
09/07/2022,$160.38999938964844,16831200,$157.75999450683594,$160.9600067138672,$156.80999755859375
09/06/2022,$158.5399932861328,19339800,$160.10000610351562,$161.69000244140625,$157.69000244140625
09/02/2022,$160.32000732421875,22634200,$167.4499969482422,$167.92999267578125,$159.22000122070312
09/01/2022,$165.36000061035156,30145700,$163.5800018310547,$167.36000061035156,$160.35000610351562
08/31/2022,$162.92999267578125,40953000,$167.07000732421875,$167.83999633789062,$162.13999938964844
08/30/2022,$157.16000366210938,19567900,$160.35000610351562,$161.66000366210938,$155.91000366210938
08/29/2022,$159.1699981689453,20052700,$160.66000366210938,$163.0500030517578,$159.00999450683594
08/26/2022,$161.77999877929688,24023600,$168.47999572753906,$170.9199981689453,$161.6699981689453
08/25/2022,$168.77999877929688,15550500,$165.17999267578125,$168.8800048828125,$164.02000427246094
08/24/2022,$163.25999450683594,20891500,$160.60000610351562,$165.4600067138672,$159.77000427246094
08/23/2022,$161.11000061035156,18111800,$162.47999572753906,$165.0500030517578,$160.6999969482422
08/22/2022,$163.0500030517578,19499700,$165.49000549316406,$165.49000549316406,$162.25999450683594
08/19/2022,$167.9600067138672,26240800,$170.1999969482422,$172.32000732421875,$167.0500030517578
08/18/2022,$174.66000366210938,18844500,$174.33999633789062,$175.75999450683594,$171.86000061035156
08/17/2022,$174.85000610351562,20118100,$176.75999450683594,$178.13999938964844,$174.1699981689453
08/16/2022,$179.47000122070312,21156700,$179.44000244140625,$180.99000549316406,$177.0399932861328
08/15/2022,$180.88999938964844,15878700,$178.9600067138672,$181.44000244140625,$178.1999969482422
08/12/2022,$180.5,21274000,$180.80999755859375,$181.4600067138672,$178.91000366210938
08/11/2022,$177.49000549316406,24079100,$179.7100067138672,$183.10000610351562,$176.3699951171875
08/10/2022,$178.33999633789062,30262100,$175.99000549316406,$180.47999572753906,$173.9499969482422
08/09/2022,$168.52999877929688,18655100,$168.9499969482422,$169.52999877929688,$166.60000610351562
08/08/2022,$170.25,27299100,$168,$177.50999450683594,$167.1300048828125
08/05/2022,$167.11000061035156,25832700,$166.99000549316406,$171.61000061035156,$165.8000030517578
08/04/2022,$170.57000732421875,23938200,$168.3000030517578,$172.14999389648438,$166.8000030517578
08/03/2022,$168.8000030517578,31721900,$162.69000244140625,$169.5399932861328,$161.57000732421875
08/02/2022,$160.19000244140625,27374500,$158.30999755859375,$162.24000549316406,$158.00999450683594
08/01/2022,$159.92999267578125,40596700,$157.25,$165.19000244140625,$155.22999572753906
07/29/2022,$159.10000610351562,42065400,$157.69000244140625,$160.13999938964844,$155.1699981689453
07/28/2022,$160.72000122070312,73214300,$161.05999755859375,$161.50999450683594,$154.85000610351562
07/27/2022,$169.5800018310547,43846600,$162.58999633789062,$170.8699951171875,$162.02000427246094
07/26/2022,$159.14999389648438,28468400,$165.94000244140625,$166,$157.9499969482422
07/25/2022,$166.64999389648438,26166300,$169,$170.57000732421875,$164.80999755859375
07/22/2022,$169.27000427246094,42583900,$173.07000732421875,$175.60000610351562,$168.41000366210938
07/21/2022,$183.1699981689453,27195800,$180.6300048828125,$183.85000610351562,$178.8699951171875
07/20/2022,$183.08999633789062,24784300,$177.49000549316406,$183.60000610351562,$176.6999969482422
07/19/2022,$175.77999877929688,25933700,$170.3699951171875,$176.49000549316406,$169.50999450683594
07/18/2022,$167.22999572753906,23574300,$166.75,$171.69000244140625,$165.63999938964844
07/15/2022,$164.6999969482422,23342800,$160.5399932861328,$164.97999572753906,$159.82000732421875
07/14/2022,$158.0500030517578,23765200,$161.22000122070312,$162.58999633789062,$157.27999877929688
07/13/2022,$163.49000549316406,16555100,$160.16000366210938,$164.97999572753906,$159.61000061035156
07/12/2022,$163.27000427246094,16639700,$164.8000030517578,$165.91000366210938,$162.10000610351562
07/11/2022,$162.8800048828125,21885600,$167.07000732421875,$167.49000549316406,$161.91000366210938
07/08/2022,$170.8800048828125,19249200,$169.97999572753906,$172.39999389648438,$168.14999389648438
07/07/2022,$172.19000244140625,24083400,$169.4499969482422,$172.72000122070312,$167.77999877929688
07/06/2022,$169.77000427246094,23085900,$168.1999969482422,$171.58999633789062,$165.4600067138672
07/05/2022,$168.19000244140625,28618600,$158.13999938964844,$168.25,$157.02000427246094
07/01/2022,$160.02999877929688,31423900,$160.30999755859375,$160.6199951171875,$155
06/30/2022,$161.25,35250600,$162.14999389648438,$165.22999572753906,$158.49000549316406
06/29/2022,$163.94000244140625,28595200,$163.57000732421875,$166.3300018310547,$160.32000732421875
06/28/2022,$160.67999267578125,27744500,$169.89999389648438,$171.3000030517578,$160.61000061035156
06/27/2022,$169.49000549316406,29174600,$171.32000732421875,$171.75,$168.00999450683594
06/24/2022,$170.16000366210938,68736000,$161.72999572753906,$170.25,$161.3000030517578
06/23/2022,$158.75,40499200,$156.27000427246094,$159.75,$154.25
06/22/2022,$155.85000610351562,47267800,$158.3800048828125,$160.7899932861328,$155.44000244140625
06/21/2022,$157.0500030517578,50724900,$165.92999267578125,$167.75999450683594,$155.97000122070312
06/17/2022,$163.74000549316406,31374200,$161.67999267578125,$165.89999389648438,$159.89999389648438
06/16/2022,$160.8699951171875,26944100,$163.72000122070312,$165.0800018310547,$159.61000061035156
06/15/2022,$169.35000610351562,30008300,$167.1999969482422,$172.16000366210938,$163.97999572753906
06/14/2022,$163.72999572753906,27244300,$166.02999877929688,$166.75,$161.36000061035156
06/13/2022,$164.25999450683594,31749300,$170.58999633789062,$172.5800018310547,$164.02999877929688
06/10/2022,$175.57000732421875,27450800,$183.0399932861328,$183.10000610351562,$175.02000427246094
06/09/2022,$184,23501600,$194.27999877929688,$199.4499969482422,$183.67999267578125
06/08/2022,$196.63999938964844,22267200,$194.6699981689453,$202.02999877929688,$194.41000366210938
06/07/2022,$195.64999389648438,18828700,$191.92999267578125,$196.52999877929688,$191.49000549316406
06/06/2022,$194.25,30574200,$193.99000549316406,$196.9199981689453,$188.39999389648438
06/03/2022,$190.77999877929688,19465000,$195.97999572753906,$196.61000061035156,$189.77999877929688
06/02/2022,$198.86000061035156,31951600,$188.4499969482422,$200.94000244140625,$187.72999572753906
06/01/2022,$188.63999938964844,36623500,$196.50999450683594,$199.52999877929688,$185
05/31/2022,$193.63999938964844,26131100,$194.88999938964844,$197.60000610351562,$192.00999450683594
05/27/2022,$195.1300048828125,22562700,$191.36000061035156,$195.3300018310547,$189.8000030517578
05/26/2022,$191.6300048828125,23056500,$182.8800048828125,$192.8300018310547,$182.25999450683594
05/25/2022,$183.8300018310547,28030200,$180.39999389648438,$185.4499969482422,$179.32000732421875
05/24/2022,$181.27999877929688,50406300,$180.5500030517578,$183.67999267578125,$176.11000061035156
05/23/2022,$196.22999572753906,25059200,$195.19000244140625,$196.99000549316406,$191.24000549316406
05/20/2022,$193.5399932861328,31465600,$194.97000122070312,$197.91000366210938,$187.8699951171875
05/19/2022,$191.2899932861328,24446900,$191.1999969482422,$195.2899932861328,$189.60000610351562
05/18/2022,$192.24000549316406,23960000,$200,$201,$191.6300048828125
05/17/2022,$202.6199951171875,24872700,$202.1199951171875,$205.4600067138672,$198.36000061035156
05/16/2022,$200.0399932861328,27112600,$197.0500030517578,$205.3699951171875,$195.92999267578125
05/13/2022,$198.6199951171875,24549800,$192.5800018310547,$199.88999938964844,$191.27999877929688
05/12/2022,$191.24000549316406,38262200,$187.05999755859375,$198.0500030517578,$184.77999877929688
05/11/2022,$188.74000549316406,31153400,$196.3300018310547,$200.6699981689453,$188.27000427246094
05/10/2022,$197.64999389648438,34452500,$199.50999450683594,$202.9600067138672,$194.19000244140625
05/09/2022,$196.2100067138672,36303200,$199.83999633789062,$202.57000732421875,$195.5800018310547
05/06/2022,$203.77000427246094,34747200,$207.33999633789062,$209.3800048828125,$201.02000427246094
05/05/2022,$208.27999877929688,41129200,$218.74000549316406,$220.1699981689453,$206.16000366210938
05/04/2022,$223.41000366210938,41375900,$210.64999389648438,$224.3000030517578,$206.9600067138672
05/03/2022,$212.02999877929688,41556300,$210.4499969482422,$214.89999389648438,$208.08999633789062
05/02/2022,$211.1300048828125,49915300,$201.1699981689453,$211.8800048828125,$200.99000549316406
04/29/2022,$200.47000122070312,49193400,$204.4600067138672,$212.47999572753906,$199.89999389648438
04/28/2022,$205.72999572753906,100890600,$202.9199981689453,$208.52999877929688,$192.89999389648438
04/27/2022,$174.9499969482422,71062900,$174.42999267578125,$181.2100067138672,$169
04/26/2022,$180.9499969482422,31747400,$186.6300048828125,$187.19000244140625,$179.5
04/25/2022,$186.99000549316406,29281100,$182.72999572753906,$187.17999267578125,$181.66000366210938
04/22/2022,$184.11000061035156,36426800,$190.3699951171875,$192.72000122070312,$183.27000427246094
04/21/2022,$188.07000732421875,49954100,$201.60000610351562,$202.97000122070312,$185.5800018310547
04/20/2022,$200.4199981689453,43036500,$213.61000061035156,$214.16000366210938,$198.9199981689453
04/19/2022,$217.30999755859375,20089900,$210.52000427246094,$218.42999267578125,$209
04/18/2022,$210.77000427246094,16580800,$210,$213.3800048828125,$208.3000030517578
04/14/2022,$210.17999267578125,18379500,$214.88999938964844,$214.99000549316406,$210
04/13/2022,$214.99000549316406,19231800,$211.82000732421875,$216.61000061035156,$211.3300018310547
04/12/2022,$214.13999938964844,20128800,$220.24000549316406,$222.02999877929688,$213.1300048828125
04/11/2022,$216.4600067138672,20516600,$218.4199981689453,$220.61000061035156,$215.22000122070312
04/08/2022,$222.3300018310547,18375700,$222.3800048828125,$225.1300048828125,$220.02999877929688
04/07/2022,$222.9499969482422,21037200,$223.92999267578125,$225.52000427246094,$218.55999755859375
04/06/2022,$223.3000030517578,28995100,$226.91000366210938,$228.99000549316406,$221.41000366210938
04/05/2022,$231.83999633789062,29727200,$234.0800018310547,$236.86000061035156,$231.02000427246094
04/04/2022,$233.88999938964844,28054800,$225.97999572753906,$234.35000610351562,$225.86000061035156
04/01/2022,$224.85000610351562,19544800,$224.5500030517578,$227.27999877929688,$222.6999969482422
03/31/2022,$222.36000061035156,24192300,$228.4499969482422,$228.49000549316406,$222.25999450683594
03/30/2022,$227.85000610351562,25588000,$228.91000366210938,$231.14999389648438,$226.7100067138672
03/29/2022,$229.86000061035156,31417900,$226.07000732421875,$230.88999938964844,$225.2899932861328
03/28/2022,$223.58999633789062,26224100,$222.1300048828125,$224.0399932861328,$219.5399932861328
03/25/2022,$221.82000732421875,40039000,$220.50999450683594,$225.5,$218.88999938964844
03/24/2022,$219.57000732421875,31502300,$215,$220.6699981689453,$214.7899932861328
03/23/2022,$213.4600067138672,23717300,$213.3300018310547,$216.8000030517578,$212.16000366210938
03/22/2022,$216.64999389648438,31998800,$211.3699951171875,$219.4600067138672,$210.17999267578125
03/21/2022,$211.49000549316406,30142300,$214.5,$214.7100067138672,$207.6300048828125
03/18/2022,$216.49000549316406,52128000,$206.6999969482422,$216.8000030517578,$206
03/17/2022,$207.83999633789062,29499700,$201.6999969482422,$208.0399932861328,$201.11000061035156
03/16/2022,$203.6300048828125,40640300,$194.6999969482422,$203.72999572753906,$194.52000427246094
03/15/2022,$192.02999877929688,31721700,$190.8000030517578,$192.27999877929688,$185.91000366210938
03/14/2022,$186.6300048828125,31010500,$187.02999877929688,$192.2899932861328,$185.82000732421875
03/11/2022,$187.61000061035156,34694500,$192.63999938964844,$193.55999755859375,$186.6699981689453
03/10/2022,$195.2100067138672,24853000,$194.83999633789062,$196.27999877929688,$191.07000732421875
03/09/2022,$198.5,31894700,$195.74000549316406,$199.10000610351562,$193.9199981689453
03/08/2022,$190.2899932861328,37508100,$187.85000610351562,$196.6999969482422,$186.11000061035156
03/07/2022,$187.47000122070312,38560600,$200.7899932861328,$200.88999938964844,$187.27999877929688
03/04/2022,$200.05999755859375,32130900,$202.3699951171875,$205.88999938964844,$198.7899932861328
03/03/2022,$202.97000122070312,27263500,$209.02000427246094,$209.0800018310547,$201.4199981689453
03/02/2022,$208.11000061035156,29452100,$204.77999877929688,$209.14999389648438,$202.02000427246094
03/01/2022,$203.49000549316406,27094900,$209.8699951171875,$211.75,$202.22000122070312
02/28/2022,$211.02999877929688,34239800,$207.67999267578125,$213.14999389648438,$206.8300018310547
02/25/2022,$210.47999572753906,37627600,$204.94000244140625,$211.32000732421875,$203.17999267578125
02/24/2022,$207.60000610351562,49957200,$191.05999755859375,$208.35000610351562,$190.22000122070312
02/23/2022,$198.4499969482422,44481400,$204.16000366210938,$206.94000244140625,$198.0500030517578
02/22/2022,$202.0800018310547,39852400,$202.33999633789062,$207.47999572753906,$200.05999755859375
02/18/2022,$206.16000366210938,37128400,$209.38999938964844,$210.75,$205.17999267578125
02/17/2022,$207.7100067138672,38747500,$214.02000427246094,$217.5,$207.16000366210938
02/16/2022,$216.5399932861328,45817500,$212.41000366210938,$217.4600067138672,$212.36000061035156
02/15/2022,$221,42685500,$220.47000122070312,$221.14999389648438,$215.05999755859375
02/14/2022,$217.6999969482422,38184000,$219.30999755859375,$221,$214.77999877929688
02/11/2022,$219.5500030517578,46156900,$228.4600067138672,$230.4199981689453,$218.77000427246094
02/10/2022,$228.07000732421875,49310400,$228.27000427246094,$235,$226.6999969482422
02/09/2022,$232,86563300,$224.1999969482422,$233.3699951171875,$222.2100067138672
02/08/2022,$220.17999267578125,94729700,$220.85000610351562,$225.77000427246094,$216.14999389648438
02/07/2022,$224.91000366210938,88613800,$237.6999969482422,$238.3000030517578,$224.00999450683594
02/04/2022,$237.08999633789062,89342200,$234.97000122070312,$242.61000061035156,$230.11000061035156
02/03/2022,$237.75999450683594,188119900,$244.64999389648438,$248,$235.75
02/02/2022,$323,58458300,$327.82000732421875,$328,$316.8699951171875
02/01/2022,$319,18023800,$314.55999755859375,$319.6600036621094,$312.1199951171875
01/31/2022,$313.260009765625,21579500,$300.67999267578125,$313.7900085449219,$299.32000732421875
01/28/2022,$301.7099914550781,21871600,$295.6199951171875,$301.8999938964844,$293.0299987792969
01/27/2022,$294.6400146484375,21629900,$297.75,$301.7099914550781,$294.260009765625
01/26/2022,$294.6300048828125,28348800,$307.010009765625,$307.510009765625,$290.8500061035156
01/25/2022,$300.1499938964844,25108500,$299.95001220703125,$306.2300109863281,$297.5799865722656
01/24/2022,$308.7099914550781,38878100,$297.8399963378906,$309.5299987792969,$289.010009765625
01/21/2022,$303.1700134277344,28710700,$314.80999755859375,$318.30999755859375,$303.0400085449219
01/20/2022,$316.55999755859375,16925000,$323.8999938964844,$327.82000732421875,$315.9800109863281
01/19/2022,$319.5899963378906,20814700,$319.5799865722656,$327.1000061035156,$319.3299865722656
01/18/2022,$318.1499938964844,22645600,$323.2900085449219,$324.2099914550781,$317.6400146484375
01/14/2022,$331.8999938964844,16868500,$321.7900085449219,$332.7300109863281,$321.2099914550781
01/13/2022,$326.4800109863281,14797100,$334.9800109863281,$335.6300048828125,$325.760009765625
01/12/2022,$333.260009765625,14104900,$335.17999267578125,$336.3699951171875,$330.0299987792969
01/11/2022,$334.3699951171875,16226800,$326.7799987792969,$334.6300048828125,$325.2799987792969
01/10/2022,$328.07000732421875,24942400,$325.30999755859375,$328.3399963378906,$315.42999267578125
01/07/2022,$331.7900085449219,14722000,$332.739990234375,$337,$328.8800048828125
01/06/2022,$332.4599914550781,27962800,$322.82000732421875,$339.1700134277344,$322.7200012207031
01/05/2022,$324.1700134277344,20564500,$333.0199890136719,$335.760009765625,$323.8399963378906
01/04/2022,$336.5299987792969,15998000,$339.95001220703125,$343.0899963378906,$331.8699951171875
01/03/2022,$338.5400085449219,14537900,$338.29998779296875,$341.0799865722656,$337.19000244140625
12/31/2021,$336.3500061035156,12870500,$343.0199890136719,$343.44000244140625,$336.2699890136719
12/30/2021,$344.3599853515625,10593300,$344,$347.2300109863281,$343.2200012207031
12/29/2021,$342.94000244140625,10747000,$346.9100036621094,$349.69000244140625,$341.6400146484375
12/28/2021,$346.2200012207031,16637600,$346.6300048828125,$352.7099914550781,$345.20001220703125
12/27/2021,$346.17999267578125,17795000,$338.8500061035156,$347.8699951171875,$338.010009765625
12/23/2021,$335.239990234375,13987700,$330.1000061035156,$336.6700134277344,$328.3599853515625
12/22/2021,$330.45001220703125,16764600,$333.79998779296875,$334.510009765625,$328.260009765625
12/21/2021,$334.20001220703125,16116800,$326.4100036621094,$336,$323.75
12/20/2021,$325.45001220703125,17901800,$329.7799987792969,$329.8999938964844,$322.5299987792969
12/17/2021,$333.7900085449219,40012600,$332.79998779296875,$337.1099853515625,$330.75
12/16/2021,$334.8999938964844,22635000,$338.9800109863281,$344.4599914550781,$333.739990234375
12/15/2021,$341.6600036621094,24681300,$332.489990234375,$342.1099853515625,$323.9800109863281
12/14/2021,$333.739990234375,20461000,$328.04998779296875,$335.70001220703125,$327.6499938964844
12/13/2021,$334.489990234375,22948700,$330.95001220703125,$341.0899963378906,$329.5899963378906
12/10/2021,$329.75,14528000,$332.55999755859375,$335.0299987792969,$326.3699951171875
12/09/2021,$329.82000732421875,16879200,$329.5400085449219,$336.1300048828125,$328
12/08/2021,$330.55999755859375,19937700,$325,$332.75,$323.07000732421875
12/07/2021,$322.80999755859375,18794000,$321.57000732421875,$326.5400085449219,$321
12/06/2021,$317.8699951171875,21758300,$308.1300048828125,$320.1000061035156,$306.3399963378906
12/03/2021,$306.8399963378906,27471000,$313.7300109863281,$313.75,$299.5
12/02/2021,$310.3900146484375,24396200,$311.3999938964844,$314.6000061035156,$307.20001220703125
12/01/2021,$310.6000061035156,30329600,$330.2900085449219,$330.5,$310.2900085449219
11/30/2021,$324.4599914550781,25390000,$335,$335.80999755859375,$323.42999267578125
11/29/2021,$338.0299987792969,16650900,$336.8900146484375,$340.6700134277344,$335.30999755859375
11/26/2021,$333.1199951171875,14750700,$335.79998779296875,$337.75,$331.8999938964844
11/24/2021,$341.05999755859375,13566200,$336,$341.7799987792969,$332.80999755859375
11/23/2021,$337.25,17225000,$338.92999267578125,$341.3999938964844,$333.5
11/22/2021,$341.010009765625,27116800,$349.04998779296875,$353.8299865722656,$340.510009765625
11/19/2021,$345.29998779296875,26488500,$342.20001220703125,$352.1000061035156,$339.8999938964844
11/18/2021,$338.69000244140625,17487200,$339.7200012207031,$342.4599914550781,$335.29998779296875
11/17/2021,$340.7699890136719,13602800,$344.239990234375,$347.29998779296875,$340.1000061035156
11/16/2021,$342.9599914550781,18181100,$343.8299865722656,$346.6499938964844,$340.8699951171875
11/15/2021,$347.55999755859375,25076600,$344.3399963378906,$353.6499938964844,$343.20001220703125
11/12/2021,$340.8900146484375,25414300,$330.17999267578125,$341.8599853515625,$329.7799987792969
11/11/2021,$327.739990234375,12376600,$329.82000732421875,$332.4599914550781,$327
11/10/2021,$327.6400146484375,21872600,$332.489990234375,$333.19000244140625,$325.510009765625
11/09/2021,$335.3699951171875,17556700,$340,$341.30999755859375,$334.4700012207031
11/08/2021,$338.6199951171875,18342500,$344.4200134277344,$344.7900085449219,$338.3399963378906
11/05/2021,$341.1300048828125,26872800,$340.30999755859375,$346.7900085449219,$339.6400146484375
11/04/2021,$335.8500061035156,22495300,$334.010009765625,$337.2699890136719,$332.6499938964844
11/03/2021,$331.6199951171875,20786500,$327.489990234375,$332.1499938964844,$323.20001220703125
11/02/2021,$328.0799865722656,28353000,$331.3800048828125,$334.7900085449219,$323.79998779296875
11/01/2021,$329.9800109863281,31518900,$326.0400085449219,$333.45001220703125,$326
10/29/2021,$323.57000732421875,37059400,$320.19000244140625,$326,$319.6000061035156
10/28/2021,$316.9200134277344,50806800,$312.989990234375,$325.5199890136719,$308.1099853515625
10/27/2021,$312.2200012207031,29971800,$314.19000244140625,$319.25,$312.05999755859375
10/26/2021,$315.80999755859375,65654000,$328.260009765625,$330.2099914550781,$309.6000061035156
10/25/2021,$328.69000244140625,38409000,$320.29998779296875,$329.55999755859375,$319.7200012207031
10/22/2021,$324.6099853515625,35224500,$326.3500061035156,$329.6300048828125,$321.1099853515625
10/21/2021,$341.8800048828125,16354400,$340.2799987792969,$342.30999755859375,$337.79998779296875
10/20/2021,$340.7799987792969,13639500,$343.45001220703125,$343.9800109863281,$339.45001220703125
10/19/2021,$339.989990234375,18786300,$339.6499938964844,$342.4599914550781,$337.2799987792969
10/18/2021,$335.3399963378906,21585000,$328.95001220703125,$335.8900146484375,$327.5
10/15/2021,$324.760009765625,21596400,$328.67999267578125,$329.07000732421875,$322.510009765625
10/14/2021,$328.5299987792969,14302200,$328.3599853515625,$330.5199890136719,$327.1000061035156
10/13/2021,$324.5400085449219,14761500,$326.9700012207031,$327,$322.6600036621094
10/12/2021,$323.7699890136719,31658700,$323.0299987792969,$324.3800048828125,$317.3699951171875
10/11/2021,$325.45001220703125,14708200,$327.6300048828125,$330.4599914550781,$325.30999755859375
10/08/2021,$330.04998779296875,15946100,$331.510009765625,$333.3999938964844,$328.7099914550781
10/07/2021,$329.2200012207031,28307500,$337,$338.8399963378906,$328.9800109863281
10/06/2021,$333.6400146484375,26443000,$329.739990234375,$334.3800048828125,$325.79998779296875
10/05/2021,$332.9599914550781,35377900,$328.5799865722656,$335.17999267578125,$326.1600036621094
10/04/2021,$326.2300109863281,42885000,$335.5299987792969,$335.94000244140625,$322.70001220703125
10/01/2021,$343.010009765625,14905300,$341.6099853515625,$345.0199890136719,$338.6400146484375
09/30/2021,$339.3900146484375,16547100,$340.45001220703125,$342.79998779296875,$338.1499938964844
09/29/2021,$339.6099853515625,14452200,$343.1499938964844,$345.2300109863281,$338.8800048828125
09/28/2021,$340.6499938964844,21710300,$347.9700012207031,$349.6000061035156,$338.9200134277344
09/27/2021,$353.5799865722656,15205800,$349.80999755859375,$355.1499938964844,$347.0799865722656
09/24/2021,$352.9599914550781,18801900,$343.239990234375,$354.3500061035156,$342.3699951171875
09/23/2021,$345.9599914550781,21806300,$345.3599853515625,$349.6700134277344,$343
09/22/2021,$343.2099914550781,43692900,$347.2300109863281,$349.8399963378906,$340.69000244140625
09/21/2021,$357.4800109863281,11751900,$358.5,$360.0400085449219,$355.19000244140625
09/20/2021,$355.70001220703125,19822800,$359.29998779296875,$361.0299987792969,$349.79998779296875
09/17/2021,$364.7200012207031,26299000,$371.4100036621094,$371.4100036621094,$361.5899963378906
09/16/2021,$373.05999755859375,11934200,$372.7900085449219,$373.55999755859375,$369.7099914550781
09/15/2021,$373.9200134277344,17940300,$377,$377.55999755859375,$367.6700134277344
09/14/2021,$376.5299987792969,8711600,$377.3999938964844,$378.5899963378906,$375.1099853515625
09/13/2021,$376.510009765625,13026300,$381.67999267578125,$381.75,$374.3500061035156
09/10/2021,$378.69000244140625,11549600,$381.3599853515625,$383.7900085449219,$378.260009765625
09/09/2021,$378,9098900,$377.6400146484375,$379.8299865722656,$376.57000732421875
09/08/2021,$377.57000732421875,11067200,$380.1600036621094,$380.8699951171875,$374.7900085449219
09/07/2021,$382.17999267578125,10793800,$375.8800048828125,$382.9599914550781,$373.1499938964844
09/03/2021,$376.260009765625,7509600,$374.75,$377.1600036621094,$373.1099853515625
09/02/2021,$375.2799987792969,14832900,$381.5,$381.75,$374.05999755859375
09/01/2021,$382.04998779296875,11567200,$379.5899963378906,$384.3299865722656,$378.80999755859375
08/31/2021,$379.3800048828125,12345400,$379.95001220703125,$382.760009765625,$378.79998779296875
08/30/2021,$380.6600036621094,13547300,$372.55999755859375,$381.489990234375,$370.5199890136719
08/27/2021,$372.6300048828125,11219100,$365.1000061035156,$373.739990234375,$364.0799865722656
08/26/2021,$364.3800048828125,7888700,$368.3800048828125,$369.44000244140625,$364.1300048828125
08/25/2021,$368.3900146484375,9684500,$365.6000061035156,$370.8599853515625,$365.3999938964844
08/24/2021,$365.510009765625,9235100,$363.6600036621094,$367.9599914550781,$361.8399963378906
08/23/2021,$363.3500061035156,10942000,$359.44000244140625,$365.69000244140625,$359.1000061035156
08/20/2021,$359.3699951171875,8697700,$354.6000061035156,$359.989990234375,$353.30999755859375
08/19/2021,$355.1199951171875,12004500,$351.3500061035156,$357.57000732421875,$351
08/18/2021,$355.45001220703125,10042400,$356.25,$359.8599853515625,$355.1499938964844
08/17/2021,$358.45001220703125,12328700,$362.9800109863281,$364.6700134277344,$355.07000732421875
08/16/2021,$366.55999755859375,11222100,$362.5199890136719,$366.95001220703125,$357.3800048828125
08/13/2021,$363.17999267578125,7195700,$362.9700012207031,$364.6600036621094,$361.4800109863281
08/12/2021,$362.6499938964844,7170700,$358.45001220703125,$363,$357.1099853515625
08/11/2021,$359.9599914550781,8400300,$362.1000061035156,$362.3599853515625,$357.80999755859375
08/10/2021,$361.1300048828125,7469900,$361.8299865722656,$364.1000061035156,$359.0400085449219
08/09/2021,$361.6099853515625,7798900,$363.760009765625,$365.7799987792969,$360.75
08/06/2021,$363.510009765625,8925000,$361.3999938964844,$365.1499938964844,$361.3999938964844
08/05/2021,$362.9700012207031,10247200,$359.6400146484375,$363.8999938964844,$356.8999938964844
08/04/2021,$358.9200134277344,14180600,$352.4200134277344,$360.4800109863281,$351.510009765625
08/03/2021,$351.239990234375,12406100,$352.7300109863281,$353.7699890136719,$347.70001220703125
08/02/2021,$351.95001220703125,13180400,$358.1000061035156,$359.3999938964844,$350.739990234375
07/30/2021,$356.29998779296875,15976200,$354,$360.7300109863281,$352.94000244140625
07/29/2021,$358.32000732421875,33413200,$361,$365.5199890136719,$356.739990234375
07/28/2021,$373.2799987792969,29676900,$374.55999755859375,$377.54998779296875,$366.92999267578125
07/27/2021,$367.80999755859375,15705400,$371.9100036621094,$373.1499938964844,$364.54998779296875
07/26/2021,$372.4599914550781,14925200,$369.5799865722656,$374.44000244140625,$368.2200012207031
07/23/2021,$369.7900085449219,33694300,$360.9100036621094,$375.3299865722656,$357.19000244140625
07/22/2021,$351.19000244140625,12385400,$346.67999267578125,$351.5400085449219,$345.2099914550781
07/21/2021,$346.2300109863281,9279700,$341.5,$346.5199890136719,$341.25
07/20/2021,$341.6600036621094,11024300,$338.79998779296875,$343.45001220703125,$334.5
07/19/2021,$336.95001220703125,14372300,$337.57000732421875,$339.7900085449219,$334.5400085449219
07/16/2021,$341.1600036621094,11026100,$344.9100036621094,$345.989990234375,$340.1400146484375
07/15/2021,$344.4599914550781,14781600,$349.2300109863281,$349.2300109863281,$340.2200012207031
07/14/2021,$347.6300048828125,13894200,$354.55999755859375,$355.20001220703125,$346.7300109863281
07/13/2021,$352.0899963378906,11456000,$351.5,$358.489990234375,$348.79998779296875
07/12/2021,$353.1600036621094,10018600,$351.2300109863281,$354.19000244140625,$349.6400146484375
07/09/2021,$350.4200134277344,13018700,$345.32000732421875,$350.7099914550781,$345.2699890136719
07/08/2021,$345.6499938964844,14406500,$345.7300109863281,$348.3299865722656,$342.55999755859375
07/07/2021,$350.489990234375,14218900,$355.260009765625,$356.489990234375,$350
07/06/2021,$352.7799987792969,13488500,$356.5,$358.7900085449219,$349.17999267578125
07/02/2021,$354.70001220703125,11521300,$355.1000061035156,$356.44000244140625,$352.6199951171875
07/01/2021,$354.3900146484375,17137000,$346.82000732421875,$354.6700134277344,$346.5
06/30/2021,$347.7099914550781,15107500,$352.1700134277344,$352.9200134277344,$347.1700134277344
06/29/2021,$351.8900146484375,21417300,$356.2699890136719,$356.739990234375,$349.04998779296875
06/28/2021,$355.6400146484375,29156100,$342.4599914550781,$358.1400146484375,$341.7699890136719
06/25/2021,$341.3699951171875,14594400,$342.5899963378906,$344.1199951171875,$339.67999267578125
06/24/2021,$343.17999267578125,12329100,$341.8500061035156,$344.8999938964844,$341.7900085449219
06/23/2021,$340.5899963378906,14817800,$339.3500061035156,$343.4200134277344,$338.20001220703125
06/22/2021,$339.0299987792969,15345300,$332.69000244140625,$339.9200134277344,$332.6000061035156
06/21/2021,$332.2900085449219,11337500,$331.0899963378906,$332.9200134277344,$327.6499938964844
06/18/2021,$329.6600036621094,23039500,$334.5299987792969,$336.1499938964844,$329
06/17/2021,$336.510009765625,17794100,$330.489990234375,$337.9800109863281,$330.1499938964844
06/16/2021,$331.0799865722656,17232200,$336.70001220703125,$337.54998779296875,$328.7200012207031
06/15/2021,$336.75,15795200,$336.989990234375,$339.9200134277344,$335.0299987792969
06/14/2021,$336.7699890136719,12250800,$331.8999938964844,$336.82000732421875,$329.80999755859375
06/11/2021,$331.260009765625,13587900,$332.5799865722656,$332.8299865722656,$328.92999267578125
06/10/2021,$332.4599914550781,13240200,$330.7900085449219,$333.94000244140625,$328.54998779296875
06/09/2021,$330.25,13727900,$335.739990234375,$336.79998779296875,$330
06/08/2021,$333.67999267578125,14580500,$336.70001220703125,$338.29998779296875,$332.239990234375
06/07/2021,$336.5799865722656,20136700,$329.4800109863281,$337.69000244140625,$328.92999267578125
06/04/2021,$330.3500061035156,13289400,$325.8999938964844,$332.4599914550781,$325.17999267578125
06/03/2021,$326.0400085449219,12610800,$325.7799987792969,$327.3800048828125,$323.4800109863281
06/02/2021,$329.1499938964844,11654300,$330.3800048828125,$331.8699951171875,$327.1199951171875
06/01/2021,$329.1300048828125,11765900,$330.1499938964844,$331.4200134277344,$326.6400146484375
05/28/2021,$328.7300109863281,12037400,$331,$332.8699951171875,$328.3299865722656
05/27/2021,$332.75,20477700,$328,$333.7799987792969,$326.760009765625
05/26/2021,$327.6600036621094,9686900,$328.3500061035156,$329.8299865722656,$325.82000732421875
05/25/2021,$327.7900085449219,16437000,$327.0799865722656,$329.17999267578125,$324.79998779296875
05/24/2021,$324.6300048828125,16445400,$318.2099914550781,$325.95001220703125,$318.0299987792969
05/21/2021,$316.2300109863281,13600900,$319.2900085449219,$319.92999267578125,$315.80999755859375
05/20/2021,$318.6099853515625,17320200,$313.5799865722656,$319.25,$313.1600036621094
05/19/2021,$313.5899963378906,19106200,$304.19000244140625,$314.6600036621094,$303.57000732421875
05/18/2021,$309.9599914550781,14522400,$315.5899963378906,$316.5,$309.80999755859375
05/17/2021,$315.4599914550781,15401300,$313.54998779296875,$315.67999267578125,$311.5799865722656
05/14/2021,$315.94000244140625,19245700,$309.5400085449219,$316.8500061035156,$309.0799865722656
05/13/2021,$305.260009765625,18079200,$306.0799865722656,$308.8599853515625,$302.7699890136719
05/12/2021,$302.54998779296875,24645500,$301.1300048828125,$304.9599914550781,$298.19000244140625
05/11/2021,$306.5299987792969,18920100,$300.75,$306.8399963378906,$299.69000244140625
05/10/2021,$305.9700012207031,24239200,$314.3500061035156,$314.5799865722656,$304.8299865722656
05/07/2021,$319.0799865722656,15916700,$322.3800048828125,$322.94000244140625,$318.75
05/06/2021,$320.0199890136719,19012200,$314.5199890136719,$320.239990234375,$313.2699890136719
05/05/2021,$315.0199890136719,15577600,$318.19000244140625,$321.05999755859375,$314.489990234375
05/04/2021,$318.3599853515625,24032600,$320.0199890136719,$322.19000244140625,$313.1199951171875
05/03/2021,$322.5799865722656,18719500,$326.1700134277344,$328.54998779296875,$321.8399963378906
04/30/2021,$325.0799865722656,26332400,$326.1400146484375,$329.82000732421875,$324.5
04/29/2021,$329.510009765625,56526800,$330.1199951171875,$331.80999755859375,$321.6099853515625
04/28/2021,$307.1000061035156,33907200,$307.3599853515625,$310.9200134277344,$305.3699951171875
04/27/2021,$303.57000732421875,15309300,$304.2799987792969,$305.3399963378906,$301.1099853515625
04/26/2021,$303.0400085449219,16172600,$303.3399963378906,$305.79998779296875,$301.55999755859375
04/23/2021,$301.1300048828125,17536800,$298.760009765625,$302.5899963378906,$297.1499938964844
04/22/2021,$296.5199890136719,16375400,$301.3299865722656,$302.9200134277344,$296.0400085449219
04/21/2021,$301.4700012207031,14863500,$301.95001220703125,$301.9800109863281,$297.3900146484375
04/20/2021,$302.6499938964844,16796400,$301.989990234375,$305.1000061035156,$297.2099914550781
04/19/2021,$302.239990234375,14553500,$305.010009765625,$307.70001220703125,$300.55999755859375
04/16/2021,$306.17999267578125,13059200,$308.1700134277344,$308.95001220703125,$304.6099853515625
04/15/2021,$307.82000732421875,14558300,$306.3399963378906,$310.1400146484375,$304.1000061035156
04/14/2021,$302.82000732421875,17421400,$307.29998779296875,$308.0299987792969,$301.95001220703125
04/13/2021,$309.760009765625,14036900,$312.2099914550781,$314.42999267578125,$309.32000732421875
04/12/2021,$311.5400085449219,10881900,$311.04998779296875,$312.1499938964844,$307.92999267578125
04/09/2021,$312.4599914550781,15988600,$311.3999938964844,$314.739990234375,$310.3299865722656
04/08/2021,$313.0199890136719,20894100,$314.8500061035156,$315.8800048828125,$310.04998779296875
04/07/2021,$313.0899963378906,22855200,$306.3399963378906,$314.25,$305.5
04/06/2021,$306.260009765625,17335200,$308.8399963378906,$311.3500061035156,$305.25
04/05/2021,$308.9100036621094,28237000,$300.8900146484375,$310.7699890136719,$300.67999267578125
04/01/2021,$298.6600036621094,17616000,$298.3999938964844,$302.3999938964844,$296.6000061035156
03/31/2021,$294.5299987792969,19498200,$289.989990234375,$296.5,$288.6099853515625
03/30/2021,$288,17474500,$289.8299865722656,$292.4700012207031,$286.70001220703125
03/29/2021,$290.82000732421875,21718800,$285.7699890136719,$293.17999267578125,$284.70001220703125
03/26/2021,$283.0199890136719,17629200,$278.29998779296875,$284.5,$277.7699890136719
03/25/2021,$278.739990234375,24505600,$280.9800109863281,$288.05999755859375,$277.75
03/24/2021,$282.1400146484375,18675000,$291,$291.7200012207031,$281.1600036621094
03/23/2021,$290.6300048828125,23000900,$293.1499938964844,$298,$289.80999755859375
03/22/2021,$293.5400085449219,28273100,$290.45001220703125,$299.7099914550781,$286.75
03/19/2021,$290.1099853515625,38930500,$281.2200012207031,$292.79998779296875,$281.20001220703125
03/18/2021,$278.6199951171875,18728300,$279.8699951171875,$285.19000244140625,$278.2799987792969
03/17/2021,$284.010009765625,21315000,$275.7099914550781,$286.2300109863281,$275.4100036621094
03/16/2021,$279.2799987792969,22437700,$276.0799865722656,$282.1400146484375,$274.79998779296875
03/15/2021,$273.75,16844800,$269.0799865722656,$275.9599914550781,$268.5
03/12/2021,$268.3999938964844,20600200,$269.1400146484375,$269.739990234375,$264.0199890136719
03/11/2021,$273.8800048828125,21834000,$268.1099853515625,$277.8999938964844,$267.82000732421875
03/10/2021,$264.8999938964844,14210300,$268.6400146484375,$268.9700012207031,$262.8699951171875
03/09/2021,$265.739990234375,22039700,$261.17999267578125,$268.5299987792969,$259.80999755859375
03/08/2021,$255.30999755859375,18391800,$265.54998779296875,$265.5799865722656,$255.0500030517578
03/05/2021,$264.2799987792969,26820100,$260.6700134277344,$265.45001220703125,$255.61000061035156
03/04/2021,$257.6400146484375,31626500,$256.4700012207031,$266.489990234375,$253.5
03/03/2021,$255.41000366210938,15513500,$260.2900085449219,$260.989990234375,$255.10000610351562
03/02/2021,$259,15191700,$265.7799987792969,$266.7099914550781,$258.6499938964844
03/01/2021,$264.9100036621094,22157300,$260.82000732421875,$266.6499938964844,$257.8999938964844
02/26/2021,$257.6199951171875,26619500,$256.4700012207031,$265.54998779296875,$256.4700012207031
02/25/2021,$254.69000244140625,19053100,$262.29998779296875,$266.94000244140625,$254.0399932861328
02/24/2021,$264.30999755859375,15736100,$262.3299865722656,$266.3800048828125,$258.3900146484375
02/23/2021,$265.8599853515625,21924600,$259.5,$267.4599914550781,$254.9600067138672
02/22/2021,$260.3299865722656,17434900,$257.95001220703125,$263.07000732421875,$257.5299987792969
02/19/2021,$261.55999755859375,25622600,$269.8599853515625,$270.2699890136719,$260.1499938964844
02/18/2021,$269.3900146484375,15249100,$269.57000732421875,$271.95001220703125,$266.0299987792969
02/17/2021,$273.57000732421875,12763200,$271.239990234375,$273.9700012207031,$269.5799865722656
02/16/2021,$273.9700012207031,15417200,$270.79998779296875,$276.6000061035156,$270.04998779296875
02/12/2021,$270.5,9097600,$270.5199890136719,$271.17999267578125,$268.3399963378906
02/11/2021,$270.3900146484375,12828600,$271.8900146484375,$273.5799865722656,$268.489990234375
02/10/2021,$271.8699951171875,14687200,$272.45001220703125,$273.79998779296875,$267.7200012207031
02/09/2021,$269.45001220703125,14613400,$266.44000244140625,$273.3900146484375,$265.75
02/08/2021,$266.5799865722656,13755200,$268.75,$269.8599853515625,$265
02/05/2021,$268.1000061035156,12454400,$266.79998779296875,$269.1700134277344,$265.6700134277344
02/04/2021,$266.489990234375,16060000,$267.010009765625,$268.1600036621094,$264
02/03/2021,$266.6499938964844,14223400,$265.6199951171875,$269.20001220703125,$263.8399963378906
02/02/2021,$267.0799865722656,17320800,$264,$268.8500061035156,$263.2699890136719
02/01/2021,$262.010009765625,22914300,$259.5199890136719,$264.1700134277344,$254.91000366210938
01/29/2021,$258.3299865722656,30389500,$265.29998779296875,$266.55999755859375,$254.85000610351562
01/28/2021,$265,37758800,$277.17999267578125,$286.7900085449219,$264.70001220703125
01/27/2021,$272.1400146484375,35346200,$282.5299987792969,$283.45001220703125,$268.1199951171875
01/26/2021,$282.04998779296875,19373600,$278.1400146484375,$285.3900146484375,$277.80999755859375
01/25/2021,$278.010009765625,19087000,$278.1400146484375,$280.1000061035156,$271.510009765625
01/22/2021,$274.5,21954000,$272.010009765625,$278.4700012207031,$272
01/21/2021,$272.8699951171875,20838700,$269.260009765625,$273.6000061035156,$267.489990234375
01/20/2021,$267.4800109863281,25199900,$268.92999267578125,$270.32000732421875,$263.6000061035156
01/19/2021,$261.1000061035156,28028500,$256.8999938964844,$262.20001220703125,$252.72000122070312
01/15/2021,$251.36000061035156,24942900,$247.89999389648438,$253.86000061035156,$247.16000366210938
01/14/2021,$245.63999938964844,29739400,$253.39999389648438,$255.02999877929688,$244.61000061035156
01/13/2021,$251.63999938964844,19528900,$251.5500030517578,$253.9499969482422,$249.1999969482422
01/12/2021,$251.08999633789062,26383500,$256.6300048828125,$259.7200012207031,$250.3000030517578
01/11/2021,$256.8399963378906,30412300,$260.4800109863281,$263.4700012207031,$255.89999389648438
01/08/2021,$267.57000732421875,18528300,$268.30999755859375,$268.95001220703125,$263.17999267578125
01/07/2021,$268.739990234375,15789800,$265.8999938964844,$271.6099853515625,$264.7799987792969
01/06/2021,$263.30999755859375,24354100,$262,$267.75,$260.010009765625
01/05/2021,$270.9700012207031,9871600,$268.2900085449219,$272.3999938964844,$268.2099914550781
01/04/2021,$268.94000244140625,15106100,$274.7799987792969,$275,$265.20001220703125
12/31/2020,$273.1600036621094,12900400,$272,$277.0899963378906,$269.80999755859375
12/30/2020,$271.8699951171875,11803800,$277.95001220703125,$278.0799865722656,$271.7099914550781
12/29/2020,$276.7799987792969,16383000,$276.95001220703125,$280.510009765625,$276.2799987792969
12/28/2020,$277,23299700,$268.739990234375,$277.29998779296875,$265.6600036621094
12/24/2020,$267.3999938964844,6702000,$268.8800048828125,$270.3999938964844,$266.20001220703125
12/23/2020,$268.1099853515625,14329000,$266.8900146484375,$272.1700134277344,$266.2300109863281
12/22/2020,$267.0899963378906,17312900,$271.5,$271.5,$264.6300048828125
12/21/2020,$272.7900085449219,16553700,$272.9800109863281,$274.6700134277344,$267.7900085449219
12/18/2020,$276.3999938964844,26693200,$275.7699890136719,$278,$271.1400146484375
12/17/2020,$274.4800109863281,16377800,$277.07000732421875,$280.44000244140625,$273.6099853515625
12/16/2020,$275.6700134277344,15885000,$274.760009765625,$277.8599853515625,$272.510009765625
12/15/2020,$275.54998779296875,23979500,$274.8299865722656,$276.0799865722656,$267.4700012207031
12/14/2020,$274.19000244140625,16376900,$273.3699951171875,$277.2200012207031,$271.55999755859375
12/11/2020,$273.54998779296875,14391400,$274.5299987792969,$276.4800109863281,$270.25
12/10/2020,$277.1199951171875,20065100,$275.5400085449219,$278.7300109863281,$271.8599853515625
12/09/2020,$277.9200134277344,25189700,$283.6600036621094,$287.6300048828125,$271.75
12/08/2020,$283.3999938964844,10747700,$286.010009765625,$286.42999267578125,$281.54998779296875
12/07/2020,$285.5799865722656,13007700,$279.19000244140625,$288.489990234375,$278.20001220703125
12/04/2020,$279.70001220703125,10880300,$280.29998779296875,$283.4599914550781,$279.29998779296875
12/03/2020,$281.8500061035156,12921700,$286.25,$286.6499938964844,$281.07000732421875
12/02/2020,$287.5199890136719,17361600,$285.3599853515625,$291.7799987792969,$280.8299865722656
12/01/2020,$286.54998779296875,20738900,$279.1600036621094,$289.29998779296875,$278.9599914550781
11/30/2020,$276.9700012207031,16693300,$276.0299987792969,$277.70001220703125,$271.010009765625
11/27/2020,$277.80999755859375,7808400,$277.3900146484375,$279.1300048828125,$274.82000732421875
11/25/2020,$275.5899963378906,12467000,$278.1400146484375,$280.17999267578125,$272.6499938964844
11/24/2020,$276.9200134277344,16930400,$268.489990234375,$277.82000732421875,$267.8699951171875
11/23/2020,$268.42999267578125,20990800,$270.8900146484375,$270.95001220703125,$264.5299987792969
11/20/2020,$269.70001220703125,18114700,$272.55999755859375,$273,$269.4100036621094
11/19/2020,$272.94000244140625,12963700,$271.0199890136719,$273.4700012207031,$269.19000244140625
11/18/2020,$271.9700012207031,12152900,$274.5199890136719,$277.3900146484375,$271.8399963378906
11/17/2020,$275,15040300,$277.67999267578125,$277.67999267578125,$273.2900085449219
11/16/2020,$278.9599914550781,12970400,$275.04998779296875,$279.4100036621094,$274.6300048828125
11/13/2020,$276.95001220703125,10391200,$277.7200012207031,$277.760009765625,$273.1000061035156
11/12/2020,$275.0799865722656,12899500,$277.17999267578125,$279.75,$274.42999267578125
11/11/2020,$276.4800109863281,14957000,$273.4700012207031,$278.3999938964844,$272.4800109863281
11/10/2020,$272.42999267578125,29067700,$273.1000061035156,$274,$264
11/09/2020,$278.7699890136719,25117700,$289.8699951171875,$292.5799865722656,$278.5299987792969
11/06/2020,$293.4100036621094,13891000,$293.95001220703125,$294.6000061035156,$288.05999755859375
11/05/2020,$294.67999267578125,23823600,$291.8999938964844,$297.3800048828125,$288.95001220703125
11/04/2020,$287.3800048828125,35364400,$281,$288.94000244140625,$278.6199951171875
11/03/2020,$265.29998779296875,17961900,$263.1600036621094,$270.04998779296875,$260.8800048828125
11/02/2020,$261.3599853515625,27165700,$264.6000061035156,$270.4700012207031,$257.3399963378906
10/30/2020,$263.1099853515625,47247800,$274.5,$276.70001220703125,$259.1000061035156
10/29/2020,$280.8299865722656,32368100,$276.54998779296875,$283.6000061035156,$273.7799987792969
10/28/2020,$267.6700134277344,23121800,$278.7900085449219,$278.7900085449219,$267.260009765625
10/27/2020,$283.2900085449219,16287200,$278.760009765625,$284.510009765625,$276.30999755859375
10/26/2020,$277.1099853515625,21322900,$283.1600036621094,$285.2300109863281,$274.260009765625
10/23/2020,$284.7900085449219,17535200,$278.79998779296875,$285.239990234375,$276.82000732421875
10/22/2020,$278.1199951171875,16720000,$279.8699951171875,$282.45001220703125,$275.0400085449219
10/21/2020,$278.7300109863281,28998600,$279.55999755859375,$283.04998779296875,$276.3699951171875
10/20/2020,$267.55999755859375,18763200,$263.05999755859375,$269.70001220703125,$262.8800048828125
10/19/2020,$261.3999938964844,13587000,$265.5299987792969,$268.54998779296875,$259.8800048828125
10/16/2020,$265.92999267578125,16622700,$267.3800048828125,$271.3699951171875,$265.29998779296875
10/15/2020,$266.7200012207031,15416100,$267.6000061035156,$269.0400085449219,$263.6700134277344
10/14/2020,$271.82000732421875,15577800,$277.6199951171875,$278.75,$271.5
10/13/2020,$276.1400146484375,18063300,$277.5799865722656,$279.1000061035156,$273.3900146484375
10/12/2020,$275.75,31019300,$270.20001220703125,$280.17999267578125,$267.8699951171875
10/09/2020,$264.45001220703125,14107800,$264.5199890136719,$264.75,$262.1700134277344
10/08/2020,$263.760009765625,16312800,$259.75,$264.6199951171875,$259.1499938964844
10/07/2020,$258.1199951171875,23133400,$259.2099914550781,$260.17999267578125,$254.82000732421875
10/06/2020,$258.6600036621094,18696900,$261.7799987792969,$265.69000244140625,$258.239990234375
10/05/2020,$264.6499938964844,12822300,$262.20001220703125,$264.8699951171875,$260.8399963378906
10/02/2020,$259.94000244140625,16367600,$261.2099914550781,$265.1499938964844,$259.17999267578125
10/01/2020,$266.6300048828125,20009800,$265.3500061035156,$268.3299865722656,$264.79998779296875
09/30/2020,$261.8999938964844,20142500,$261.9800109863281,$266.0799865722656,$260.1000061035156
09/29/2020,$261.7900085449219,20200200,$257.80999755859375,$263.3299865722656,$256.8999938964844
09/28/2020,$256.82000732421875,18826300,$259.3999938964844,$259.6000061035156,$254.82000732421875
09/25/2020,$254.82000732421875,18351300,$249.39999389648438,$255.75,$246.61000061035156
09/24/2020,$249.52999877929688,20006800,$246.5,$252.24000549316406,$245.6199951171875
09/23/2020,$249.02000427246094,19641300,$255.25999450683594,$257.989990234375,$248.14999389648438
09/22/2020,$254.75,30293100,$253.30999755859375,$255.32000732421875,$248.22000122070312
09/21/2020,$248.14999389648438,24709400,$247.5399932861328,$249.9499969482422,$244.1300048828125
09/18/2020,$252.52999877929688,28130800,$258.3999938964844,$259.20001220703125,$250.0500030517578
09/17/2020,$254.82000732421875,31281400,$258.2799987792969,$261.5,$250.19000244140625
09/16/2020,$263.5199890136719,29183400,$267.2900085449219,$272.44000244140625,$261.7900085449219
09/15/2020,$272.4200134277344,18478500,$270.6700134277344,$274.5199890136719,$269.29998779296875
09/14/2020,$266.1499938964844,24093800,$270.95001220703125,$276.6400146484375,$265.70001220703125
09/11/2020,$266.6099853515625,18913900,$270.05999755859375,$271.3900146484375,$262.6400146484375
09/10/2020,$268.0899963378906,24814700,$275.510009765625,$279.1600036621094,$267.0299987792969
09/09/2020,$273.7200012207031,22918800,$275.7699890136719,$278.4800109863281,$271.3500061035156
09/08/2020,$271.1600036621094,24864000,$271.2799987792969,$279.29998779296875,$269.4200134277344
09/04/2020,$282.7300109863281,30333700,$287.25,$289,$271.1400146484375
09/03/2020,$291.1199951171875,32294100,$295.989990234375,$297.6000061035156,$283.6300048828125
09/02/2020,$302.5,24341400,$298.8800048828125,$303.6000061035156,$293.04998779296875
09/01/2020,$295.44000244140625,17295900,$294.7099914550781,$301.489990234375,$292.7099914550781
08/31/2020,$293.20001220703125,17345100,$293.95001220703125,$296.8800048828125,$291.54998779296875
08/28/2020,$293.6600036621094,17157400,$295,$297.2300109863281,$290.9800109863281
08/27/2020,$293.2200012207031,30301300,$300.1600036621094,$301.2300109863281,$292.0199890136719
08/26/2020,$303.9100036621094,69015200,$284,$304.6700134277344,$284
08/25/2020,$280.82000732421875,42127200,$272.4100036621094,$283.0899963378906,$270.260009765625
08/24/2020,$271.3900146484375,23685600,$271.07000732421875,$277.25,$268.7699890136719
08/21/2020,$267.010009765625,15538600,$268.69000244140625,$270.489990234375,$266.4200134277344
08/20/2020,$269.010009765625,20299700,$261.5,$269.6300048828125,$261.4599914550781
08/19/2020,$262.5899963378906,23291500,$261.3900146484375,$267.9100036621094,$261.3500061035156
08/18/2020,$262.3399963378906,18690400,$260.95001220703125,$265.1499938964844,$259.260009765625
08/17/2020,$261.1600036621094,13351100,$262.5,$264.1000061035156,$259.3999938964844
08/14/2020,$261.239990234375,14792700,$262.30999755859375,$262.6499938964844,$258.67999267578125
08/13/2020,$261.29998779296875,17374000,$261.54998779296875,$265.1600036621094,$259.57000732421875
08/12/2020,$259.8900146484375,21415700,$258.9700012207031,$263.8999938964844,$258.1099853515625
08/11/2020,$256.1300048828125,28238300,$260.19000244140625,$265.9200134277344,$255.1300048828125
08/10/2020,$263,30248800,$268.0400085449219,$273.8599853515625,$259.69000244140625
08/07/2020,$268.44000244140625,72766400,$264.0799865722656,$278.8900146484375,$263.42999267578125
08/06/2020,$265.2799987792969,45241600,$249.0399932861328,$266.6000061035156,$248.6699981689453
08/05/2020,$249.1199951171875,13050100,$250.19000244140625,$252.27000427246094,$247.77000427246094
08/04/2020,$249.8300018310547,17183500,$251.55999755859375,$252.8000030517578,$247.42999267578125
08/03/2020,$251.9600067138672,23124900,$252.64999389648438,$255.39999389648438,$250.3300018310547
07/31/2020,$253.6699981689453,53005100,$255.82000732421875,$255.85000610351562,$249
07/30/2020,$234.5,20615300,$230.22000122070312,$234.88999938964844,$229
07/29/2020,$233.2899932861328,13588300,$231.13999938964844,$233.6999969482422,$230.30999755859375
07/28/2020,$230.1199951171875,14170100,$234.6300048828125,$234.9600067138672,$229.8300018310547
07/27/2020,$233.5,13163100,$231.4600067138672,$234.9499969482422,$230.8300018310547
07/24/2020,$230.7100067138672,18325800,$230.19000244140625,$233.49000549316406,$226.89999389648438
07/23/2020,$232.60000610351562,21771800,$239.6300048828125,$242.4199981689453,$231.75
07/22/2020,$239.8699951171875,15427900,$240.25999450683594,$241.89999389648438,$238.1199951171875
07/21/2020,$241.75,19364200,$246.22000122070312,$246.91000366210938,$240.0800018310547
07/20/2020,$245.4199981689453,20872200,$240.05999755859375,$246.0500030517578,$235.63999938964844
07/17/2020,$242.02999877929688,18152400,$241,$244.16000366210938,$237.86000061035156
07/16/2020,$240.92999267578125,18880700,$238,$241.75999450683594,$236.3300018310547
07/15/2020,$240.27999877929688,19133600,$241.5500030517578,$244.82000732421875,$238.0500030517578
07/14/2020,$239.72999572753906,23378100,$236.75999450683594,$240.3300018310547,$232.02999877929688
07/13/2020,$239,24674900,$247.00999450683594,$250.14999389648438,$238.4199981689453
07/10/2020,$245.07000732421875,22982700,$243.69000244140625,$245.49000549316406,$239.32000732421875
07/09/2020,$244.5,22174900,$245,$246.52999877929688,$239.24000549316406
07/08/2020,$243.5800018310547,29791300,$238.11000061035156,$246.99000549316406,$236.58999633789062
07/07/2020,$240.86000061035156,27887800,$239.41000366210938,$247.64999389648438,$238.82000732421875
07/06/2020,$240.27999877929688,26206200,$233.75999450683594,$240.39999389648438,$232.27000427246094
07/02/2020,$233.4199981689453,30633600,$239,$240,$232.61000061035156
07/01/2020,$237.5500030517578,43399700,$228.5,$239,$227.55999755859375
06/30/2020,$227.07000732421875,33927100,$220.58999633789062,$227.5,$218.47000122070312
06/29/2020,$220.63999938964844,58514300,$209.75,$220.75,$207.11000061035156
06/26/2020,$216.0800018310547,76343900,$232.63999938964844,$233.08999633789062,$215.39999389648438
06/25/2020,$235.67999267578125,18704300,$234.6199951171875,$237.3000030517578,$232.74000549316406
06/24/2020,$234.02000427246094,20834900,$241.1999969482422,$243.22000122070312,$232.67999267578125
06/23/2020,$242.24000549316406,24017900,$241.27999877929688,$245.19000244140625,$239.86000061035156
06/22/2020,$239.22000122070312,18917800,$238.55999755859375,$240.6999969482422,$236.91000366210938
06/19/2020,$238.7899932861328,30081300,$237.7899932861328,$240.8300018310547,$235.5500030517578
06/18/2020,$235.94000244140625,15782500,$234.99000549316406,$236.13999938964844,$232.14999389648438
06/17/2020,$235.52999877929688,19578100,$235,$237.58999633789062,$231.72999572753906
06/16/2020,$235.64999389648438,15236700,$237.13999938964844,$238.4600067138672,$233
06/15/2020,$232.5,15340300,$225.08999633789062,$233.77000427246094,$224.8000030517578
06/12/2020,$228.5800018310547,22091400,$229.89999389648438,$231.66000366210938,$224.5
06/11/2020,$224.42999267578125,26708200,$229.94000244140625,$232.88999938964844,$223.5500030517578
06/10/2020,$236.72999572753906,20720700,$240.9600067138672,$241.2100067138672,$235.27999877929688
06/09/2020,$238.6699981689453,27462900,$231.52000427246094,$239.77000427246094,$230.41000366210938
06/08/2020,$231.39999389648438,15466500,$229.02999877929688,$231.5500030517578,$227.41000366210938
06/05/2020,$230.77000427246094,16750400,$226.7100067138672,$231.35000610351562,$225.30999755859375
06/04/2020,$226.2899932861328,17041500,$229.55999755859375,$231.6300048828125,$224.61000061035156
06/03/2020,$230.16000366210938,15380300,$232.11000061035156,$232.64999389648438,$228.52999877929688
06/02/2020,$232.72000122070312,20919000,$230.94000244140625,$233,$226.55999755859375
06/01/2020,$231.91000366210938,18223800,$224.58999633789062,$232.44000244140625,$223.5
05/29/2020,$225.08999633789062,23241500,$225.1999969482422,$227.49000549316406,$222.8800048828125
05/28/2020,$225.4600067138672,29377200,$224.3000030517578,$231.6300048828125,$224
05/27/2020,$229.13999938964844,34697600,$229.07000732421875,$230.55999755859375,$221.1300048828125
05/26/2020,$232.1999969482422,33178300,$239.77000427246094,$240.89999389648438,$231.6699981689453
05/22/2020,$234.91000366210938,33925600,$231.50999450683594,$235.99000549316406,$228.74000549316406
05/21/2020,$231.38999938964844,47782600,$234.72000122070312,$237.1999969482422,$231.1999969482422
05/20/2020,$229.97000122070312,50162900,$223.5,$231.33999633789062,$223.19000244140625
05/19/2020,$216.8800048828125,31843200,$213.27000427246094,$220.49000549316406,$212.8300018310547
05/18/2020,$213.19000244140625,20151900,$212.14999389648438,$214.63999938964844,$210.94000244140625
05/15/2020,$210.8800048828125,19383200,$205.27000427246094,$211.33999633789062,$204.1199951171875
05/14/2020,$206.80999755859375,17178900,$202.55999755859375,$206.92999267578125,$200.69000244140625
05/13/2020,$205.10000610351562,20684600,$209.42999267578125,$210.77999877929688,$202.11000061035156
05/12/2020,$210.10000610351562,14704600,$213.2899932861328,$215.27999877929688,$210
05/11/2020,$213.17999267578125,12911900,$210.88999938964844,$215,$210.3699951171875
05/08/2020,$212.35000610351562,12506000,$212.24000549316406,$213.2100067138672,$210.85000610351562
05/07/2020,$211.25999450683594,15152000,$211.16000366210938,$211.60000610351562,$209.0399932861328
05/06/2020,$208.47000122070312,21857000,$208.1199951171875,$211.60000610351562,$206.66000366210938
05/05/2020,$207.07000732421875,21071200,$207.02000427246094,$210.3800048828125,$206.5
05/04/2020,$205.25999450683594,19250700,$200.1999969482422,$205.91000366210938,$198.75999450683594
05/01/2020,$202.27000427246094,30415600,$201.60000610351562,$207.27999877929688,$199.0500030517578
04/30/2020,$204.7100067138672,46230100,$206.9199981689453,$209.69000244140625,$201.57000732421875
04/29/2020,$194.19000244140625,45954500,$190.92999267578125,$196.91000366210938,$190
04/28/2020,$182.91000366210938,21731000,$188.66000366210938,$189.1999969482422,$182.55999755859375
04/27/2020,$187.5,29197800,$192.66000366210938,$193.75,$187.41000366210938
04/24/2020,$190.07000732421875,28792000,$183.22999572753906,$190.41000366210938,$180.8300018310547
04/23/2020,$185.1300048828125,21426600,$184.0800018310547,$187.0500030517578,$183.14999389648438
04/22/2020,$182.27999877929688,33242000,$178.4499969482422,$184.77999877929688,$178.13999938964844
04/21/2020,$170.8000030517578,24850500,$175.25,$175.3800048828125,$168.33999633789062
04/20/2020,$178.24000549316406,16110700,$177.41000366210938,$180.5,$176.77000427246094
04/17/2020,$179.24000549316406,20974800,$179.1999969482422,$180.27999877929688,$176.66000366210938
04/16/2020,$176.25,23593200,$177.9499969482422,$178.0500030517578,$172.50999450683594
04/15/2020,$176.97000122070312,17423000,$175.19000244140625,$178.19000244140625,$172.82000732421875
04/14/2020,$178.1699981689453,21011800,$178.97999572753906,$181.22999572753906,$176.6199951171875
04/13/2020,$174.7899932861328,19355400,$173.6699981689453,$175,$169.4499969482422
04/09/2020,$175.19000244140625,23534300,$175.89999389648438,$177.0800018310547,$171.57000732421875
04/08/2020,$174.27999877929688,21664200,$171.25,$175,$167.74000549316406
04/07/2020,$168.8300018310547,31411900,$171.7899932861328,$173.38999938964844,$166.00999450683594
04/06/2020,$165.5500030517578,28453600,$160.14999389648438,$166.1999969482422,$158.50999450683594
04/03/2020,$154.17999267578125,25983300,$157.14999389648438,$157.91000366210938,$150.8300018310547
04/02/2020,$158.19000244140625,20886300,$159.10000610351562,$161.35000610351562,$155.9199981689453
04/01/2020,$159.60000610351562,19507600,$161.6199951171875,$164.14999389648438,$158.0399932861328
03/31/2020,$166.8000030517578,23676300,$165.47999572753906,$170.92999267578125,$164.1999969482422
03/30/2020,$165.9499969482422,22515200,$159.17999267578125,$166.75,$158.05999755859375
03/27/2020,$156.7899932861328,24879900,$158.1999969482422,$160.08999633789062,$154.75
03/26/2020,$163.33999633789062,26556800,$158.25,$164,$157.02000427246094
03/25/2020,$156.2100067138672,35184300,$158.9199981689453,$162.99000549316406,$153.05999755859375
03/24/2020,$160.97999572753906,30440400,$155.2100067138672,$161.30999755859375,$152.57000732421875
03/23/2020,$148.10000610351562,29830800,$149.66000366210938,$152.30999755859375,$142.25
03/20/2020,$149.72999572753906,32568400,$156.02000427246094,$159.27000427246094,$148
03/19/2020,$153.1300048828125,39862300,$146.6199951171875,$159.92999267578125,$144.8000030517578
03/18/2020,$146.9600067138672,37553100,$139.75,$148.17999267578125,$137.10000610351562
03/17/2020,$149.4199981689453,34255600,$150.74000549316406,$153.94000244140625,$140
03/16/2020,$146.00999450683594,39120400,$152.32000732421875,$159.1300048828125,$143.10000610351562
03/13/2020,$170.27999877929688,35028600,$163.52999877929688,$170.7899932861328,$157.60000610351562
03/12/2020,$154.47000122070312,43266300,$159.5399932861328,$166.60000610351562,$154.33999633789062
03/11/2020,$170.24000549316406,20373900,$174.00999450683594,$175.8800048828125,$167.66000366210938
03/10/2020,$178.19000244140625,24517800,$174.6699981689453,$178.2899932861328,$169.5
03/09/2020,$169.5,29949000,$169.60000610351562,$175,$165.19000244140625
03/06/2020,$181.08999633789062,24559600,$178.3300018310547,$183.77999877929688,$176.25999450683594
03/05/2020,$185.1699981689453,19333400,$186.77999877929688,$188.99000549316406,$183.88999938964844
03/04/2020,$191.75999450683594,23062500,$189.1699981689453,$191.8300018310547,$186.38999938964844
03/03/2020,$185.88999938964844,27984100,$196.22000122070312,$197.24000549316406,$183.97000122070312
03/02/2020,$196.44000244140625,24949000,$194.02999877929688,$196.57000732421875,$188.85000610351562
02/28/2020,$192.47000122070312,32568900,$182.6999969482422,$192.74000549316406,$181.82000732421875
02/27/2020,$189.75,21682600,$191.82000732421875,$195.8800048828125,$189.5
02/26/2020,$197.1999969482422,16524500,$197.19000244140625,$201.2100067138672,$195.49000549316406
02/25/2020,$196.77000427246094,21433500,$202.25,$203.5,$195.9499969482422
02/24/2020,$200.72000122070312,23080100,$201.8000030517578,$203.64999389648438,$198.1699981689453
02/21/2020,$210.17999267578125,14092300,$213.47999572753906,$214.24000549316406,$208.8300018310547
02/20/2020,$214.5800018310547,13109200,$216.52000427246094,$218.77000427246094,$212.9499969482422
02/19/2020,$217.49000549316406,12135100,$217.99000549316406,$218.32000732421875,$216.11000061035156
02/18/2020,$217.8000030517578,15609200,$213.5500030517578,$217.97999572753906,$213.39999389648438
02/14/2020,$214.17999267578125,10741700,$214,$214.92999267578125,$212.64999389648438
02/13/2020,$213.13999938964844,15396600,$209.52000427246094,$214.3300018310547,$209.17999267578125
02/12/2020,$210.75999450683594,13813700,$207.85000610351562,$211.22000122070312,$207.39999389648438
02/11/2020,$207.19000244140625,25030800,$210.19000244140625,$210.86000061035156,$206.50999450683594
02/10/2020,$213.05999755859375,11856400,$211.52000427246094,$213.8000030517578,$210.66000366210938
02/07/2020,$212.3300018310547,12242500,$210.3000030517578,$212.82000732421875,$209.92999267578125
02/06/2020,$210.85000610351562,10567500,$210.47000122070312,$211.19000244140625,$209.33999633789062
02/05/2020,$210.11000061035156,12538200,$212.50999450683594,$212.72999572753906,$208.7100067138672
02/04/2020,$209.8300018310547,19628900,$206.6199951171875,$210.60000610351562,$205.1999969482422
02/03/2020,$204.19000244140625,15495600,$203.44000244140625,$205.13999938964844,$202.5
01/31/2020,$201.91000366210938,31359900,$208.42999267578125,$208.69000244140625,$201.05999755859375
01/30/2020,$209.52999877929688,48775500,$206.52999877929688,$211.42999267578125,$204.75
01/29/2020,$223.22999572753906,33181300,$221.44000244140625,$224.1999969482422,$218.4499969482422
01/28/2020,$217.7899932861328,13413800,$216.13999938964844,$218.74000549316406,$213.52000427246094
01/27/2020,$214.8699951171875,13810700,$213.10000610351562,$216.05999755859375,$212.5
01/24/2020,$217.94000244140625,11905800,$220.8000030517578,$221.77999877929688,$216.11000061035156
01/23/2020,$219.75999450683594,11195000,$220.75,$221.49000549316406,$219.27000427246094
01/22/2020,$221.32000732421875,12212800,$222.30999755859375,$222.75,$221.27999877929688
01/21/2020,$221.44000244140625,14275800,$222.16000366210938,$222.3699951171875,$219.1199951171875
01/17/2020,$222.13999938964844,15905900,$222.02999877929688,$222.2899932861328,$220.52999877929688
01/16/2020,$221.77000427246094,10015300,$222.57000732421875,$222.6300048828125,$220.38999938964844
01/15/2020,$221.14999389648438,10036500,$220.61000061035156,$221.67999267578125,$220.13999938964844
01/14/2020,$219.05999755859375,13288900,$221.61000061035156,$222.3800048828125,$218.6300048828125
01/13/2020,$221.91000366210938,14463400,$219.60000610351562,$221.97000122070312,$219.2100067138672
01/10/2020,$218.05999755859375,12119400,$219.1999969482422,$219.8800048828125,$217.4199981689453
01/09/2020,$218.3000030517578,12642800,$217.5399932861328,$218.3800048828125,$216.27999877929688
01/08/2020,$215.22000122070312,13475000,$213,$216.24000549316406,$212.61000061035156
01/07/2020,$213.05999755859375,14912400,$212.82000732421875,$214.5800018310547,$211.75
01/06/2020,$212.60000610351562,17058900,$206.6999969482422,$212.77999877929688,$206.52000427246094
01/03/2020,$208.6699981689453,11188400,$207.2100067138672,$210.39999389648438,$206.9499969482422
01/02/2020,$209.77999877929688,12077100,$206.75,$209.7899932861328,$206.27000427246094
