Date,Close/Last,Volume,Open,High,Low
07/17/2026,$393.82000732421875,33010300,$394.8599853515625,$398.3900146484375,$389.3900146484375
07/16/2026,$401.1000061035156,37047400,$398.30999755859375,$405.989990234375,$392.04998779296875
07/15/2026,$395.6300048828125,36253700,$387.79998779296875,$398.9599914550781,$386.3999938964844
07/14/2026,$384.92999267578125,27863900,$382.82000732421875,$388.19000244140625,$378.6499938964844
07/13/2026,$390.989990234375,28914900,$387.75,$393.6499938964844,$384.1499938964844
07/10/2026,$385.1000061035156,24644600,$387.79998779296875,$391.9100036621094,$381.5
07/09/2026,$384.3599853515625,31083200,$374.45001220703125,$384.6499938964844,$373.3500061035156
07/08/2026,$383.3399963378906,25908300,$384.0299987792969,$385.30999755859375,$381.3299865722656
07/07/2026,$388.8399963378906,29297500,$392.489990234375,$395.57000732421875,$388.2200012207031
07/06/2026,$386.739990234375,34224500,$387.0400085449219,$389.1499938964844,$381.2200012207031
07/02/2026,$390.489990234375,42128900,$384.4800109863281,$392.20001220703125,$383.70001220703125
07/01/2026,$384.2799987792969,48065800,$380.8299865722656,$388.8299865722656,$374.8900146484375
06/30/2026,$373.0199890136719,44945700,$371.0299987792969,$374.1499938964844,$367.45001220703125
06/29/2026,$368.57000732421875,51229900,$377.5,$380.5,$359.8999938964844
06/26/2026,$372.9700012207031,186201600,$357.1499938964844,$376.6099853515625,$355.42999267578125
06/25/2026,$352.8299865722656,66179000,$362.7699890136719,$364.2300109863281,$349.20001220703125
06/24/2026,$365.4599914550781,44509900,$371.57000732421875,$378.8800048828125,$364.7799987792969
06/23/2026,$373.94000244140625,40647600,$372.3800048828125,$377.2200012207031,$370.6700134277344
06/22/2026,$367.3399963378906,45171100,$375.739990234375,$381.6300048828125,$367.07000732421875
06/18/2026,$379.3999938964844,59714200,$377.82000732421875,$381.3699951171875,$373.2799987792969
06/17/2026,$378.9100036621094,41987800,$390.25,$390.3699951171875,$377.32000732421875
06/16/2026,$393.8299865722656,31506800,$395.7900085449219,$396.8399963378906,$390.69000244140625
06/15/2026,$399.760009765625,32266400,$396.79998779296875,$401.75,$392.8500061035156
06/12/2026,$390.739990234375,34865800,$391.42999267578125,$391.739990234375,$382.2699890136719
06/11/2026,$390.3399963378906,47224100,$395.2099914550781,$396.8500061035156,$384
06/10/2026,$397.3599853515625,32576000,$398.54998779296875,$405.0400085449219,$397.1600036621094
06/09/2026,$403.4100036621094,35317300,$409.0299987792969,$411.9800109863281,$398.4800109863281
06/08/2026,$411.739990234375,32086700,$414.1400146484375,$417.1600036621094,$408.55999755859375
06/05/2026,$416.6700134277344,34782200,$428.3399963378906,$429.4700012207031,$414.3999938964844
06/04/2026,$428.04998779296875,26899500,$435.80999755859375,$436.1499938964844,$426.4100036621094
06/03/2026,$427.3399963378906,39037000,$438.45001220703125,$440.3900146484375,$424.25
06/02/2026,$441.30999755859375,37036800,$446.8800048828125,$453.5,$440.42999267578125
06/01/2026,$460.5199890136719,53628900,$464.8399963378906,$466.32000732421875,$458.2699890136719
05/29/2026,$450.239990234375,79654400,$432.54998779296875,$450.3299865722656,$432.3599853515625
05/28/2026,$426.989990234375,47250500,$412.9800109863281,$429.489990234375,$412.6700134277344
05/27/2026,$412.6700134277344,28901500,$411.010009765625,$415.94000244140625,$409.5799865722656
05/26/2026,$416.0299987792969,30398000,$416.42999267578125,$419.7699890136719,$413.0199890136719
05/22/2026,$418.57000732421875,22390300,$419.5400085449219,$424.3999938964844,$416.3299865722656
05/21/2026,$419.0899963378906,31393500,$424.75,$426.3399963378906,$415.7099914550781
05/20/2026,$421.05999755859375,27864000,$414.1700134277344,$422.1000061035156,$411.29998779296875
05/19/2026,$417.4200134277344,33018700,$429.8999938964844,$432.70001220703125,$416.489990234375
05/18/2026,$423.5400085449219,32564100,$416.6199951171875,$425.1199951171875,$415.6099853515625
05/15/2026,$421.9200134277344,50771200,$414.2699890136719,$428.1700134277344,$412.9100036621094
05/14/2026,$409.42999267578125,27077500,$404.4800109863281,$411.8399963378906,$400.8800048828125
05/13/2026,$405.2099914550781,29667100,$403.20001220703125,$406.30999755859375,$401.0299987792969
05/12/2026,$407.7699890136719,38594200,$414.4800109863281,$415.5,$406.6400146484375
05/11/2026,$412.6600036621094,35657900,$407.8699951171875,$412.69000244140625,$405.5
05/08/2026,$415.1199951171875,33383800,$417.3900146484375,$418.6300048828125,$414
05/07/2026,$420.7699890136719,34942400,$420.1099853515625,$427.9800109863281,$418.760009765625
05/06/2026,$413.9599914550781,30285900,$408,$418.4200134277344,$405.1099853515625
05/05/2026,$411.3800048828125,25700900,$415.32000732421875,$416.7799987792969,$408.79998779296875
05/04/2026,$413.6199951171875,28066500,$411.5400085449219,$420.7799987792969,$410.79998779296875
05/01/2026,$414.44000244140625,31372400,$412.79998779296875,$417.1099853515625,$410.44000244140625
04/30/2026,$407.7799987792969,70909400,$410.80999755859375,$414.4200134277344,$398.010009765625
04/29/2026,$424.4599914550781,38288300,$424.5799865722656,$426.82000732421875,$420.2900085449219
04/28/2026,$429.25,30438100,$424.57000732421875,$429.9200134277344,$421.8999938964844
04/27/2026,$424.82000732421875,30867300,$422.3800048828125,$427.1099853515625,$417.07000732421875
04/24/2026,$424.6199951171875,27457400,$416.9700012207031,$424.95001220703125,$415.79998779296875
04/23/2026,$415.75,38308000,$419.8900146484375,$423.6600036621094,$411.4100036621094
04/22/2026,$432.9200134277344,29378200,$426.19000244140625,$433.70001220703125,$423.6700134277344
04/21/2026,$424.1600036621094,32048500,$420.239990234375,$427.17999267578125,$417.20001220703125
04/20/2026,$418.07000732421875,27582200,$421.1499938964844,$423.3299865722656,$416.29998779296875
04/17/2026,$422.7900085449219,48568200,$424.82000732421875,$431.5799865722656,$420.69000244140625
04/16/2026,$420.260009765625,41642400,$419.8599853515625,$420.82000732421875,$412.1400146484375
04/15/2026,$411.2200012207031,45063400,$398,$414.3699951171875,$396.7300109863281
04/14/2026,$393.1099853515625,37504500,$387.9200134277344,$394.69000244140625,$386.5199890136719
04/13/2026,$384.3699951171875,35745800,$373.6099853515625,$384.5400085449219,$371.0199890136719
04/10/2026,$370.8699951171875,28111100,$372.9800109863281,$375.6400146484375,$370.0299987792969
04/09/2026,$373.07000732421875,30435300,$372.5,$373.5,$367.04998779296875
04/08/2026,$374.3299865722656,33064800,$384.9800109863281,$385,$371.4100036621094
04/07/2026,$372.2900085449219,21443300,$370.3399963378906,$372.45001220703125,$366.55999755859375
04/06/2026,$372.8800048828125,16146600,$373.489990234375,$373.7300109863281,$369.5
04/02/2026,$373.4599914550781,24099100,$367.2099914550781,$373.6400146484375,$364.1499938964844
04/01/2026,$369.3699951171875,29417200,$373.489990234375,$373.989990234375,$368.20001220703125
03/31/2026,$370.1700134277344,45244400,$364.54998779296875,$372.8999938964844,$363.07000732421875
03/30/2026,$358.9599914550781,44797000,$361.8999938964844,$365.3599853515625,$356.2799987792969
03/27/2026,$356.7699890136719,37883400,$361.8999938964844,$362.45001220703125,$356.510009765625
03/26/2026,$365.9700012207031,36836600,$370.82000732421875,$374.7200012207031,$365.19000244140625
03/25/2026,$371.0400085449219,31181200,$376.9200134277344,$377.05999755859375,$369.6300048828125
03/24/2026,$372.739990234375,42733600,$382.3599853515625,$382.4700012207031,$371.8500061035156
03/23/2026,$383,29680100,$383.8999938964844,$387.2099914550781,$381.67999267578125
03/20/2026,$381.8699951171875,50853200,$386.7900085449219,$387,$380.1199951171875
03/19/2026,$389.0199890136719,25138800,$390.1000061035156,$392.489990234375,$387.05999755859375
03/18/2026,$391.7900085449219,25908500,$397.1300048828125,$398,$391
03/17/2026,$399.4100036621094,26228300,$400.2699890136719,$404.3999938964844,$397.75
03/16/2026,$399.95001220703125,27733700,$398.07000732421875,$400.6300048828125,$394.7900085449219
03/13/2026,$395.54998779296875,26848000,$401,$404.79998779296875,$394.25
03/12/2026,$401.8599853515625,27263900,$404.6300048828125,$406.1199951171875,$401.7099914550781
03/11/2026,$404.8800048828125,25512100,$405.57000732421875,$409.010009765625,$401.5899963378906
03/10/2026,$405.760009765625,31706400,$410.0299987792969,$410.20001220703125,$402.92999267578125
03/09/2026,$409.4100036621094,30131900,$404.9200134277344,$410.2099914550781,$403.5
03/06/2026,$408.9599914550781,31123900,$409.20001220703125,$413.04998779296875,$408.510009765625
03/05/2026,$410.67999267578125,39001300,$404.4200134277344,$411.6099853515625,$404.3999938964844
03/04/2026,$405.20001220703125,35808000,$401.2699890136719,$411.0299987792969,$400.30999755859375
03/03/2026,$403.92999267578125,38199200,$393.1400146484375,$406.70001220703125,$392.6700134277344
03/02/2026,$398.54998779296875,35474900,$392.8599853515625,$401.19000244140625,$390.6300048828125
02/27/2026,$392.739990234375,51367200,$390.8800048828125,$396.82000732421875,$389.8800048828125
02/26/2026,$401.7200012207031,34405900,$404.7099914550781,$407.489990234375,$398.739990234375
02/25/2026,$400.6000061035156,43625500,$390.5299987792969,$401.4700012207031,$390.1600036621094
02/24/2026,$389,33884700,$384.1400146484375,$389.3599853515625,$381.7099914550781
02/23/2026,$384.4700012207031,43238300,$395,$395.3599853515625,$383.1000061035156
02/20/2026,$397.2300109863281,34015200,$396.1099853515625,$400.1199951171875,$395.1600036621094
02/19/2026,$398.4599914550781,28234000,$400.69000244140625,$404.42999267578125,$396.6700134277344
02/18/2026,$399.6000061035156,23223400,$398.1300048828125,$402.55999755859375,$396.32000732421875
02/17/2026,$396.8599853515625,32078800,$399.2200012207031,$400.5199890136719,$394.5299987792969
02/13/2026,$401.32000732421875,34091600,$404.45001220703125,$405.5400085449219,$398.04998779296875
02/12/2026,$401.8399963378906,40802400,$405,$406.20001220703125,$398.010009765625
02/11/2026,$404.3699951171875,42491000,$416.17999267578125,$416.4599914550781,$401.010009765625
02/10/2026,$413.2699890136719,44857900,$419.6199951171875,$423.67999267578125,$412.70001220703125
02/09/2026,$413.6000061035156,45480500,$404.8500061035156,$414.8900146484375,$400.8699951171875
02/06/2026,$401.1400146484375,53515300,$399.1700134277344,$401.7900085449219,$392.9200134277344
02/05/2026,$393.6700134277344,66289200,$407.44000244140625,$408.29998779296875,$392.32000732421875
02/04/2026,$414.19000244140625,45012400,$411,$419.79998779296875,$409.239990234375
02/03/2026,$411.2099914550781,61424100,$422.010009765625,$422.04998779296875,$408.55999755859375
02/02/2026,$423.3699951171875,42219900,$430.239990234375,$430.739990234375,$422.25
01/30/2026,$430.2900085449219,58566800,$439.1700134277344,$439.6000061035156,$426.45001220703125
01/29/2026,$433.5,128855300,$439.989990234375,$442.5,$421.0199890136719
01/28/2026,$481.6300048828125,36875400,$483.2099914550781,$483.739990234375,$478
01/27/2026,$480.5799865722656,29213900,$473.70001220703125,$482.8699951171875,$473.1600036621094
01/26/2026,$470.2799987792969,29291200,$465.30999755859375,$474.25,$462
01/23/2026,$465.95001220703125,38000200,$451.8699951171875,$471.1000061035156,$450.5299987792969
01/22/2026,$451.1400146484375,25349400,$447.6199951171875,$452.8399963378906,$444.70001220703125
01/21/2026,$444.1099853515625,37980500,$452.6000061035156,$452.69000244140625,$438.67999267578125
01/20/2026,$454.5199890136719,26130000,$451.2200012207031,$456.79998779296875,$449.2799987792969
01/16/2026,$459.8599853515625,34246700,$457.8299865722656,$463.19000244140625,$456.4800109863281
01/15/2026,$456.6600036621094,23225800,$464.1199951171875,$464.25,$455.8999938964844
01/14/2026,$459.3800048828125,28184300,$466.4599914550781,$468.20001220703125,$457.1700134277344
01/13/2026,$470.6700134277344,28545800,$474.67999267578125,$475.7799987792969,$465.95001220703125
01/12/2026,$477.17999267578125,23519900,$476.6700134277344,$480.989990234375,$475.67999267578125
01/09/2026,$479.2799987792969,18491000,$474.05999755859375,$479.82000732421875,$472.20001220703125
01/08/2026,$478.1099853515625,18162600,$481.239990234375,$482.6600036621094,$475.8599853515625
01/07/2026,$483.4700012207031,25564200,$479.760009765625,$489.70001220703125,$477.95001220703125
01/06/2026,$478.510009765625,23037700,$473.79998779296875,$478.739990234375,$469.75
01/05/2026,$472.8500061035156,25250300,$474.05999755859375,$476.07000732421875,$469.5
01/02/2026,$472.94000244140625,25571600,$484.3900146484375,$484.6600036621094,$470.1600036621094
12/31/2025,$483.6199951171875,15601600,$487.8399963378906,$488.1400146484375,$483.29998779296875
12/30/2025,$487.4800109863281,13944500,$485.92999267578125,$489.67999267578125,$485.5
12/29/2025,$487.1000061035156,10893400,$484.8599853515625,$488.3500061035156,$484.17999267578125
12/26/2025,$487.7099914550781,8842200,$486.7099914550781,$488.1199951171875,$485.9599914550781
12/24/2025,$488.0199890136719,5855900,$485.67999267578125,$489.1600036621094,$484.8299865722656
12/23/2025,$486.8500061035156,14683600,$484.9800109863281,$487.8299865722656,$484.739990234375
12/22/2025,$484.9200134277344,16963000,$486.1199951171875,$488.7300109863281,$482.69000244140625
12/19/2025,$485.9200134277344,70836100,$487.3599853515625,$487.8500061035156,$482.489990234375
12/18/2025,$483.9800109863281,28573500,$478.19000244140625,$489.6000061035156,$477.8900146484375
12/17/2025,$476.1199951171875,24527200,$476.9100036621094,$480,$475
12/16/2025,$476.3900146484375,20705600,$471.9100036621094,$477.8900146484375,$470.8800048828125
12/15/2025,$474.82000732421875,23727700,$480.1000061035156,$480.7200012207031,$472.5199890136719
12/12/2025,$478.5299987792969,21248100,$479.82000732421875,$482.45001220703125,$476.3399963378906
12/11/2025,$483.4700012207031,24669200,$476.6300048828125,$486.0299987792969,$475.8599853515625
12/10/2025,$478.55999755859375,35756200,$484.0299987792969,$484.25,$475.0799865722656
12/09/2025,$492.0199890136719,14696100,$489.1000061035156,$492.1199951171875,$488.5
12/08/2025,$491.0199890136719,21965900,$484.8900146484375,$492.29998779296875,$484.3800048828125
12/05/2025,$483.1600036621094,22608700,$482.5199890136719,$483.3999938964844,$478.8800048828125
12/04/2025,$480.8399963378906,22318200,$479.760009765625,$481.32000732421875,$476.489990234375
12/03/2025,$477.7300109863281,34615100,$476.32000732421875,$484.239990234375,$475.20001220703125
12/02/2025,$490,19562700,$486.7200012207031,$493.5,$486.32000732421875
12/01/2025,$486.739990234375,23964000,$488.44000244140625,$489.8599853515625,$484.6499938964844
11/28/2025,$492.010009765625,14386700,$487.6000061035156,$492.6300048828125,$486.6499938964844
11/26/2025,$485.5,25709100,$486.30999755859375,$488.30999755859375,$481.20001220703125
11/25/2025,$476.989990234375,28019800,$474.07000732421875,$479.1499938964844,$464.8900146484375
11/24/2025,$474,34421000,$475,$476.8999938964844,$468.0199890136719
11/21/2025,$472.1199951171875,31769200,$478.5,$478.9200134277344,$468.2699890136719
11/20/2025,$478.42999267578125,26802500,$492.7099914550781,$493.57000732421875,$475.5
11/19/2025,$487.1199951171875,23245300,$490.1000061035156,$495.19000244140625,$482.8299865722656
11/18/2025,$493.7900085449219,33815100,$495.3699951171875,$502.9800109863281,$486.7799987792969
11/17/2025,$507.489990234375,19092800,$508.45001220703125,$512.1199951171875,$504.9100036621094
11/14/2025,$510.17999267578125,28505700,$498.2300109863281,$511.6000061035156,$497.44000244140625
11/13/2025,$503.2900085449219,25273100,$510.30999755859375,$513.5,$501.2900085449219
11/12/2025,$511.1400146484375,26574900,$509.3599853515625,$511.6700134277344,$499.1199951171875
11/11/2025,$508.67999267578125,17980000,$504.79998779296875,$509.6000061035156,$502.3500061035156
11/10/2025,$506,26101500,$500.0400085449219,$506.8500061035156,$498.79998779296875
11/07/2025,$496.82000732421875,24019800,$496.95001220703125,$499.3800048828125,$493.25
11/06/2025,$497.1000061035156,27406500,$505.6600036621094,$505.70001220703125,$495.80999755859375
11/05/2025,$507.1600036621094,23024300,$513.2999877929688,$514.8300170898438,$506.5799865722656
11/04/2025,$514.3300170898438,20958700,$511.760009765625,$515.5499877929688,$507.8399963378906
11/03/2025,$517.030029296875,22374700,$519.8099975585938,$524.9600219726562,$514.5900268554688
10/31/2025,$517.8099975585938,34006400,$528.8800048828125,$529.3200073242188,$515.0999755859375
10/30/2025,$525.760009765625,41023100,$530.47998046875,$534.969970703125,$522.1199951171875
10/29/2025,$541.5499877929688,36023000,$544.9400024414062,$546.27001953125,$536.72998046875
10/28/2025,$542.0700073242188,29986700,$550,$553.719970703125,$540.77001953125
10/27/2025,$531.52001953125,18734700,$531.780029296875,$534.5800170898438,$529.010009765625
10/24/2025,$523.6099853515625,15532400,$522.7899780273438,$525.3499755859375,$520.7100219726562
10/23/2025,$520.5599975585938,14023500,$522.4600219726562,$523.9500122070312,$518.6099853515625
10/22/2025,$520.5399780273438,18962700,$521.1500244140625,$525.22998046875,$517.7100219726562
10/21/2025,$517.6599731445312,15586200,$517.5,$518.6900024414062,$513.0399780273438
10/20/2025,$516.7899780273438,14665600,$514.6099853515625,$518.7000122070312,$513.4299926757812
10/17/2025,$513.5800170898438,19867800,$509.0400085449219,$515.47998046875,$507.30999755859375
10/16/2025,$511.6099853515625,15559600,$512.5800170898438,$516.8499755859375,$508.1300048828125
10/15/2025,$513.4299926757812,14694700,$514.9600219726562,$517.1900024414062,$510
10/14/2025,$513.5700073242188,14684300,$510.2300109863281,$515.280029296875,$506
10/13/2025,$514.0499877929688,14284200,$516.4099731445312,$516.4099731445312,$511.67999267578125
10/10/2025,$510.9599914550781,24133800,$519.6400146484375,$523.5800170898438,$509.6300048828125
10/09/2025,$522.4000244140625,18343600,$522.3400268554688,$524.3300170898438,$517.4000244140625
10/08/2025,$524.8499755859375,13363400,$523.280029296875,$526.9500122070312,$523.0900268554688
10/07/2025,$523.97998046875,14615200,$528.2899780273438,$529.7999877929688,$521.4400024414062
10/06/2025,$528.5700073242188,21388600,$518.6099853515625,$531.030029296875,$518.2000122070312
10/03/2025,$517.3499755859375,15112300,$517.0999755859375,$520.489990234375,$515
10/02/2025,$515.739990234375,21222900,$517.6400146484375,$521.5999755859375,$510.67999267578125
10/01/2025,$519.7100219726562,22632300,$514.7999877929688,$520.510009765625,$511.69000244140625
09/30/2025,$517.9500122070312,19728200,$513.239990234375,$518.1599731445312,$509.6600036621094
09/29/2025,$514.5999755859375,17617800,$511.5,$516.8499755859375,$508.8800048828125
09/26/2025,$511.4599914550781,16213100,$510.05999755859375,$513.9400024414062,$506.6199951171875
09/25/2025,$507.0299987792969,15786500,$508.29998779296875,$510.010009765625,$505.0400085449219
09/24/2025,$510.1499938964844,13533700,$510.3800048828125,$512.47998046875,$506.9200134277344
09/23/2025,$509.2300109863281,19799600,$513.7999877929688,$514.5900268554688,$507.30999755859375
09/22/2025,$514.4500122070312,20009300,$515.5900268554688,$517.739990234375,$512.5399780273438
09/19/2025,$517.9299926757812,52474100,$510.55999755859375,$519.2999877929688,$510.30999755859375
09/18/2025,$508.45001220703125,18913700,$511.489990234375,$513.0700073242188,$507.6600036621094
09/17/2025,$510.0199890136719,15816600,$510.6199951171875,$511.2900085449219,$505.92999267578125
09/16/2025,$509.0400085449219,19711900,$516.8800048828125,$517.22998046875,$508.6000061035156
09/15/2025,$515.3599853515625,17143800,$508.7900085449219,$515.469970703125,$507
09/12/2025,$509.8999938964844,23624900,$506.6499938964844,$512.5499877929688,$503.8500061035156
09/11/2025,$501.010009765625,18881600,$502.25,$503.1700134277344,$497.8800048828125
09/10/2025,$500.3699951171875,21611800,$502.9800109863281,$503.2300109863281,$496.7200012207031
09/09/2025,$498.4100036621094,14410500,$501.42999267578125,$502.25,$497.70001220703125
09/08/2025,$498.20001220703125,16771000,$498.1099853515625,$501.20001220703125,$495.0299987792969
09/05/2025,$495,31994800,$509.07000732421875,$511.9700012207031,$492.3699951171875
09/04/2025,$507.9700012207031,15509500,$504.29998779296875,$508.1499938964844,$503.1499938964844
09/03/2025,$505.3500061035156,16345100,$503.7900085449219,$507.7900085449219,$502.32000732421875
09/02/2025,$505.1199951171875,18128000,$500.4700012207031,$506,$496.80999755859375
08/29/2025,$506.69000244140625,20961600,$508.6600036621094,$509.6000061035156,$504.489990234375
08/28/2025,$509.6400146484375,18015600,$507.0899963378906,$511.0899963378906,$505.5
08/27/2025,$506.739990234375,17277900,$502,$507.2900085449219,$499.8999938964844
08/26/2025,$502.0400085449219,30835700,$504.3599853515625,$504.9800109863281,$498.510009765625
08/25/2025,$504.260009765625,21638600,$506.6300048828125,$508.19000244140625,$504.1199951171875
08/22/2025,$507.2300109863281,24324200,$504.25,$510.7300109863281,$502.4100036621094
08/21/2025,$504.239990234375,18443300,$503.69000244140625,$507.6300048828125,$502.7200012207031
08/20/2025,$505.7200012207031,27723000,$509.8699951171875,$511,$504.44000244140625
08/19/2025,$509.7699890136719,21481000,$515,$515.1599731445312,$508.54998779296875
08/18/2025,$517.0999755859375,23760600,$521.5900268554688,$522.8200073242188,$514.02001953125
08/15/2025,$520.1699829101562,25213300,$522.77001953125,$526.0999755859375,$519.0800170898438
08/14/2025,$522.47998046875,20269100,$522.5599975585938,$525.9500122070312,$520.1400146484375
08/13/2025,$520.5800170898438,19619200,$532.1099853515625,$532.7000122070312,$519.3699951171875
08/12/2025,$529.239990234375,18667000,$523.75,$530.97998046875,$522.7000122070312
08/11/2025,$521.77001953125,20194400,$522.2999877929688,$527.5900268554688,$519.719970703125
08/08/2025,$522.0399780273438,15531000,$522.5999755859375,$524.6599731445312,$519.4099731445312
08/07/2025,$520.8400268554688,16079100,$526.7999877929688,$528.0900268554688,$517.5499877929688
08/06/2025,$524.9400024414062,21355700,$530.9000244140625,$531.7000122070312,$524.030029296875
08/05/2025,$527.75,19171600,$537.1799926757812,$537.2999877929688,$527.239990234375
08/04/2025,$535.6400146484375,25349000,$528.27001953125,$538.25,$528.1300048828125
08/01/2025,$524.1099853515625,28977600,$535,$535.7999877929688,$520.8599853515625
07/31/2025,$533.5,51617300,$555.22998046875,$555.4500122070312,$531.9000244140625
07/30/2025,$513.239990234375,26380400,$515.1699829101562,$515.9500122070312,$509.44000244140625
07/29/2025,$512.5700073242188,16469200,$515.530029296875,$517.6199951171875,$511.55999755859375
07/28/2025,$512.5,14308000,$514.0800170898438,$515,$510.1199951171875
07/25/2025,$513.7100219726562,19125700,$512.469970703125,$518.2899780273438,$510.3599853515625
07/24/2025,$510.8800048828125,16107000,$508.7699890136719,$513.6699829101562,$507.29998779296875
07/23/2025,$505.8699951171875,16396600,$506.75,$506.7900085449219,$500.70001220703125
07/22/2025,$505.2699890136719,13868600,$510.9700012207031,$511.20001220703125,$505.2699890136719
07/21/2025,$510.05999755859375,14066800,$506.7099914550781,$512.0900268554688,$505.54998779296875
07/18/2025,$510.04998779296875,21209700,$514.47998046875,$514.6400146484375,$507.42999267578125
07/17/2025,$511.70001220703125,17503100,$505.67999267578125,$513.3699951171875,$505.6199951171875
07/16/2025,$505.6199951171875,15154400,$505.17999267578125,$506.7200012207031,$501.8900146484375
07/15/2025,$505.82000732421875,14927200,$503.0199890136719,$508.29998779296875,$502.7900085449219
07/14/2025,$503.0199890136719,12058800,$501.5199890136719,$503.9700012207031,$501.0299987792969
07/11/2025,$503.32000732421875,16459500,$498.4700012207031,$505.0299987792969,$497.79998779296875
07/10/2025,$501.4800109863281,16492100,$503.04998779296875,$504.44000244140625,$497.75
07/09/2025,$503.510009765625,18659500,$500.29998779296875,$506.7799987792969,$499.739990234375
07/08/2025,$496.6199951171875,11846600,$497.239990234375,$498.20001220703125,$494.1099853515625
07/07/2025,$497.7200012207031,13981600,$497.3800048828125,$498.75,$495.2300109863281
07/03/2025,$498.8399963378906,13984800,$493.80999755859375,$500.1300048828125,$493.44000244140625
07/02/2025,$491.0899963378906,16319600,$489.989990234375,$493.5,$488.70001220703125
07/01/2025,$492.04998779296875,19945400,$496.4700012207031,$498.04998779296875,$490.9800109863281
06/30/2025,$497.4100036621094,28369000,$497.0400085449219,$500.760009765625,$495.3299865722656
06/27/2025,$495.94000244140625,34539200,$497.54998779296875,$499.29998779296875,$493.0299987792969
06/26/2025,$497.45001220703125,21578900,$492.9800109863281,$498.0400085449219,$492.80999755859375
06/25/2025,$492.2699890136719,17495100,$492.0400085449219,$494.55999755859375,$489.3900146484375
06/24/2025,$490.1099853515625,22305600,$488.95001220703125,$491.8500061035156,$486.79998779296875
06/23/2025,$486,24864000,$478.2099914550781,$487.75,$472.510009765625
06/20/2025,$477.3999938964844,37576200,$482.2300109863281,$483.4599914550781,$476.8699951171875
06/18/2025,$480.239990234375,17526500,$478,$481,$474.4599914550781
06/17/2025,$478.0400085449219,15414100,$475.3999938964844,$478.739990234375,$474.0799865722656
06/16/2025,$479.1400146484375,15626100,$475.2099914550781,$480.69000244140625,$475
06/13/2025,$474.9599914550781,16814500,$476.4100036621094,$479.17999267578125,$472.760009765625
06/12/2025,$478.8699951171875,18950600,$475.0199890136719,$480.4200134277344,$473.5199890136719
06/11/2025,$472.6199951171875,16399200,$470.0199890136719,$475.4700012207031,$469.6600036621094
06/10/2025,$470.9200134277344,15375900,$471.19000244140625,$472.79998779296875,$466.9599914550781
06/09/2025,$472.75,16469900,$469.70001220703125,$473.42999267578125,$468.6199951171875
06/06/2025,$470.3800048828125,15285600,$470.0899963378906,$473.3399963378906,$468.7799987792969
06/05/2025,$467.67999267578125,20131700,$464.9599914550781,$469.6499938964844,$464.0299987792969
06/04/2025,$463.8699951171875,14162700,$464,$465.69000244140625,$463.0199890136719
06/03/2025,$462.9700012207031,15743800,$461.4700012207031,$464.1400146484375,$460.8599853515625
06/02/2025,$461.9700012207031,16626500,$457.1400146484375,$462.1099853515625,$456.8900146484375
05/30/2025,$460.3599853515625,34770500,$459.7200012207031,$461.67999267578125,$455.5400085449219
05/29/2025,$458.67999267578125,13974800,$461.54998779296875,$461.7200012207031,$455.30999755859375
05/28/2025,$457.3599853515625,17086300,$461.2200012207031,$462.5199890136719,$456.92999267578125
05/27/2025,$460.69000244140625,20974300,$456.4800109863281,$460.95001220703125,$456.1199951171875
05/23/2025,$450.17999267578125,16883500,$449.9800109863281,$453.69000244140625,$448.9100036621094
05/22/2025,$454.8599853515625,18025600,$454.95001220703125,$460.25,$453.8999938964844
05/21/2025,$452.57000732421875,19216900,$454.57000732421875,$457.7799987792969,$451.80999755859375
05/20/2025,$458.1700134277344,15441800,$455.5899963378906,$458.3399963378906,$454.32000732421875
05/19/2025,$458.8699951171875,21336500,$450.8800048828125,$459.5899963378906,$450.79998779296875
05/16/2025,$454.2699890136719,23849800,$452.04998779296875,$454.3599853515625,$448.7300109863281
05/15/2025,$453.1300048828125,21992300,$450.7699890136719,$456.19000244140625,$450.42999267578125
05/14/2025,$452.94000244140625,19902800,$448.1400146484375,$453.8999938964844,$448.1400146484375
05/13/2025,$449.1400146484375,23618800,$447.7799987792969,$450.6700134277344,$445.3599853515625
05/12/2025,$449.260009765625,22821900,$445.94000244140625,$449.3699951171875,$439.7799987792969
05/09/2025,$438.7300109863281,15324200,$440,$440.739990234375,$435.8800048828125
05/08/2025,$438.1700134277344,23491300,$437.92999267578125,$443.6700134277344,$435.6600036621094
05/07/2025,$433.3500061035156,23295300,$433.8399963378906,$438.1199951171875,$431.1099853515625
05/06/2025,$433.30999755859375,15104200,$432.20001220703125,$437.7300109863281,$431.1700134277344
05/05/2025,$436.1700134277344,20136100,$432.8699951171875,$439.5,$432.1099853515625
05/02/2025,$435.2799987792969,30757400,$431.739990234375,$439.44000244140625,$429.989990234375
05/01/2025,$425.3999938964844,58938100,$431.1099853515625,$436.989990234375,$424.8999938964844
04/30/2025,$395.260009765625,36461100,$390.29998779296875,$396.6600036621094,$384.44000244140625
04/29/2025,$394.0400085449219,14974000,$391.29998779296875,$395.1000061035156,$390.3800048828125
04/28/2025,$391.1600036621094,16579400,$391.9599914550781,$392.739990234375,$386.6400146484375
04/25/2025,$391.8500061035156,18973200,$387,$392.1600036621094,$384.6000061035156
04/24/2025,$387.29998779296875,22232300,$375.70001220703125,$388.45001220703125,$375.19000244140625
04/23/2025,$374.3900146484375,20545500,$376.05999755859375,$380.3900146484375,$373.0199890136719
04/22/2025,$366.82000732421875,19485000,$363.3800048828125,$367.7699890136719,$359.8599853515625
04/21/2025,$359.1199951171875,20807300,$362.82000732421875,$364.4800109863281,$355.6700134277344
04/17/2025,$367.7799987792969,21120200,$373.75,$374.32000732421875,$366.8900146484375
04/16/2025,$371.6099853515625,21967800,$380.6700134277344,$381.6099853515625,$368
04/15/2025,$385.7300109863281,17199900,$388.510009765625,$391.8900146484375,$384.1600036621094
04/14/2025,$387.80999755859375,19251200,$393.2200012207031,$394.6499938964844,$384.2099914550781
04/11/2025,$388.45001220703125,23839200,$380.6400146484375,$390.04998779296875,$378.8900146484375
04/10/2025,$381.3500061035156,38024400,$382.05999755859375,$383.8999938964844,$367.79998779296875
04/09/2025,$390.489990234375,50199700,$353.5400085449219,$393.2300109863281,$353.1000061035156
04/08/2025,$354.55999755859375,35868900,$368.260009765625,$373.6499938964844,$350.25
04/07/2025,$357.8599853515625,50425000,$350.8800048828125,$371,$344.7900085449219
04/04/2025,$359.8399963378906,49209900,$364.1300048828125,$374.5899963378906,$359.4800109863281
04/03/2025,$373.1099853515625,30198000,$374.7900085449219,$377.4800109863281,$369.3500061035156
04/02/2025,$382.1400146484375,16092600,$377.9700012207031,$385.0799865722656,$376.6199951171875
04/01/2025,$382.19000244140625,19689500,$374.6499938964844,$382.8500061035156,$373.2300109863281
03/31/2025,$375.3900146484375,35184700,$372.5400085449219,$377.07000732421875,$367.239990234375
03/28/2025,$378.79998779296875,21632000,$388.0799865722656,$389.1300048828125,$376.92999267578125
03/27/2025,$390.5799865722656,13766800,$390.1300048828125,$392.239990234375,$387.3999938964844
03/26/2025,$389.9700012207031,16108400,$395,$395.30999755859375,$388.57000732421875
03/25/2025,$395.1600036621094,15775000,$393.9200134277344,$396.3599853515625,$392.6400146484375
03/24/2025,$393.0799865722656,21004500,$395.3999938964844,$395.3999938964844,$389.80999755859375
03/21/2025,$391.260009765625,39675900,$383.2200012207031,$391.739990234375,$382.79998779296875
03/20/2025,$386.8399963378906,18470500,$385.739990234375,$391.7900085449219,$383.2799987792969
03/19/2025,$387.82000732421875,19185500,$385.5299987792969,$389.67999267578125,$384
03/18/2025,$383.5199890136719,19486900,$387.07000732421875,$387.3699951171875,$381.1000061035156
03/17/2025,$388.70001220703125,22474300,$386.70001220703125,$392.7099914550781,$385.57000732421875
03/14/2025,$388.55999755859375,19952800,$379.7799987792969,$390.2300109863281,$379.510009765625
03/13/2025,$378.7699890136719,20473000,$383.1600036621094,$385.32000732421875,$377.45001220703125
03/12/2025,$383.2699890136719,24253600,$382.95001220703125,$385.2200012207031,$378.95001220703125
03/11/2025,$380.45001220703125,30380200,$379,$386,$376.9100036621094
03/10/2025,$380.1600036621094,32840100,$385.8399963378906,$386.3999938964844,$377.2200012207031
03/07/2025,$393.30999755859375,22034100,$392.32000732421875,$394.79998779296875,$385.5400085449219
03/06/2025,$396.8900146484375,23304600,$394.2799987792969,$402.1499938964844,$392.67999267578125
03/05/2025,$401.0199890136719,23433100,$389.3399963378906,$401.6700134277344,$388.80999755859375
03/04/2025,$388.6099853515625,29342900,$383.3999938964844,$392.5799865722656,$381
03/03/2025,$388.489990234375,23007700,$398.82000732421875,$398.82000732421875,$386.1600036621094
02/28/2025,$396.989990234375,32845700,$392.6600036621094,$397.6300048828125,$386.57000732421875
02/27/2025,$392.5299987792969,21127400,$401.2699890136719,$405.739990234375,$392.1700134277344
02/26/2025,$399.7300109863281,19619000,$398.010009765625,$403.6000061035156,$394.25
02/25/2025,$397.8999938964844,29387400,$401.1000061035156,$401.9200134277344,$396.70001220703125
02/24/2025,$404,26443700,$408.510009765625,$409.3699951171875,$399.32000732421875
02/21/2025,$408.2099914550781,27524800,$417.3399963378906,$418.04998779296875,$407.8900146484375
02/20/2025,$416.1300048828125,23508700,$415.2900085449219,$419.30999755859375,$412.5400085449219
02/19/2025,$414.7699890136719,24114200,$407.8800048828125,$415.489990234375,$407.6499938964844
02/18/2025,$409.6400146484375,21423100,$408,$410.6000061035156,$406.5
02/14/2025,$408.42999267578125,22758500,$407.7900085449219,$408.9100036621094,$405.8800048828125
02/13/2025,$410.5400085449219,23891700,$407,$411,$406.3599853515625
02/12/2025,$409.0400085449219,19121700,$407.2099914550781,$410.75,$404.3699951171875
02/11/2025,$411.44000244140625,18140600,$409.6400146484375,$412.489990234375,$409.29998779296875
02/10/2025,$412.2200012207031,20817900,$413.7099914550781,$415.4599914550781,$410.9200134277344
02/07/2025,$409.75,22886800,$416.4800109863281,$418.6499938964844,$408.1000061035156
02/06/2025,$415.82000732421875,16309800,$414,$418.20001220703125,$414
02/05/2025,$413.2900085449219,16316700,$412.3500061035156,$413.8299865722656,$410.3999938964844
02/04/2025,$412.3699951171875,20532100,$412.69000244140625,$413.9200134277344,$409.739990234375
02/03/2025,$410.9200134277344,25679100,$411.6000061035156,$415.4100036621094,$408.6600036621094
01/31/2025,$415.05999755859375,34161900,$418.9800109863281,$420.69000244140625,$414.9100036621094
01/30/2025,$414.989990234375,54586300,$418.7699890136719,$422.8599853515625,$413.1600036621094
01/29/2025,$442.3299865722656,23581400,$446.69000244140625,$446.8800048828125,$440.3999938964844
01/28/2025,$447.20001220703125,23491700,$434.6000061035156,$448.3800048828125,$431.3800048828125
01/27/2025,$434.55999755859375,35647800,$424.010009765625,$435.20001220703125,$423.5
01/24/2025,$444.05999755859375,15549500,$445.1600036621094,$446.6499938964844,$441.3999938964844
01/23/2025,$446.7099914550781,18389300,$442,$446.75,$441.5
01/22/2025,$446.20001220703125,27803800,$437.55999755859375,$447.2699890136719,$436
01/21/2025,$428.5,26085700,$430.20001220703125,$430.8999938964844,$425.6000061035156
01/17/2025,$429.0299987792969,26197500,$434.0899963378906,$434.4800109863281,$428.1700134277344
01/16/2025,$424.5799865722656,15300000,$428.70001220703125,$429.489990234375,$424.3900146484375
01/15/2025,$426.30999755859375,19637800,$419.1300048828125,$428.1499938964844,$418.2699890136719
01/14/2025,$415.6700134277344,16935900,$417.80999755859375,$419.739990234375,$410.7200012207031
01/13/2025,$417.19000244140625,17604800,$415.239990234375,$418.5,$412.2900085449219
01/10/2025,$418.95001220703125,20201100,$424.6300048828125,$424.7099914550781,$415.0199890136719
01/08/2025,$424.55999755859375,15054600,$423.4599914550781,$426.9700012207031,$421.5400085449219
01/07/2025,$422.3699951171875,18139100,$429,$430.6499938964844,$420.79998779296875
01/06/2025,$427.8500061035156,20573600,$428,$434.32000732421875,$425.4800109863281
01/03/2025,$423.3500061035156,16662900,$421.0799865722656,$424.0299987792969,$419.5400085449219
01/02/2025,$418.5799865722656,16896500,$425.5299987792969,$426.07000732421875,$414.8500061035156
12/31/2024,$421.5,13246500,$426.1000061035156,$426.7300109863281,$420.6600036621094
12/30/2024,$424.8299865722656,13158700,$426.05999755859375,$427.54998779296875,$421.8999938964844
12/27/2024,$430.5299987792969,18117700,$434.6000061035156,$435.2200012207031,$426.3500061035156
12/26/2024,$438.1099853515625,8194200,$439.0799865722656,$440.94000244140625,$436.6300048828125
12/24/2024,$439.3299865722656,7164500,$434.6499938964844,$439.6000061035156,$434.19000244140625
12/23/2024,$435.25,19152500,$436.739990234375,$437.6499938964844,$432.8299865722656
12/20/2024,$436.6000061035156,64263700,$433.1099853515625,$443.739990234375,$428.6300048828125
12/19/2024,$437.0299987792969,22963700,$441.6199951171875,$443.17999267578125,$436.32000732421875
12/18/2024,$437.3900146484375,24444500,$451.32000732421875,$452.6499938964844,$437.0199890136719
12/17/2024,$454.4599914550781,22733500,$451.010009765625,$455.2900085449219,$449.57000732421875
12/16/2024,$451.5899963378906,23598800,$447.2699890136719,$452.17999267578125,$445.2799987792969
12/13/2024,$447.2699890136719,20177800,$448.44000244140625,$451.42999267578125,$445.5799865722656
12/12/2024,$449.55999755859375,20834800,$449.1099853515625,$456.1600036621094,$449.1099853515625
12/11/2024,$448.989990234375,19200200,$444.04998779296875,$450.3500061035156,$444.04998779296875
12/10/2024,$443.3299865722656,18469500,$444.3900146484375,$449.6199951171875,$441.6000061035156
12/09/2024,$446.0199890136719,19144400,$442.6000061035156,$448.3299865722656,$440.5
12/06/2024,$443.57000732421875,18821000,$442.29998779296875,$446.1000061035156,$441.7699890136719
12/05/2024,$442.6199951171875,21697800,$437.9200134277344,$444.6600036621094,$436.1700134277344
12/04/2024,$437.4200134277344,26009400,$433.0299987792969,$439.6700134277344,$432.6300048828125
12/03/2024,$431.20001220703125,18302000,$429.8399963378906,$432.4700012207031,$427.739990234375
12/02/2024,$430.9800109863281,20207200,$421.57000732421875,$433,$421.30999755859375
11/29/2024,$423.4599914550781,16271900,$420.0899963378906,$424.8800048828125,$417.79998779296875
11/27/2024,$422.989990234375,18332400,$425.1099853515625,$427.2300109863281,$422.0199890136719
11/26/2024,$427.989990234375,23458900,$419.5899963378906,$429.0400085449219,$418.8500061035156
11/25/2024,$418.7900085449219,27691100,$418.3800048828125,$421.0799865722656,$414.8500061035156
11/22/2024,$417,24814600,$411.3699951171875,$417.3999938964844,$411.05999755859375
11/21/2024,$412.8699951171875,20780200,$419.5,$419.7799987792969,$410.2900085449219
11/20/2024,$415.489990234375,19191700,$416.8699951171875,$417.2900085449219,$410.5799865722656
11/19/2024,$417.7900085449219,18133500,$413.1099853515625,$417.94000244140625,$411.54998779296875
11/18/2024,$415.760009765625,24727000,$414.8699951171875,$418.3999938964844,$412.1000061035156
11/15/2024,$415,28247600,$419.82000732421875,$422.79998779296875,$413.6400146484375
11/14/2024,$426.8900146484375,30246900,$425,$428.1700134277344,$420
11/13/2024,$425.20001220703125,21502200,$421.6400146484375,$429.3299865722656,$418.2099914550781
11/12/2024,$423.0299987792969,19401200,$418.25,$424.44000244140625,$417.20001220703125
11/11/2024,$418.010009765625,24503300,$422.5199890136719,$424.80999755859375,$416
11/08/2024,$422.5400085449219,16891400,$425.32000732421875,$426.5,$421.7799987792969
11/07/2024,$425.42999267578125,19901800,$421.2799987792969,$426.8500061035156,$419.8800048828125
11/06/2024,$420.17999267578125,26681800,$412.4200134277344,$420.45001220703125,$410.5199890136719
11/05/2024,$411.4599914550781,17626000,$408.3699951171875,$414.8999938964844,$408.0799865722656
11/04/2024,$408.4599914550781,19672300,$409.79998779296875,$410.4200134277344,$405.57000732421875
11/01/2024,$410.3699951171875,24230400,$409.010009765625,$415.5,$407.5
10/31/2024,$406.3500061035156,53971000,$415.3599853515625,$416.1600036621094,$406.29998779296875
10/30/2024,$432.5299987792969,29749100,$437.44000244140625,$438.5,$432.1000061035156
10/29/2024,$431.95001220703125,17644100,$428,$433.1700134277344,$425.79998779296875
10/28/2024,$426.5899963378906,14882400,$431.6600036621094,$431.94000244140625,$426.29998779296875
10/25/2024,$428.1499938964844,16899100,$426.760009765625,$432.5199890136719,$426.57000732421875
10/24/2024,$424.7300109863281,13581600,$425.3299865722656,$425.9800109863281,$422.3999938964844
10/23/2024,$424.6000061035156,19654400,$430.8599853515625,$431.0799865722656,$422.5299987792969
10/22/2024,$427.510009765625,25482200,$418.489990234375,$430.5799865722656,$418.0400085449219
10/21/2024,$418.7799987792969,14206100,$416.1199951171875,$418.9599914550781,$413.75
10/18/2024,$418.1600036621094,17145300,$417.1400146484375,$419.6499938964844,$416.260009765625
10/17/2024,$416.7200012207031,14820000,$422.3599853515625,$422.5,$415.5899963378906
10/16/2024,$416.1199951171875,15508900,$415.1700134277344,$416.3599853515625,$410.4800109863281
10/15/2024,$418.739990234375,18900200,$422.17999267578125,$422.4800109863281,$415.260009765625
10/14/2024,$419.1400146484375,16653100,$417.7699890136719,$424.0400085449219,$417.5199890136719
10/11/2024,$416.32000732421875,14144900,$416.1400146484375,$417.1300048828125,$413.25
10/10/2024,$415.8399963378906,13848400,$415.2300109863281,$417.3500061035156,$413.1499938964844
10/09/2024,$417.4599914550781,14974300,$415.8599853515625,$420.3800048828125,$414.29998779296875
10/08/2024,$414.7099914550781,19229300,$410.8999938964844,$415.6600036621094,$408.1700134277344
10/07/2024,$409.5400085449219,20919800,$416,$417.1099853515625,$409
10/04/2024,$416.05999755859375,19169700,$418.239990234375,$419.75,$414.9700012207031
10/03/2024,$416.5400085449219,13686400,$417.6300048828125,$419.54998779296875,$414.2900085449219
10/02/2024,$417.1300048828125,16582300,$422.5799865722656,$422.82000732421875,$416.7099914550781
10/01/2024,$420.69000244140625,19092900,$428.45001220703125,$428.4800109863281,$418.80999755859375
09/30/2024,$430.29998779296875,16807300,$428.2099914550781,$430.4200134277344,$425.3699951171875
09/27/2024,$428.0199890136719,14896100,$431.5199890136719,$431.8500061035156,$427.4700012207031
09/26/2024,$431.30999755859375,14492000,$435.0899963378906,$435.29998779296875,$429.1300048828125
09/25/2024,$432.1099853515625,13396400,$429.8299865722656,$433.1199951171875,$428.57000732421875
09/24/2024,$429.1700134277344,17015800,$433,$433.3500061035156,$426.1000061035156
09/23/2024,$433.510009765625,15128900,$434.2799987792969,$436.4599914550781,$430.3900146484375
09/20/2024,$435.2699890136719,55167100,$437.2200012207031,$439.239990234375,$434.2200012207031
09/19/2024,$438.69000244140625,21706600,$441.2300109863281,$441.5,$436.8999938964844
09/18/2024,$430.80999755859375,18898000,$435,$436.0299987792969,$430.4100036621094
09/17/2024,$435.1499938964844,18874200,$440.2300109863281,$441.8500061035156,$432.2699890136719
09/16/2024,$431.3399963378906,13834700,$430.6000061035156,$433.5299987792969,$428.2200012207031
09/13/2024,$430.5899963378906,15874600,$425.8299865722656,$431.8299865722656,$425.4599914550781
09/12/2024,$427,17395700,$423.30999755859375,$427.3699951171875,$419.75
09/11/2024,$423.0400085449219,19266900,$415.5,$423.989990234375,$409.5799865722656
09/10/2024,$414.20001220703125,19594300,$408.20001220703125,$416.3299865722656,$407.70001220703125
09/09/2024,$405.7200012207031,15295100,$407.239990234375,$408.6499938964844,$402.1499938964844
09/06/2024,$401.70001220703125,19609500,$409.05999755859375,$410.6499938964844,$400.79998779296875
09/05/2024,$408.3900146484375,14195500,$407.6199951171875,$413.1000061035156,$406.1300048828125
09/04/2024,$408.8999938964844,15135800,$405.9100036621094,$411.239990234375,$404.3699951171875
09/03/2024,$409.44000244140625,20313600,$417.9100036621094,$419.8800048828125,$407.0299987792969
08/30/2024,$417.1400146484375,24308300,$415.6000061035156,$417.489990234375,$412.1300048828125
08/29/2024,$413.1199951171875,17045200,$414.94000244140625,$422.04998779296875,$410.6000061035156
08/28/2024,$410.6000061035156,14882700,$414.8800048828125,$415,$407.30999755859375
08/27/2024,$413.8399963378906,13492900,$412.8599853515625,$414.3599853515625,$410.25
08/26/2024,$413.489990234375,13152800,$416.3699951171875,$417.2799987792969,$411.3399963378906
08/23/2024,$416.7900085449219,18493800,$416.9800109863281,$419.260009765625,$412.0899963378906
08/22/2024,$415.54998779296875,19361900,$424.3599853515625,$426.7900085449219,$414.6099853515625
08/21/2024,$424.1400146484375,16067300,$424.0799865722656,$426.3999938964844,$421.7200012207031
08/20/2024,$424.79998779296875,16387600,$421.70001220703125,$425.8599853515625,$421.6400146484375
08/19/2024,$421.5299987792969,15234000,$418.9599914550781,$421.75,$416.4599914550781
08/16/2024,$418.4700012207031,22775600,$420.6000061035156,$421.3399963378906,$417.29998779296875
08/15/2024,$421.0299987792969,20752100,$419.79998779296875,$421.1099853515625,$417.6600036621094
08/14/2024,$416.8599853515625,18267000,$414.79998779296875,$417.7200012207031,$412.45001220703125
08/13/2024,$414.010009765625,19414300,$409.5899963378906,$414.95001220703125,$409.57000732421875
08/12/2024,$406.80999755859375,16762900,$407.05999755859375,$408.760009765625,$404.239990234375
08/09/2024,$406.0199890136719,19276700,$404.0299987792969,$408.04998779296875,$402.260009765625
08/08/2024,$402.69000244140625,20203000,$402.44000244140625,$405.8599853515625,$399.94000244140625
08/07/2024,$398.42999267578125,20650900,$408.6400146484375,$410.0799865722656,$397.4700012207031
08/06/2024,$399.6099853515625,24946500,$400,$405.6700134277344,$398.5
08/05/2024,$395.1499938964844,40709200,$389.1700134277344,$401.0400085449219,$385.5799865722656
08/02/2024,$408.489990234375,29437900,$412.489990234375,$415,$404.3399963378906
08/01/2024,$417.1099853515625,30296400,$420.7900085449219,$427.4599914550781,$413.0899963378906
07/31/2024,$418.3500061035156,42891400,$420.5,$421.7799987792969,$412.2099914550781
07/30/2024,$422.9200134277344,32687600,$427.7200012207031,$429.04998779296875,$417.3599853515625
07/29/2024,$426.7300109863281,15125800,$431.5799865722656,$432.1499938964844,$424.70001220703125
07/26/2024,$425.2699890136719,23583800,$418.20001220703125,$428.9200134277344,$417.2699890136719
07/25/2024,$418.3999938964844,29943800,$428.79998779296875,$429.79998779296875,$417.510009765625
07/24/2024,$428.8999938964844,26805800,$440.45001220703125,$441.4800109863281,$427.5899963378906
07/23/2024,$444.8500061035156,13107100,$443.8999938964844,$448.3900146484375,$443.1000061035156
07/22/2024,$442.94000244140625,15808800,$441.7900085449219,$444.6000061035156,$438.9100036621094
07/19/2024,$437.1099853515625,20940400,$433.1000061035156,$441.1400146484375,$432
07/18/2024,$440.3699951171875,20794800,$444.3399963378906,$444.6499938964844,$434.3999938964844
07/17/2024,$443.5199890136719,21778000,$442.5899963378906,$444.8500061035156,$439.17999267578125
07/16/2024,$449.5199890136719,17175700,$454.2200012207031,$454.29998779296875,$446.6600036621094
07/15/2024,$453.9599914550781,14429400,$453.29998779296875,$457.260009765625,$451.42999267578125
07/12/2024,$453.54998779296875,16324300,$454.3299865722656,$456.3599853515625,$450.6499938964844
07/11/2024,$454.70001220703125,23111200,$462.9800109863281,$464.7799987792969,$451.54998779296875
07/10/2024,$466.25,18196100,$461.2200012207031,$466.4599914550781,$458.8599853515625
07/09/2024,$459.5400085449219,17207200,$467,$467.3299865722656,$458
07/08/2024,$466.239990234375,12962300,$466.54998779296875,$467.70001220703125,$464.4599914550781
07/05/2024,$467.55999755859375,16000300,$459.6099853515625,$468.3500061035156,$458.9700012207031
07/03/2024,$460.7699890136719,9932800,$458.19000244140625,$461.0199890136719,$457.8800048828125
07/02/2024,$459.2799987792969,13979800,$453.20001220703125,$459.5899963378906,$453.1099853515625
07/01/2024,$456.7300109863281,17662800,$448.6600036621094,$457.3699951171875,$445.6600036621094
06/28/2024,$446.95001220703125,28362300,$453.07000732421875,$455.3800048828125,$446.4100036621094
06/27/2024,$452.8500061035156,14806300,$452.17999267578125,$456.1700134277344,$451.7699890136719
06/26/2024,$452.1600036621094,16507000,$449,$453.6000061035156,$448.19000244140625
06/25/2024,$450.95001220703125,16413400,$448.25,$451.4200134277344,$446.75
06/24/2024,$447.6700134277344,15913700,$449.79998779296875,$452.75,$446.4100036621094
06/21/2024,$449.7799987792969,34187100,$447.3800048828125,$450.5799865722656,$446.510009765625
06/20/2024,$445.70001220703125,19877400,$446.29998779296875,$446.5299987792969,$441.2699890136719
06/18/2024,$446.3399963378906,17112500,$449.7099914550781,$450.1400146484375,$444.8900146484375
06/17/2024,$448.3699951171875,20790000,$442.5899963378906,$450.94000244140625,$440.7200012207031
06/14/2024,$442.57000732421875,13582000,$438.2799987792969,$443.1400146484375,$436.7200012207031
06/13/2024,$441.5799865722656,15960600,$440.8500061035156,$443.3900146484375,$439.3699951171875
06/12/2024,$441.05999755859375,22366200,$435.32000732421875,$443.3999938964844,$433.25
06/11/2024,$432.67999267578125,14551100,$425.4800109863281,$432.82000732421875,$425.25
06/10/2024,$427.8699951171875,13982900,$424.70001220703125,$428.0799865722656,$423.8900146484375
06/07/2024,$423.8500061035156,13621700,$426.20001220703125,$426.2799987792969,$423
06/06/2024,$424.5199890136719,14861300,$424.010009765625,$425.30999755859375,$420.5799865722656
06/05/2024,$424.010009765625,16988000,$417.80999755859375,$424.0799865722656,$416.29998779296875
06/04/2024,$416.07000732421875,14348900,$412.42999267578125,$416.44000244140625,$409.67999267578125
06/03/2024,$413.5199890136719,17484700,$415.5299987792969,$416.42999267578125,$408.9200134277344
05/31/2024,$415.1300048828125,47995300,$416.75,$416.75,$404.510009765625
05/30/2024,$414.6700134277344,28394500,$424.29998779296875,$424.29998779296875,$414.239990234375
05/29/2024,$429.1700134277344,15517100,$425.69000244140625,$430.94000244140625,$425.69000244140625
05/28/2024,$430.32000732421875,15718000,$429.6300048828125,$430.82000732421875,$426.6000061035156
05/24/2024,$430.1600036621094,11855300,$427.19000244140625,$431.05999755859375,$424.4100036621094
05/23/2024,$427,17211700,$432.9700012207031,$433.6000061035156,$425.4200134277344
05/22/2024,$430.5199890136719,18073700,$430.0899963378906,$432.4100036621094,$427.1300048828125
05/21/2024,$429.0400085449219,21453300,$426.8299865722656,$432.9700012207031,$424.8500061035156
05/20/2024,$425.3399963378906,16272100,$420.2099914550781,$426.7699890136719,$419.989990234375
05/17/2024,$420.2099914550781,15352200,$422.5400085449219,$422.9200134277344,$418.0299987792969
05/16/2024,$420.989990234375,17530100,$421.79998779296875,$425.4200134277344,$420.3500061035156
05/15/2024,$423.0799865722656,22239500,$417.8999938964844,$423.80999755859375,$417.2699890136719
05/14/2024,$416.55999755859375,15109300,$412.0199890136719,$417.489990234375,$411.54998779296875
05/13/2024,$413.7200012207031,15440200,$418.010009765625,$418.3500061035156,$410.82000732421875
05/10/2024,$414.739990234375,13402300,$412.94000244140625,$415.3800048828125,$411.79998779296875
05/09/2024,$412.32000732421875,14689700,$410.57000732421875,$412.7200012207031,$409.1000061035156
05/08/2024,$410.5400085449219,11792300,$408.1700134277344,$412.2300109863281,$406.7099914550781
05/07/2024,$409.3399963378906,20018200,$414.6600036621094,$414.6700134277344,$409.0899963378906
05/06/2024,$413.5400085449219,16996600,$408.760009765625,$413.92999267578125,$406.3699951171875
05/03/2024,$406.6600036621094,17446700,$402.2799987792969,$407.1499938964844,$401.8599853515625
05/02/2024,$397.8399963378906,17709400,$397.6600036621094,$399.92999267578125,$394.6499938964844
05/01/2024,$394.94000244140625,23562500,$392.6099853515625,$401.7200012207031,$390.30999755859375
04/30/2024,$389.3299865722656,28781400,$401.489990234375,$402.1600036621094,$389.1700134277344
04/29/2024,$402.25,19582100,$405.25,$406.32000732421875,$399.19000244140625
04/26/2024,$406.32000732421875,29694700,$412.1700134277344,$413,$405.760009765625
04/25/2024,$399.0400085449219,40586500,$394.0299987792969,$399.8900146484375,$388.0299987792969
04/24/2024,$409.05999755859375,15065300,$409.55999755859375,$412.4700012207031,$406.7799987792969
04/23/2024,$407.57000732421875,15734500,$404.239990234375,$408.20001220703125,$403.05999755859375
04/22/2024,$400.9599914550781,20286900,$400.0799865722656,$402.8500061035156,$395.75
04/19/2024,$399.1199951171875,30565800,$404.0299987792969,$405.4800109863281,$397.7699890136719
04/18/2024,$404.2699890136719,21029900,$410.6300048828125,$411.8900146484375,$403.95001220703125
04/17/2024,$411.8399963378906,15855500,$417.25,$418.8800048828125,$410.3299865722656
04/16/2024,$414.5799865722656,16765600,$414.57000732421875,$418.3999938964844,$413.7300109863281
04/15/2024,$413.6400146484375,20273500,$426.6000061035156,$426.82000732421875,$413.42999267578125
04/12/2024,$421.8999938964844,19253800,$424.04998779296875,$425.17999267578125,$419.7699890136719
04/11/2024,$427.92999267578125,17966400,$425.82000732421875,$429.3699951171875,$422.3599853515625
04/10/2024,$423.260009765625,16216600,$422.19000244140625,$424.0299987792969,$419.70001220703125
04/09/2024,$426.2799987792969,12496900,$426.44000244140625,$427.739990234375,$421.6199951171875
04/08/2024,$424.5899963378906,14272400,$425.1700134277344,$427.2799987792969,$423.29998779296875
04/05/2024,$425.5199890136719,16554800,$420.010009765625,$426.510009765625,$418.32000732421875
04/04/2024,$417.8800048828125,19370900,$424.989990234375,$428.6700134277344,$417.57000732421875
04/03/2024,$420.45001220703125,16502300,$419.7300109863281,$423.260009765625,$419.0899963378906
04/02/2024,$421.44000244140625,17912000,$420.1099853515625,$422.3800048828125,$417.8399963378906
04/01/2024,$424.57000732421875,16316000,$423.95001220703125,$427.8900146484375,$422.2200012207031
03/28/2024,$420.7200012207031,21871200,$420.9599914550781,$421.8699951171875,$419.1199951171875
03/27/2024,$421.42999267578125,16705000,$424.44000244140625,$424.45001220703125,$419.010009765625
03/26/2024,$421.6499938964844,16725600,$425.6099853515625,$425.989990234375,$421.3500061035156
03/25/2024,$422.8599853515625,18060500,$425.239990234375,$427.4100036621094,$421.6099853515625
03/22/2024,$428.739990234375,17648500,$429.70001220703125,$429.8599853515625,$426.07000732421875
03/21/2024,$429.3699951171875,21296200,$429.8299865722656,$430.82000732421875,$427.1600036621094
03/20/2024,$425.2300109863281,17860100,$422,$425.9599914550781,$420.6600036621094
03/19/2024,$421.4100036621094,19837900,$417.8299865722656,$421.6700134277344,$415.54998779296875
03/18/2024,$417.32000732421875,20106000,$414.25,$420.7300109863281,$413.7799987792969
03/15/2024,$416.4200134277344,45079900,$419.2900085449219,$422.6000061035156,$412.7900085449219
03/14/2024,$425.2200012207031,34157300,$420.239990234375,$427.82000732421875,$417.989990234375
03/13/2024,$415.1000061035156,17115900,$418.1000061035156,$418.17999267578125,$411.45001220703125
03/12/2024,$415.2799987792969,22457000,$407.6199951171875,$415.57000732421875,$406.7900085449219
03/11/2024,$404.5199890136719,16120800,$403.760009765625,$405.67999267578125,$401.260009765625
03/08/2024,$406.2200012207031,18002200,$407.9599914550781,$410.4200134277344,$404.3299865722656
03/07/2024,$409.1400146484375,18718500,$406.1199951171875,$409.7799987792969,$402.239990234375
03/06/2024,$402.0899963378906,22344100,$402.9700012207031,$405.1600036621094,$398.3900146484375
03/05/2024,$402.6499938964844,26919200,$413.9599914550781,$414.25,$400.6400146484375
03/04/2024,$414.9200134277344,17596000,$413.44000244140625,$417.3500061035156,$412.32000732421875
03/01/2024,$415.5,17823400,$411.2699890136719,$415.8699951171875,$410.8800048828125
02/29/2024,$413.6400146484375,31947300,$408.6400146484375,$414.20001220703125,$405.9200134277344
02/28/2024,$407.7200012207031,13183100,$408.17999267578125,$409.29998779296875,$405.32000732421875
02/27/2024,$407.4800109863281,14835800,$407.989990234375,$408.32000732421875,$403.8500061035156
02/26/2024,$407.5400085449219,16193500,$411.4599914550781,$412.1600036621094,$407.3599853515625
02/23/2024,$410.3399963378906,16295900,$415.6700134277344,$415.8599853515625,$408.9700012207031
02/22/2024,$411.6499938964844,27009900,$410.19000244140625,$412.8299865722656,$408.57000732421875
02/21/2024,$402.17999267578125,18518900,$400.1700134277344,$402.2900085449219,$397.2200012207031
02/20/2024,$402.7900085449219,24307900,$403.239990234375,$404.489990234375,$398.010009765625
02/16/2024,$404.05999755859375,22296500,$407.9599914550781,$408.2900085449219,$403.44000244140625
02/15/2024,$406.55999755859375,21825500,$408.1400146484375,$409.1300048828125,$404.2900085449219
02/14/2024,$409.489990234375,20401200,$408.07000732421875,$409.8399963378906,$404.57000732421875
02/13/2024,$406.32000732421875,27824900,$404.94000244140625,$410.07000732421875,$403.3900146484375
02/12/2024,$415.260009765625,21202900,$420.55999755859375,$420.739990234375,$414.75
02/09/2024,$420.54998779296875,22032800,$415.25,$420.82000732421875,$415.0899963378906
02/08/2024,$414.1099853515625,21225300,$414.04998779296875,$415.55999755859375,$412.5299987792969
02/07/2024,$414.04998779296875,22340500,$407.44000244140625,$414.29998779296875,$407.3999938964844
02/06/2024,$405.489990234375,18382600,$405.8800048828125,$407.9700012207031,$402.9100036621094
02/05/2024,$405.6499938964844,25352300,$409.8999938964844,$411.1600036621094,$403.989990234375
02/02/2024,$411.2200012207031,28256700,$403.80999755859375,$412.6499938964844,$403.55999755859375
02/01/2024,$403.7799987792969,30657700,$401.8299865722656,$408,$401.79998779296875
01/31/2024,$397.5799865722656,47871100,$406.9599914550781,$415.32000732421875,$397.2099914550781
01/30/2024,$408.5899963378906,33477600,$412.260009765625,$413.04998779296875,$406.45001220703125
01/29/2024,$409.7200012207031,24510200,$406.05999755859375,$409.9800109863281,$404.3299865722656
01/26/2024,$403.92999267578125,17803300,$404.3699951171875,$406.1700134277344,$402.42999267578125
01/25/2024,$404.8699951171875,21021200,$404.32000732421875,$407.010009765625,$402.5299987792969
01/24/2024,$402.55999755859375,24867000,$401.5400085449219,$405.6300048828125,$400.45001220703125
01/23/2024,$398.8999938964844,20525900,$395.75,$399.3800048828125,$393.92999267578125
01/22/2024,$396.510009765625,27016900,$400.0199890136719,$400.6199951171875,$393.5899963378906
01/19/2024,$398.6700134277344,29331100,$395.760009765625,$398.6700134277344,$393.5
01/18/2024,$393.8699951171875,23392100,$391.7200012207031,$393.989990234375,$390.1199951171875
01/17/2024,$389.4700012207031,22234100,$387.9800109863281,$390.1099853515625,$384.80999755859375
01/16/2024,$390.2699890136719,27202300,$393.6600036621094,$394.0299987792969,$387.6199951171875
01/12/2024,$388.4700012207031,21661200,$385.489990234375,$388.67999267578125,$384.6499938964844
01/11/2024,$384.6300048828125,27850800,$386,$390.67999267578125,$380.3800048828125
01/10/2024,$382.7699890136719,25514200,$376.3699951171875,$384.1700134277344,$376.32000732421875
01/09/2024,$375.7900085449219,20830000,$372.010009765625,$375.989990234375,$371.19000244140625
01/08/2024,$374.69000244140625,23134000,$369.29998779296875,$375.20001220703125,$369.010009765625
01/05/2024,$367.75,21004600,$368.9700012207031,$372.05999755859375,$366.5
01/04/2024,$367.94000244140625,20901500,$370.6700134277344,$373.1000061035156,$367.1700134277344
01/03/2024,$370.6000061035156,23083500,$369.010009765625,$373.260009765625,$368.510009765625
01/02/2024,$370.8699951171875,25258600,$373.8599853515625,$375.8999938964844,$366.7699890136719
12/29/2023,$376.0400085449219,18730800,$376,$377.1600036621094,$373.4800109863281
12/28/2023,$375.2799987792969,14327000,$375.3699951171875,$376.4599914550781,$374.1600036621094
12/27/2023,$374.07000732421875,14905400,$373.69000244140625,$375.05999755859375,$372.80999755859375
12/26/2023,$374.6600036621094,12673100,$375,$376.94000244140625,$373.5
12/22/2023,$374.5799865722656,17107500,$373.67999267578125,$375.17999267578125,$372.7099914550781
12/21/2023,$373.5400085449219,17708000,$372.55999755859375,$374.4100036621094,$370.0400085449219
12/20/2023,$370.6199951171875,26316700,$375,$376.0299987792969,$370.5299987792969
12/19/2023,$373.260009765625,20603700,$371.489990234375,$373.260009765625,$369.8399963378906
12/18/2023,$372.6499938964844,21802900,$369.45001220703125,$373,$368.67999267578125
12/15/2023,$370.7300109863281,78502300,$366.8500061035156,$372.3999938964844,$366.2799987792969
12/14/2023,$365.92999267578125,43277500,$373.30999755859375,$373.760009765625,$364.1300048828125
12/13/2023,$374.3699951171875,30955500,$376.0199890136719,$377.6400146484375,$370.7699890136719
12/12/2023,$374.3800048828125,24838300,$370.8500061035156,$374.4200134277344,$370.4599914550781
12/11/2023,$371.29998779296875,27708800,$368.4800109863281,$371.6000061035156,$366.1000061035156
12/08/2023,$374.2300109863281,20154400,$369.20001220703125,$374.4599914550781,$368.2300109863281
12/07/2023,$370.95001220703125,23118900,$368.2300109863281,$371.45001220703125,$366.32000732421875
12/06/2023,$368.79998779296875,21182100,$373.5400085449219,$374.17999267578125,$368.0299987792969
12/05/2023,$372.5199890136719,23065000,$366.45001220703125,$373.0799865722656,$365.6199951171875
12/04/2023,$369.1400146484375,32063300,$369.1000061035156,$369.5199890136719,$362.8999938964844
12/01/2023,$374.510009765625,33040500,$376.760009765625,$378.1600036621094,$371.30999755859375
11/30/2023,$378.9100036621094,30554400,$378.489990234375,$380.0899963378906,$375.4700012207031
11/29/2023,$378.8500061035156,28963400,$383.760009765625,$384.29998779296875,$377.44000244140625
11/28/2023,$382.70001220703125,20453100,$378.3500061035156,$383,$378.1600036621094
11/27/2023,$378.6099853515625,22179200,$376.7799987792969,$380.6400146484375,$376.20001220703125
11/24/2023,$377.42999267578125,10176600,$377.3299865722656,$377.9700012207031,$375.1400146484375
11/22/2023,$377.8500061035156,23345300,$378,$379.7900085449219,$374.9700012207031
11/21/2023,$373.07000732421875,28423100,$375.6700134277344,$376.2200012207031,$371.1199951171875
11/20/2023,$377.44000244140625,52465100,$371.2200012207031,$378.8699951171875,$371
11/17/2023,$369.8500061035156,40157000,$373.6099853515625,$374.3699951171875,$367
11/16/2023,$376.1700134277344,27182300,$370.9599914550781,$376.3500061035156,$370.17999267578125
11/15/2023,$369.6700134277344,26860100,$371.2799987792969,$373.1300048828125,$367.1099853515625
11/14/2023,$370.2699890136719,27683900,$371.010009765625,$371.95001220703125,$367.3500061035156
11/13/2023,$366.67999267578125,19986500,$368.2200012207031,$368.4700012207031,$365.8999938964844
11/10/2023,$369.6700134277344,28042100,$361.489990234375,$370.1000061035156,$361.07000732421875
11/09/2023,$360.69000244140625,24847300,$362.29998779296875,$364.7900085449219,$360.3599853515625
11/08/2023,$363.20001220703125,26767800,$361.67999267578125,$363.8699951171875,$360.54998779296875
11/07/2023,$360.5299987792969,25833900,$359.3999938964844,$362.4599914550781,$357.6300048828125
11/06/2023,$356.5299987792969,23828300,$353.45001220703125,$357.5400085449219,$353.3500061035156
11/03/2023,$352.79998779296875,23637700,$349.6300048828125,$354.3900146484375,$347.3299865722656
11/02/2023,$348.32000732421875,24348100,$347.239990234375,$348.8299865722656,$344.7699890136719
11/01/2023,$346.07000732421875,28158800,$339.7900085449219,$347.4200134277344,$339.6499938964844
10/31/2023,$338.1099853515625,20265300,$338.8500061035156,$339,$334.69000244140625
10/30/2023,$337.30999755859375,22828100,$333.4100036621094,$339.45001220703125,$331.8299865722656
10/27/2023,$329.80999755859375,29856500,$330.42999267578125,$336.7200012207031,$328.3999938964844
10/26/2023,$327.8900146484375,37828500,$340.5400085449219,$341.6300048828125,$326.94000244140625
10/25/2023,$340.6700134277344,55053800,$345.0199890136719,$346.20001220703125,$337.6199951171875
10/24/2023,$330.5299987792969,31153600,$331.29998779296875,$331.8399963378906,$327.6000061035156
10/23/2023,$329.32000732421875,24374700,$325.4700012207031,$332.7300109863281,$324.3900146484375
10/20/2023,$326.6700134277344,25027700,$331.7200012207031,$331.9200134277344,$325.45001220703125
10/19/2023,$331.32000732421875,25052100,$332.1499938964844,$336.8800048828125,$330.9100036621094
10/18/2023,$330.1099853515625,23153600,$332.489990234375,$335.5899963378906,$328.29998779296875
10/17/2023,$332.05999755859375,18338500,$329.5899963378906,$333.4599914550781,$327.4100036621094
10/16/2023,$332.6400146484375,22158000,$331.04998779296875,$336.1400146484375,$330.6000061035156
10/13/2023,$327.7300109863281,21072400,$332.3800048828125,$333.8299865722656,$326.3599853515625
10/12/2023,$331.1600036621094,19313100,$330.57000732421875,$333.6300048828125,$328.7200012207031
10/11/2023,$332.4200134277344,20063200,$331.2099914550781,$332.82000732421875,$329.1400146484375
10/10/2023,$328.3900146484375,20557100,$330.9599914550781,$331.1000061035156,$327.6700134277344
10/09/2023,$329.82000732421875,19891200,$324.75,$330.29998779296875,$323.17999267578125
10/06/2023,$327.260009765625,25673600,$316.54998779296875,$329.19000244140625,$316.29998779296875
10/05/2023,$319.3599853515625,16965600,$319.0899963378906,$319.9800109863281,$314.8999938964844
10/04/2023,$318.9599914550781,20720100,$314.0299987792969,$320.0400085449219,$314
10/03/2023,$313.3900146484375,21033500,$320.8299865722656,$321.3900146484375,$311.2099914550781
10/02/2023,$321.79998779296875,20570000,$316.2799987792969,$321.8900146484375,$315.17999267578125
09/29/2023,$315.75,24147300,$317.75,$319.4700012207031,$314.9800109863281
09/28/2023,$313.6400146484375,19683600,$310.989990234375,$315.4800109863281,$309.45001220703125
09/27/2023,$312.7900085449219,19410100,$312.29998779296875,$314.29998779296875,$309.69000244140625
09/26/2023,$312.1400146484375,26297600,$315.1300048828125,$315.8800048828125,$310.0199890136719
09/25/2023,$317.5400085449219,17836000,$316.5899963378906,$317.6700134277344,$315
09/22/2023,$317.010009765625,21447900,$321.32000732421875,$321.45001220703125,$316.1499938964844
09/21/2023,$319.5299987792969,35560400,$319.260009765625,$325.3500061035156,$315
09/20/2023,$320.7699890136719,21436500,$329.510009765625,$329.5899963378906,$320.510009765625
09/19/2023,$328.6499938964844,16505900,$326.1700134277344,$329.3900146484375,$324.510009765625
09/18/2023,$329.05999755859375,16834200,$327.79998779296875,$330.3999938964844,$326.3599853515625
09/15/2023,$330.2200012207031,37679800,$336.9200134277344,$337.3999938964844,$329.6499938964844
09/14/2023,$338.70001220703125,20267000,$339.1499938964844,$340.8599853515625,$336.57000732421875
09/13/2023,$336.05999755859375,16544400,$331.30999755859375,$336.8500061035156,$331.1700134277344
09/12/2023,$331.7699890136719,17565500,$335.82000732421875,$336.7900085449219,$331.4800109863281
09/11/2023,$337.94000244140625,16583300,$337.239990234375,$338.4200134277344,$335.42999267578125
09/08/2023,$334.2699890136719,19530100,$330.0899963378906,$336.1600036621094,$329.4599914550781
09/07/2023,$329.9100036621094,18381000,$331.2900085449219,$333.0799865722656,$329.0299987792969
09/06/2023,$332.8800048828125,17535800,$333.3800048828125,$334.4599914550781,$330.17999267578125
09/05/2023,$333.54998779296875,18553900,$329,$334.8500061035156,$328.6600036621094
09/01/2023,$328.6600036621094,14942000,$331.30999755859375,$331.989990234375,$326.7799987792969
08/31/2023,$327.760009765625,26411000,$329.20001220703125,$330.9100036621094,$326.7799987792969
08/30/2023,$328.7900085449219,15222100,$328.6700134277344,$329.80999755859375,$326.45001220703125
08/29/2023,$328.4100036621094,19284600,$321.8800048828125,$328.9800109863281,$321.8800048828125
08/28/2023,$323.70001220703125,14808500,$325.6600036621094,$326.1499938964844,$321.7200012207031
08/25/2023,$322.9800109863281,21684100,$321.4700012207031,$325.3599853515625,$318.79998779296875
08/24/2023,$319.9700012207031,23281400,$332.8500061035156,$332.9800109863281,$319.9599914550781
08/23/2023,$327,21166400,$323.82000732421875,$329.20001220703125,$323.4599914550781
08/22/2023,$322.4599914550781,16084600,$325.5,$326.0799865722656,$321.4599914550781
08/21/2023,$321.8800048828125,24040000,$317.92999267578125,$322.7699890136719,$317.0400085449219
08/18/2023,$316.4800109863281,24755000,$314.489990234375,$318.3800048828125,$311.54998779296875
08/17/2023,$316.8800048828125,21257200,$320.5400085449219,$321.8699951171875,$316.2099914550781
08/16/2023,$320.3999938964844,20698900,$320.79998779296875,$324.4200134277344,$319.79998779296875
08/15/2023,$321.8599853515625,16966300,$323,$325.0899963378906,$320.8999938964844
08/14/2023,$324.0400085449219,18836100,$321.3900146484375,$324.05999755859375,$320.0799865722656
08/11/2023,$321.010009765625,24355500,$320.260009765625,$322.4100036621094,$319.2099914550781
08/10/2023,$322.92999267578125,20113700,$326.0199890136719,$328.260009765625,$321.17999267578125
08/09/2023,$322.2300109863281,22373300,$326.4700012207031,$327.1099853515625,$321.04998779296875
08/08/2023,$326.04998779296875,22327600,$326.9599914550781,$328.75,$323
08/07/2023,$330.1099853515625,17741500,$328.3699951171875,$331.1099853515625,$327.5199890136719
08/04/2023,$327.7799987792969,23741500,$331.8800048828125,$335.1400146484375,$327.239990234375
08/03/2023,$326.6600036621094,18253700,$326,$329.8800048828125,$325.95001220703125
08/02/2023,$327.5,27761300,$333.6300048828125,$333.6300048828125,$326.3599853515625
08/01/2023,$336.3399963378906,18311900,$335.19000244140625,$338.5400085449219,$333.70001220703125
07/31/2023,$335.9200134277344,25446000,$336.9200134277344,$337.70001220703125,$333.3599853515625
07/28/2023,$338.3699951171875,28484900,$333.6700134277344,$340.010009765625,$333.1700134277344
07/27/2023,$330.7200012207031,39635300,$340.4800109863281,$341.3299865722656,$329.04998779296875
07/26/2023,$337.7699890136719,58383700,$341.44000244140625,$344.6700134277344,$333.1099853515625
07/25/2023,$350.9800109863281,41637700,$347.1099853515625,$351.8900146484375,$345.07000732421875
07/24/2023,$345.1099853515625,26678100,$345.8500061035156,$346.9200134277344,$342.30999755859375
07/21/2023,$343.7699890136719,69405400,$349.1499938964844,$350.29998779296875,$339.8299865722656
07/20/2023,$346.8699951171875,33778400,$353.57000732421875,$357.9700012207031,$345.3699951171875
07/19/2023,$355.0799865722656,39732900,$361.75,$362.4599914550781,$352.44000244140625
07/18/2023,$359.489990234375,64738600,$345.8299865722656,$366.7799987792969,$342.1700134277344
07/17/2023,$345.7300109863281,20363900,$345.67999267578125,$346.989990234375,$342.20001220703125
07/14/2023,$345.239990234375,28352700,$347.5899963378906,$351.42999267578125,$344.30999755859375
07/13/2023,$342.6600036621094,20567200,$339.55999755859375,$343.739990234375,$339.0199890136719
07/12/2023,$337.20001220703125,29995300,$336.6000061035156,$341.6499938964844,$335.6700134277344
07/11/2023,$332.4700012207031,26698200,$331.05999755859375,$332.8599853515625,$327
07/10/2023,$331.8299865722656,32791400,$334.6000061035156,$335.2300109863281,$327.5899963378906
07/07/2023,$337.2200012207031,21214800,$339.32000732421875,$341.7900085449219,$337
07/06/2023,$341.2699890136719,28161200,$337.29998779296875,$342.989990234375,$335.5
07/05/2023,$338.1499938964844,18172400,$335.0899963378906,$341.6499938964844,$334.7300109863281
07/03/2023,$337.989990234375,12508700,$339.19000244140625,$340.8999938964844,$336.57000732421875
06/30/2023,$340.5400085449219,26832800,$337.75,$342.7300109863281,$337.20001220703125
06/29/2023,$335.04998779296875,16997000,$334.7099914550781,$336.1099853515625,$332.6199951171875
06/28/2023,$335.8500061035156,20259500,$334.6600036621094,$337.9800109863281,$333.80999755859375
06/27/2023,$334.57000732421875,24354100,$331.8599853515625,$336.1499938964844,$329.29998779296875
06/26/2023,$328.6000061035156,21520600,$333.7200012207031,$336.1099853515625,$328.489990234375
06/23/2023,$335.0199890136719,23146900,$334.3599853515625,$337.9599914550781,$333.45001220703125
06/22/2023,$339.7099914550781,23556800,$334.1199951171875,$340.1199951171875,$333.3399963378906
06/21/2023,$333.55999755859375,25117800,$336.3699951171875,$337.7300109863281,$332.07000732421875
06/20/2023,$338.04998779296875,26375400,$339.30999755859375,$342.0799865722656,$335.8599853515625
06/16/2023,$342.3299865722656,46552000,$351.32000732421875,$351.4700012207031,$341.95001220703125
06/15/2023,$348.1000061035156,38899100,$337.4800109863281,$349.8399963378906,$337.20001220703125
06/14/2023,$337.3399963378906,26003800,$334.3399963378906,$339.0400085449219,$332.80999755859375
06/13/2023,$334.2900085449219,22951300,$334.4700012207031,$336.9800109863281,$330.3900146484375
06/12/2023,$331.8500061035156,24260300,$328.5799865722656,$332.1000061035156,$325.1600036621094
06/09/2023,$326.7900085449219,22529000,$324.989990234375,$329.989990234375,$324.4100036621094
06/08/2023,$325.260009765625,23277700,$323.94000244140625,$326.6400146484375,$323.3500061035156
06/07/2023,$323.3800048828125,40717100,$331.6499938964844,$334.489990234375,$322.5
06/06/2023,$333.67999267578125,20396200,$335.3299865722656,$335.3699951171875,$332.1700134277344
06/05/2023,$335.94000244140625,21307100,$335.2200012207031,$338.55999755859375,$334.6600036621094
06/02/2023,$335.3999938964844,25873800,$334.25,$337.5,$332.54998779296875
06/01/2023,$332.5799865722656,26773900,$325.92999267578125,$333.5299987792969,$324.7200012207031
05/31/2023,$328.3900146484375,45950600,$332.2900085449219,$335.94000244140625,$327.3299865722656
05/30/2023,$331.2099914550781,29503100,$335.2300109863281,$335.739990234375,$330.5199890136719
05/26/2023,$332.8900146484375,36630600,$324.0199890136719,$333.3999938964844,$323.8800048828125
05/25/2023,$325.9200134277344,43301700,$323.239990234375,$326.8999938964844,$320
05/24/2023,$313.8500061035156,23384900,$314.7300109863281,$316.5,$312.6099853515625
05/23/2023,$315.260009765625,30797200,$320.0299987792969,$322.7200012207031,$315.25
05/22/2023,$321.17999267578125,24115700,$318.6000061035156,$322.5899963378906,$318.010009765625
05/19/2023,$318.3399963378906,27546700,$316.739990234375,$318.75,$316.3699951171875
05/18/2023,$318.5199890136719,27276000,$314.5299987792969,$319.0400085449219,$313.7200012207031
05/17/2023,$314,24315000,$312.2900085449219,$314.42999267578125,$310.739990234375
05/16/2023,$311.739990234375,26730300,$309.8299865722656,$313.7099914550781,$309.8299865722656
05/15/2023,$309.4599914550781,16336500,$309.1000061035156,$309.8999938964844,$307.5899963378906
05/12/2023,$308.9700012207031,19774700,$310.54998779296875,$310.6499938964844,$306.6000061035156
05/11/2023,$310.1099853515625,31680200,$310.1000061035156,$311.1199951171875,$306.260009765625
05/10/2023,$312.30999755859375,30078000,$308.6199951171875,$313,$307.6700134277344
05/09/2023,$307,21340800,$308,$310.0400085449219,$306.30999755859375
05/08/2023,$308.6499938964844,21318600,$310.1300048828125,$310.20001220703125,$306.0899963378906
05/05/2023,$310.6499938964844,28197100,$305.7200012207031,$311.9700012207031,$304.2699890136719
05/04/2023,$305.4100036621094,22519900,$306.239990234375,$307.760009765625,$303.3999938964844
05/03/2023,$304.3999938964844,22360800,$306.6199951171875,$308.6099853515625,$304.0899963378906
05/02/2023,$305.4100036621094,26404400,$307.760009765625,$309.17999267578125,$303.9100036621094
05/01/2023,$305.55999755859375,21294100,$306.9700012207031,$308.6000061035156,$305.1499938964844
04/28/2023,$307.260009765625,36469600,$304.010009765625,$308.92999267578125,$303.30999755859375
04/27/2023,$304.8299865722656,46462600,$295.9700012207031,$305.20001220703125,$295.25
04/26/2023,$295.3699951171875,64599200,$296.70001220703125,$299.57000732421875,$292.7300109863281
04/25/2023,$275.4200134277344,45772200,$279.510009765625,$281.6000061035156,$275.3699951171875
04/24/2023,$281.7699890136719,26611000,$282.0899963378906,$284.95001220703125,$278.7200012207031
04/21/2023,$285.760009765625,21676400,$285.010009765625,$286.2699890136719,$283.05999755859375
04/20/2023,$286.1099853515625,23244400,$285.25,$289.0299987792969,$285.0799865722656
04/19/2023,$288.45001220703125,17150300,$285.989990234375,$289.04998779296875,$284.5400085449219
04/18/2023,$288.3699951171875,20161800,$291.57000732421875,$291.760009765625,$287.010009765625
04/17/2023,$288.79998779296875,23836200,$289.92999267578125,$291.6000061035156,$286.1600036621094
04/14/2023,$286.1400146484375,20987900,$287,$288.4800109863281,$283.69000244140625
04/13/2023,$289.8399963378906,24222700,$283.5899963378906,$289.8999938964844,$283.1700134277344
04/12/2023,$283.489990234375,27403400,$284.7900085449219,$287.010009765625,$281.9599914550781
04/11/2023,$282.8299865722656,27276600,$285.75,$285.9800109863281,$281.6400146484375
04/10/2023,$289.3900146484375,23103000,$289.2099914550781,$289.6000061035156,$284.7099914550781
04/06/2023,$291.6000061035156,29770300,$283.2099914550781,$292.0799865722656,$282.0299987792969
04/05/2023,$284.3399963378906,22064800,$285.8500061035156,$287.1499938964844,$282.9200134277344
04/04/2023,$287.17999267578125,25824300,$287.2300109863281,$290.45001220703125,$285.6700134277344
04/03/2023,$287.2300109863281,24883300,$286.5199890136719,$288.2699890136719,$283.95001220703125
03/31/2023,$288.29998779296875,32766000,$283.7300109863281,$289.2699890136719,$283
03/30/2023,$284.04998779296875,25053400,$284.2300109863281,$284.4599914550781,$281.4800109863281
03/29/2023,$280.510009765625,25087000,$278.9599914550781,$281.1400146484375,$278.4100036621094
03/28/2023,$275.2300109863281,21878600,$275.7900085449219,$276.1400146484375,$272.04998779296875
03/27/2023,$276.3800048828125,26840200,$280.5,$281.4599914550781,$275.5199890136719
03/24/2023,$280.57000732421875,28172000,$277.239990234375,$280.6300048828125,$275.2799987792969
03/23/2023,$277.6600036621094,36610900,$277.94000244140625,$281.05999755859375,$275.20001220703125
03/22/2023,$272.2900085449219,34873300,$273.3999938964844,$281.0400085449219,$272.17999267578125
03/21/2023,$273.7799987792969,34558700,$274.8800048828125,$275,$269.5199890136719
03/20/2023,$272.2300109863281,43466600,$276.9800109863281,$277.4800109863281,$269.8500061035156
03/17/2023,$279.42999267578125,69527400,$278.260009765625,$283.3299865722656,$276.32000732421875
03/16/2023,$276.20001220703125,54768800,$265.2099914550781,$276.55999755859375,$263.2799987792969
03/15/2023,$265.44000244140625,46028000,$259.9800109863281,$266.4800109863281,$259.2099914550781
03/14/2023,$260.7900085449219,33620300,$256.75,$261.07000732421875,$255.86000061035156
03/13/2023,$253.9199981689453,33339700,$247.39999389648438,$257.9100036621094,$245.72999572753906
03/10/2023,$248.58999633789062,28333900,$251.0800018310547,$252.7899932861328,$247.60000610351562
03/09/2023,$252.32000732421875,26653400,$255.82000732421875,$259.55999755859375,$251.5800018310547
03/08/2023,$253.6999969482422,17340200,$254.0399932861328,$254.5399932861328,$250.80999755859375
03/07/2023,$254.14999389648438,21473200,$256.29998779296875,$257.69000244140625,$253.38999938964844
03/06/2023,$256.8699951171875,24109800,$256.42999267578125,$260.1199951171875,$255.97999572753906
03/03/2023,$255.2899932861328,30760100,$252.19000244140625,$255.6199951171875,$251.38999938964844
03/02/2023,$251.11000061035156,24808200,$246.5500030517578,$251.39999389648438,$245.61000061035156
03/01/2023,$246.27000427246094,27565300,$250.75999450683594,$250.92999267578125,$245.7899932861328
02/28/2023,$249.4199981689453,22491000,$249.07000732421875,$251.49000549316406,$248.72999572753906
02/27/2023,$250.16000366210938,21190000,$252.4600067138672,$252.82000732421875,$249.38999938964844
02/24/2023,$249.22000122070312,24990900,$249.9600067138672,$251,$248.10000610351562
02/23/2023,$254.77000427246094,29219100,$255.55999755859375,$256.8399963378906,$250.47999572753906
02/22/2023,$251.50999450683594,22491100,$254.08999633789062,$254.33999633789062,$250.33999633789062
02/21/2023,$252.6699981689453,28397400,$254.47999572753906,$255.49000549316406,$251.58999633789062
02/17/2023,$258.05999755859375,30000100,$259.3900146484375,$260.0899963378906,$256
02/16/2023,$262.1499938964844,29603600,$264.0199890136719,$266.739990234375,$261.8999938964844
02/15/2023,$269.32000732421875,28922400,$268.32000732421875,$270.7300109863281,$266.17999267578125
02/14/2023,$272.1700134277344,37047900,$272.6700134277344,$274.9700012207031,$269.2799987792969
02/13/2023,$271.32000732421875,44630900,$267.6400146484375,$274.6000061035156,$267.1499938964844
02/10/2023,$263.1000061035156,25818500,$261.5299987792969,$264.0899963378906,$260.6600036621094
02/09/2023,$263.6199951171875,42375100,$273.79998779296875,$273.9800109863281,$262.79998779296875
02/08/2023,$266.7300109863281,54686000,$273.20001220703125,$276.760009765625,$266.2099914550781
02/07/2023,$267.55999755859375,50841400,$260.5299987792969,$268.7699890136719,$260.0799865722656
02/06/2023,$256.7699890136719,22518000,$257.44000244140625,$258.29998779296875,$254.77999877929688
02/03/2023,$258.3500061035156,29077300,$259.5400085449219,$264.20001220703125,$257.1000061035156
02/02/2023,$264.6000061035156,39940400,$258.82000732421875,$264.69000244140625,$257.25
02/01/2023,$252.75,31259900,$248,$255.17999267578125,$245.47000122070312
01/31/2023,$247.80999755859375,26541100,$243.4499969482422,$247.9499969482422,$242.9499969482422
01/30/2023,$242.7100067138672,25867400,$244.50999450683594,$245.60000610351562,$242.1999969482422
01/27/2023,$248.16000366210938,26498900,$248.99000549316406,$249.8300018310547,$246.8300018310547
01/26/2023,$248,33454500,$243.64999389648438,$248.30999755859375,$242
01/25/2023,$240.61000061035156,66526600,$234.47999572753906,$243.3000030517578,$230.89999389648438
01/24/2023,$242.0399932861328,40234400,$242.5,$243.9499969482422,$240.44000244140625
01/23/2023,$242.5800018310547,31934000,$241.10000610351562,$245.1699981689453,$239.64999389648438
01/20/2023,$240.22000122070312,35389800,$234.86000061035156,$240.74000549316406,$234.50999450683594
01/19/2023,$231.92999267578125,28623000,$233.77999877929688,$235.52000427246094,$230.67999267578125
01/18/2023,$235.80999755859375,30028700,$241.57000732421875,$242.3800048828125,$235.52000427246094
01/17/2023,$240.35000610351562,29831300,$237.97000122070312,$240.91000366210938,$237.08999633789062
01/13/2023,$239.22999572753906,21333300,$237,$239.3699951171875,$234.9199981689453
01/12/2023,$238.50999450683594,27269500,$235.25999450683594,$239.89999389648438,$233.55999755859375
01/11/2023,$235.77000427246094,28669300,$231.2899932861328,$235.9499969482422,$231.11000061035156
01/10/2023,$228.85000610351562,27033900,$227.75999450683594,$231.30999755859375,$227.3300018310547
01/09/2023,$227.1199951171875,27369800,$226.4499969482422,$231.24000549316406,$226.41000366210938
01/06/2023,$224.92999267578125,43613600,$223,$225.75999450683594,$219.35000610351562
01/05/2023,$222.30999755859375,39585600,$227.1999969482422,$227.5500030517578,$221.75999450683594
01/04/2023,$229.10000610351562,50623400,$232.27999877929688,$232.8699951171875,$225.9600067138672
01/03/2023,$239.5800018310547,25740000,$243.0800018310547,$245.75,$237.39999389648438
12/30/2022,$239.82000732421875,21938500,$238.2100067138672,$239.9600067138672,$236.66000366210938
12/29/2022,$241.00999450683594,19770700,$235.64999389648438,$241.9199981689453,$235.64999389648438
12/28/2022,$234.52999877929688,17457100,$236.88999938964844,$239.72000122070312,$234.1699981689453
12/27/2022,$236.9600067138672,16688600,$238.6999969482422,$238.92999267578125,$235.8300018310547
12/23/2022,$238.72999572753906,21207000,$236.11000061035156,$238.8699951171875,$233.94000244140625
12/22/2022,$238.19000244140625,28651700,$241.25999450683594,$241.99000549316406,$233.8699951171875
12/21/2022,$244.42999267578125,23690600,$241.69000244140625,$245.6199951171875,$240.11000061035156
12/20/2022,$241.8000030517578,25150800,$239.39999389648438,$242.91000366210938,$238.4199981689453
12/19/2022,$240.4499969482422,29696400,$244.86000061035156,$245.2100067138672,$238.7100067138672
12/16/2022,$244.69000244140625,86102000,$248.5500030517578,$249.83999633789062,$243.50999450683594
12/15/2022,$249.00999450683594,35560400,$253.72000122070312,$254.1999969482422,$247.33999633789062
12/14/2022,$257.2200012207031,35410900,$257.1300048828125,$262.5899963378906,$254.30999755859375
12/13/2022,$256.9200134277344,42196900,$261.69000244140625,$263.9200134277344,$253.07000732421875
12/12/2022,$252.50999450683594,30665100,$247.4499969482422,$252.5399932861328,$247.1699981689453
12/09/2022,$245.4199981689453,20609700,$244.6999969482422,$248.30999755859375,$244.16000366210938
12/08/2022,$247.39999389648438,22611800,$244.83999633789062,$248.74000549316406,$243.05999755859375
12/07/2022,$244.3699951171875,20481500,$244.8300018310547,$246.16000366210938,$242.2100067138672
12/06/2022,$245.1199951171875,22463700,$250.82000732421875,$251.86000061035156,$243.77999877929688
12/05/2022,$250.1999969482422,23435300,$252.00999450683594,$253.82000732421875,$248.05999755859375
12/02/2022,$255.02000427246094,21528500,$249.82000732421875,$256.05999755859375,$249.69000244140625
12/01/2022,$254.69000244140625,26041500,$253.8699951171875,$256.1199951171875,$250.9199981689453
11/30/2022,$255.13999938964844,47594200,$240.57000732421875,$255.3300018310547,$239.86000061035156
11/29/2022,$240.3300018310547,17956300,$241.39999389648438,$242.7899932861328,$238.2100067138672
11/28/2022,$241.75999450683594,24778200,$246.0800018310547,$246.64999389648438,$240.8000030517578
11/25/2022,$247.49000549316406,9200800,$247.30999755859375,$248.6999969482422,$246.72999572753906
11/23/2022,$247.5800018310547,19508500,$245.11000061035156,$248.27999877929688,$244.27000427246094
11/22/2022,$245.02999877929688,19665700,$243.58999633789062,$245.30999755859375,$240.7100067138672
11/21/2022,$242.0500030517578,26394700,$241.42999267578125,$244.6699981689453,$241.19000244140625
11/18/2022,$241.22000122070312,27613500,$243.50999450683594,$243.74000549316406,$239.02999877929688
11/17/2022,$241.67999267578125,23123500,$237.77999877929688,$243.25,$237.6300048828125
11/16/2022,$241.72999572753906,24093300,$242.7899932861328,$243.8000030517578,$240.4199981689453
11/15/2022,$241.97000122070312,31390100,$245.66000366210938,$247,$240.02999877929688
11/14/2022,$241.5500030517578,31123300,$241.99000549316406,$243.91000366210938,$239.2100067138672
11/11/2022,$247.11000061035156,34620200,$242.99000549316406,$247.99000549316406,$241.92999267578125
11/10/2022,$242.97999572753906,46268000,$235.42999267578125,$243.3300018310547,$235
11/09/2022,$224.50999450683594,27852900,$227.3699951171875,$228.6300048828125,$224.3300018310547
11/08/2022,$228.8699951171875,28192500,$228.6999969482422,$231.64999389648438,$225.83999633789062
11/07/2022,$227.8699951171875,33498000,$221.99000549316406,$228.41000366210938,$221.27999877929688
11/04/2022,$221.38999938964844,36789100,$217.5500030517578,$221.58999633789062,$213.42999267578125
11/03/2022,$214.25,36633900,$220.08999633789062,$220.41000366210938,$213.97999572753906
11/02/2022,$220.10000610351562,38407000,$229.4600067138672,$231.3000030517578,$220.0399932861328
11/01/2022,$228.1699981689453,30592300,$234.60000610351562,$235.74000549316406,$227.3300018310547
10/31/2022,$232.1300048828125,28357300,$233.75999450683594,$234.9199981689453,$231.14999389648438
10/28/2022,$235.8699951171875,40647700,$226.24000549316406,$236.60000610351562,$226.0500030517578
10/27/2022,$226.75,40424600,$231.0399932861328,$233.69000244140625,$225.77999877929688
10/26/2022,$231.32000732421875,82543200,$231.1699981689453,$238.3000030517578,$230.05999755859375
10/25/2022,$250.66000366210938,34775500,$247.25999450683594,$251.0399932861328,$245.8300018310547
10/24/2022,$247.25,24911200,$243.75999450683594,$247.83999633789062,$241.3000030517578
10/21/2022,$242.1199951171875,26299700,$234.74000549316406,$243,$234.5
10/20/2022,$236.14999389648438,21811000,$235.77000427246094,$241.30999755859375,$234.8699951171875
10/19/2022,$236.47999572753906,19985700,$237.0399932861328,$239.61000061035156,$234.2899932861328
10/18/2022,$238.5,26329600,$243.24000549316406,$243.92999267578125,$235.3699951171875
10/17/2022,$237.52999877929688,28142300,$235.82000732421875,$238.9600067138672,$235.13999938964844
10/14/2022,$228.55999755859375,30198600,$235.5399932861328,$237.24000549316406,$228.33999633789062
10/13/2022,$234.24000549316406,42551800,$219.85000610351562,$236.10000610351562,$219.1300048828125
10/12/2022,$225.75,21903900,$225.39999389648438,$227.86000061035156,$223.9600067138672
10/11/2022,$225.41000366210938,30474000,$227.6199951171875,$229.05999755859375,$224.11000061035156
10/10/2022,$229.25,29743600,$233.0500030517578,$234.55999755859375,$226.72999572753906
10/07/2022,$234.24000549316406,37769600,$240.89999389648438,$241.32000732421875,$233.1699981689453
10/06/2022,$246.7899932861328,20239900,$247.92999267578125,$250.33999633789062,$246.0800018310547
10/05/2022,$249.1999969482422,20347100,$245.99000549316406,$250.5800018310547,$244.10000610351562
10/04/2022,$248.8800048828125,34888400,$245.08999633789062,$250.36000061035156,$244.97999572753906
10/03/2022,$240.74000549316406,28880400,$235.41000366210938,$241.61000061035156,$234.66000366210938
09/30/2022,$232.89999389648438,35694800,$238.2899932861328,$240.5399932861328,$232.72999572753906
09/29/2022,$237.5,27484200,$238.88999938964844,$239.9499969482422,$234.41000366210938
09/28/2022,$241.07000732421875,29029700,$236.80999755859375,$242.3300018310547,$234.72999572753906
09/27/2022,$236.41000366210938,27018700,$239.97999572753906,$241.8000030517578,$234.5
09/26/2022,$237.4499969482422,27694200,$237.0500030517578,$241.4499969482422,$236.89999389648438
09/23/2022,$237.9199981689453,34176000,$239.5399932861328,$241.1300048828125,$235.1999969482422
09/22/2022,$240.97999572753906,31061200,$237.8699951171875,$243.86000061035156,$237.57000732421875
09/21/2022,$238.9499969482422,28625600,$244.27000427246094,$247.66000366210938,$238.89999389648438
09/20/2022,$242.4499969482422,26660300,$242.07000732421875,$243.50999450683594,$239.63999938964844
09/19/2022,$244.52000427246094,26826900,$242.47000122070312,$245.13999938964844,$240.85000610351562
09/16/2022,$244.74000549316406,39791800,$244.25999450683594,$245.3000030517578,$242.05999755859375
09/15/2022,$245.3800048828125,31530900,$249.77000427246094,$251.39999389648438,$244.02000427246094
09/14/2022,$252.22000122070312,23913000,$253.52999877929688,$254.22999572753906,$249.86000061035156
09/13/2022,$251.99000549316406,33353300,$258.8399963378906,$260.3999938964844,$251.58999633789062
09/12/2022,$266.6499938964844,18747700,$265.7799987792969,$267.45001220703125,$265.1600036621094
09/09/2022,$264.4599914550781,22084700,$260.5,$265.2300109863281,$260.2900085449219
09/08/2022,$258.5199890136719,20319900,$257.510009765625,$260.42999267578125,$254.7899932861328
09/07/2022,$258.0899963378906,24126700,$254.6999969482422,$258.8299865722656,$253.22000122070312
09/06/2022,$253.25,21328200,$256.20001220703125,$257.8299865722656,$251.94000244140625
09/02/2022,$256.05999755859375,22855400,$261.70001220703125,$264.739990234375,$254.47000122070312
09/01/2022,$260.3999938964844,23263400,$258.8699951171875,$260.8900146484375,$255.41000366210938
08/31/2022,$261.4700012207031,24791800,$265.3900146484375,$267.1099853515625,$261.3299865722656
08/30/2022,$262.9700012207031,22767100,$266.6700134277344,$267.04998779296875,$260.6600036621094
08/29/2022,$265.2300109863281,20338500,$265.8500061035156,$267.3999938964844,$263.8500061035156
08/26/2022,$268.0899963378906,27549300,$279.0799865722656,$280.3399963378906,$267.9800109863281
08/25/2022,$278.8500061035156,16583400,$277.3299865722656,$279.0199890136719,$274.5199890136719
08/24/2022,$275.7900085449219,18137000,$275.4100036621094,$277.2300109863281,$275.1099853515625
08/23/2022,$276.44000244140625,17527400,$276.44000244140625,$278.8599853515625,$275.3999938964844
08/22/2022,$277.75,25061100,$282.0799865722656,$282.4599914550781,$277.2200012207031
08/19/2022,$286.1499938964844,20570000,$288.8999938964844,$289.25,$285.55999755859375
08/18/2022,$290.1700134277344,17186200,$290.19000244140625,$291.9100036621094,$289.0799865722656
08/17/2022,$291.32000732421875,18253400,$289.739990234375,$293.3500061035156,$289.4700012207031
08/16/2022,$292.7099914550781,18102900,$291.989990234375,$294.0400085449219,$290.4200134277344
08/15/2022,$293.4700012207031,18085700,$291,$294.17999267578125,$290.1099853515625
08/12/2022,$291.9100036621094,22619700,$288.4800109863281,$291.9100036621094,$286.94000244140625
08/11/2022,$287.0199890136719,20065900,$290.8500061035156,$291.2099914550781,$286.510009765625
08/10/2022,$289.1600036621094,24687800,$288.1700134277344,$289.80999755859375,$286.94000244140625
08/09/2022,$282.29998779296875,23405200,$279.6400146484375,$283.0799865722656,$277.6099853515625
08/08/2022,$280.32000732421875,18739200,$284.04998779296875,$285.9200134277344,$279.32000732421875
08/05/2022,$282.9100036621094,16774600,$279.1499938964844,$283.6499938964844,$278.67999267578125
08/04/2022,$283.6499938964844,18098700,$281.79998779296875,$283.79998779296875,$280.1700134277344
08/03/2022,$282.4700012207031,23518900,$276.760009765625,$283.5,$276.6099853515625
08/02/2022,$274.82000732421875,22754200,$276,$277.8900146484375,$272.3800048828125
08/01/2022,$278.010009765625,21539600,$277.82000732421875,$281.2799987792969,$275.8399963378906
07/29/2022,$280.739990234375,32152800,$277.70001220703125,$282,$276.6300048828125
07/28/2022,$276.4100036621094,33459300,$269.75,$277.8399963378906,$267.8699951171875
07/27/2022,$268.739990234375,45994000,$261.1600036621094,$270.04998779296875,$258.8500061035156
07/26/2022,$251.89999389648438,39348000,$259.8599853515625,$259.8800048828125,$249.57000732421875
07/25/2022,$258.8299865722656,21056000,$261,$261.5,$256.80999755859375
07/22/2022,$260.3599853515625,21881300,$265.239990234375,$265.3299865722656,$259.07000732421875
07/21/2022,$264.8399963378906,22404700,$259.7900085449219,$264.8900146484375,$257.0299987792969
07/20/2022,$262.2699890136719,22788300,$259.8999938964844,$264.8699951171875,$258.9100036621094
07/19/2022,$259.5299987792969,25012600,$257.5799865722656,$259.7200012207031,$253.67999267578125
07/18/2022,$254.25,20975000,$259.75,$260.8399963378906,$253.3000030517578
07/15/2022,$256.7200012207031,29774100,$255.72000122070312,$260.3699951171875,$254.77000427246094
07/14/2022,$254.0800018310547,25102800,$250.57000732421875,$255.13999938964844,$245.94000244140625
07/13/2022,$252.72000122070312,29497400,$250.19000244140625,$253.5500030517578,$248.11000061035156
07/12/2022,$253.6699981689453,35868500,$265.8800048828125,$265.94000244140625,$252.0399932861328
07/11/2022,$264.510009765625,19455200,$265.6499938964844,$266.5299987792969,$262.17999267578125
07/08/2022,$267.6600036621094,19658800,$264.7900085449219,$268.1000061035156,$263.2900085449219
07/07/2022,$268.3999938964844,20859900,$265.1199951171875,$269.05999755859375,$265.0199890136719
07/06/2022,$266.2099914550781,23824400,$263.75,$267.989990234375,$262.3999938964844
07/05/2022,$262.8500061035156,22941000,$256.1600036621094,$262.9800109863281,$254.74000549316406
07/01/2022,$259.5799865722656,22837700,$256.3900146484375,$259.7699890136719,$254.61000061035156
06/30/2022,$256.8299865722656,31730900,$257.04998779296875,$259.5299987792969,$252.89999389648438
06/29/2022,$260.260009765625,20069800,$257.5899963378906,$261.9700012207031,$255.75999450683594
06/28/2022,$256.4800109863281,27295500,$263.9800109863281,$266.9100036621094,$256.32000732421875
06/27/2022,$264.8900146484375,24615100,$268.2099914550781,$268.29998779296875,$263.2799987792969
06/24/2022,$267.70001220703125,33923200,$261.80999755859375,$267.9800109863281,$261.7200012207031
06/23/2022,$258.8599853515625,25861400,$255.57000732421875,$259.3699951171875,$253.6300048828125
06/22/2022,$253.1300048828125,25939900,$251.88999938964844,$257.1700134277344,$250.3699951171875
06/21/2022,$253.74000549316406,29928300,$250.25999450683594,$254.75,$249.50999450683594
06/17/2022,$247.64999389648438,43084800,$244.6999969482422,$250.5,$244.02999877929688
06/16/2022,$244.97000122070312,33169200,$245.97999572753906,$247.4199981689453,$243.02000427246094
06/15/2022,$251.75999450683594,33111700,$248.30999755859375,$255.3000030517578,$246.4199981689453
06/14/2022,$244.49000549316406,28651500,$243.86000061035156,$245.74000549316406,$241.50999450683594
06/13/2022,$242.25999450683594,46135800,$245.11000061035156,$249.02000427246094,$241.52999877929688
06/10/2022,$252.99000549316406,31422800,$260.5799865722656,$260.5799865722656,$252.52999877929688
06/09/2022,$264.7900085449219,26439700,$267.7799987792969,$272.7099914550781,$264.6300048828125
06/08/2022,$270.4100036621094,17372300,$271.7099914550781,$273,$269.6099853515625
06/07/2022,$272.5,22860700,$266.6400146484375,$273.1300048828125,$265.94000244140625
06/06/2022,$268.75,22400300,$272.05999755859375,$274.17999267578125,$267.2200012207031
06/03/2022,$270.0199890136719,28059000,$270.30999755859375,$273.45001220703125,$268.4100036621094
06/02/2022,$274.5799865722656,44008200,$264.45001220703125,$274.6499938964844,$261.6000061035156
06/01/2022,$272.4200134277344,25292200,$275.20001220703125,$277.69000244140625,$270.0400085449219
05/31/2022,$271.8699951171875,37827700,$272.5299987792969,$274.7699890136719,$268.92999267578125
05/27/2022,$273.239990234375,26910800,$268.4800109863281,$273.3399963378906,$267.55999755859375
05/26/2022,$265.8999938964844,25002100,$262.2699890136719,$267.1099853515625,$261.42999267578125
05/25/2022,$262.5199890136719,28547900,$258.1400146484375,$264.5799865722656,$257.1300048828125
05/24/2022,$259.6199951171875,29043900,$257.8900146484375,$261.3299865722656,$253.5
05/23/2022,$260.6499938964844,33175400,$255.49000549316406,$261.5,$253.42999267578125
05/20/2022,$252.55999755859375,39199300,$257.239990234375,$258.5400085449219,$246.44000244140625
05/19/2022,$253.13999938964844,32692300,$253.89999389648438,$257.6700134277344,$251.8800048828125
05/18/2022,$254.0800018310547,31356000,$263,$263.6000061035156,$252.77000427246094
05/17/2022,$266.82000732421875,28828800,$266.1099853515625,$268.3299865722656,$262.4599914550781
05/16/2022,$261.5,32550900,$259.9599914550781,$265.82000732421875,$255.77999877929688
05/13/2022,$261.1199951171875,34925100,$257.3500061035156,$263.0400085449219,$255.35000610351562
05/12/2022,$255.35000610351562,51033800,$257.69000244140625,$259.8800048828125,$250.02000427246094
05/11/2022,$260.54998779296875,48975900,$265.67999267578125,$271.3599853515625,$259.29998779296875
05/10/2022,$269.5,39336400,$271.69000244140625,$273.75,$265.07000732421875
05/09/2022,$264.5799865722656,47726000,$270.05999755859375,$272.3599853515625,$263.32000732421875
05/06/2022,$274.7300109863281,37780300,$274.80999755859375,$279.25,$271.2699890136719
05/05/2022,$277.3500061035156,43260400,$285.5400085449219,$286.3500061035156,$274.3399963378906
05/04/2022,$289.9800109863281,33599300,$282.5899963378906,$290.8800048828125,$276.7300109863281
05/03/2022,$281.7799987792969,25978600,$283.9599914550781,$284.1300048828125,$280.1499938964844
05/02/2022,$284.4700012207031,35151100,$277.7099914550781,$284.94000244140625,$276.2200012207031
04/29/2022,$277.5199890136719,37073900,$288.6099853515625,$289.8800048828125,$276.5
04/28/2022,$289.6300048828125,33646600,$285.19000244140625,$290.9800109863281,$281.4599914550781
04/27/2022,$283.2200012207031,63477700,$282.1000061035156,$290.9700012207031,$279.1600036621094
04/26/2022,$270.2200012207031,46518400,$277.5,$278.3599853515625,$270
04/25/2022,$280.7200012207031,35678900,$273.2900085449219,$281.1099853515625,$270.7699890136719
04/22/2022,$274.0299987792969,29405800,$281.67999267578125,$283.20001220703125,$273.3800048828125
04/21/2022,$280.80999755859375,29454600,$288.5799865722656,$293.29998779296875,$280.05999755859375
04/20/2022,$286.3599853515625,22906700,$289.3999938964844,$289.70001220703125,$285.3699951171875
04/19/2022,$285.29998779296875,22297700,$279.3800048828125,$286.1700134277344,$278.4100036621094
04/18/2022,$280.5199890136719,20778000,$278.9100036621094,$282.4599914550781,$278.3399963378906
04/14/2022,$279.8299865722656,28221600,$288.0899963378906,$288.30999755859375,$279.32000732421875
04/13/2022,$287.6199951171875,21907200,$282.7300109863281,$288.5799865722656,$281.29998779296875
04/12/2022,$282.05999755859375,30966700,$289.239990234375,$290.739990234375,$280.489990234375
04/11/2022,$285.260009765625,34569300,$291.7900085449219,$292.6099853515625,$285
04/08/2022,$296.9700012207031,24361900,$300.44000244140625,$301.1199951171875,$296.2799987792969
04/07/2022,$301.3699951171875,31411200,$296.6600036621094,$303.6499938964844,$296.3500061035156
04/06/2022,$299.5,40110400,$305.19000244140625,$307,$296.7099914550781
04/05/2022,$310.8800048828125,23156700,$313.2699890136719,$314.8699951171875,$309.8699951171875
04/04/2022,$314.9700012207031,24289600,$310.0899963378906,$315.1099853515625,$309.7099914550781
04/01/2022,$309.4200134277344,27110500,$309.3699951171875,$310.1300048828125,$305.5400085449219
03/31/2022,$308.30999755859375,33422100,$313.8999938964844,$315.1400146484375,$307.8900146484375
03/30/2022,$313.8599853515625,28163600,$313.760009765625,$315.95001220703125,$311.5799865722656
03/29/2022,$315.4100036621094,30393400,$313.9100036621094,$315.82000732421875,$309.04998779296875
03/28/2022,$310.70001220703125,29578200,$304.3299865722656,$310.79998779296875,$304.3299865722656
03/25/2022,$303.67999267578125,22566500,$305.2300109863281,$305.5,$299.2900085449219
03/24/2022,$304.1000061035156,24484500,$299.1400146484375,$304.20001220703125,$298.32000732421875
03/23/2022,$299.489990234375,25715400,$300.510009765625,$303.2300109863281,$297.7200012207031
03/22/2022,$304.05999755859375,27599700,$299.79998779296875,$305,$298.7699890136719
03/21/2022,$299.1600036621094,28351200,$298.8900146484375,$300.1400146484375,$294.8999938964844
03/18/2022,$300.42999267578125,43390600,$295.3699951171875,$301,$292.7300109863281
03/17/2022,$295.2200012207031,30816600,$293.2900085449219,$295.6099853515625,$289.3699951171875
03/16/2022,$294.3900146484375,37826300,$289.1099853515625,$294.57000732421875,$283.20001220703125
03/15/2022,$287.1499938964844,34245100,$280.3500061035156,$287.82000732421875,$278.7300109863281
03/14/2022,$276.44000244140625,30660700,$280.3399963378906,$285.3999938964844,$275.82000732421875
03/11/2022,$280.07000732421875,27209300,$287.9599914550781,$289.510009765625,$279.42999267578125
03/10/2022,$285.5899963378906,30628000,$283.0199890136719,$286.6000061035156,$280.5799865722656
03/09/2022,$288.5,35204500,$283.44000244140625,$289.6000061035156,$280.7799987792969
03/08/2022,$275.8500061035156,48159500,$277.79998779296875,$283.9599914550781,$270
03/07/2022,$278.9100036621094,43157200,$288.5299987792969,$289.69000244140625,$278.5299987792969
03/04/2022,$289.8599853515625,32356500,$294.2900085449219,$295.6600036621094,$287.1700134277344
03/03/2022,$295.9200134277344,27314500,$302.8900146484375,$303.1300048828125,$294.04998779296875
03/02/2022,$300.19000244140625,31873000,$295.3599853515625,$301.4700012207031,$293.70001220703125
03/01/2022,$294.95001220703125,31217800,$296.3999938964844,$299.9700012207031,$292.1499938964844
02/28/2022,$298.7900085449219,34627500,$294.30999755859375,$299.1400146484375,$293
02/25/2022,$297.30999755859375,32546700,$295.1400146484375,$297.6300048828125,$291.6499938964844
02/24/2022,$294.5899963378906,56989700,$272.510009765625,$295.1600036621094,$271.5199890136719
02/23/2022,$280.2699890136719,37811200,$290.17999267578125,$291.70001220703125,$280.1000061035156
02/22/2022,$287.7200012207031,41736100,$285,$291.5400085449219,$284.5
02/18/2022,$287.92999267578125,34264000,$293.04998779296875,$293.8599853515625,$286.30999755859375
02/17/2022,$290.7300109863281,32461600,$296.3599853515625,$296.79998779296875,$290
02/16/2022,$299.5,29982100,$298.3699951171875,$300.8699951171875,$293.67999267578125
02/15/2022,$300.4700012207031,27058300,$300.010009765625,$300.79998779296875,$297.0199890136719
02/14/2022,$295,36359500,$293.7699890136719,$296.760009765625,$291.3500061035156
02/11/2022,$295.0400085449219,39175600,$303.19000244140625,$304.2900085449219,$294.2200012207031
02/10/2022,$302.3800048828125,45386200,$304.0400085449219,$309.1199951171875,$300.70001220703125
02/09/2022,$311.2099914550781,31284700,$309.8699951171875,$311.92999267578125,$307.3900146484375
02/08/2022,$304.55999755859375,32421200,$301.25,$305.55999755859375,$299.95001220703125
02/07/2022,$300.95001220703125,28533300,$306.1700134277344,$307.8399963378906,$299.8999938964844
02/04/2022,$305.94000244140625,35096500,$300.2099914550781,$308.79998779296875,$299.9700012207031
02/03/2022,$301.25,43730000,$309.489990234375,$311.2300109863281,$299.9599914550781
02/02/2022,$313.4599914550781,36636000,$309.6300048828125,$315.1199951171875,$308.8800048828125
02/01/2022,$308.760009765625,40950400,$310.4100036621094,$310.6300048828125,$305.1300048828125
01/31/2022,$310.9800109863281,46444500,$308.95001220703125,$312.3800048828125,$306.3699951171875
01/28/2022,$308.260009765625,49743700,$300.2300109863281,$308.4800109863281,$294.45001220703125
01/27/2022,$299.8399963378906,53481300,$302.6600036621094,$307.29998779296875,$297.92999267578125
01/26/2022,$296.7099914550781,90428900,$307.989990234375,$308.5,$293.0299987792969
01/25/2022,$288.489990234375,72848600,$291.5199890136719,$294.989990234375,$285.1700134277344
01/24/2022,$296.3699951171875,85731500,$292.20001220703125,$297.1099853515625,$276.04998779296875
01/21/2022,$296.0299987792969,57984400,$302.69000244140625,$304.1099853515625,$295.6099853515625
01/20/2022,$301.6000061035156,35380700,$309.07000732421875,$311.6499938964844,$301.1400146484375
01/19/2022,$303.3299865722656,45933900,$306.2900085449219,$313.9100036621094,$302.70001220703125
01/18/2022,$302.6499938964844,42333200,$304.07000732421875,$309.79998779296875,$301.739990234375
01/14/2022,$310.20001220703125,39846400,$304.25,$310.82000732421875,$303.75
01/13/2022,$304.79998779296875,45366000,$320.4700012207031,$320.8800048828125,$304
01/12/2022,$318.2699890136719,34372200,$319.6700134277344,$323.4100036621094,$317.0799865722656
01/11/2022,$314.9800109863281,29386800,$313.3800048828125,$316.6099853515625,$309.8900146484375
01/10/2022,$314.2699890136719,44289500,$309.489990234375,$314.7200012207031,$304.69000244140625
01/07/2022,$314.0400085449219,32720000,$314.1499938964844,$316.5,$310.0899963378906
01/06/2022,$313.8800048828125,39646100,$313.1499938964844,$318.70001220703125,$311.489990234375
01/05/2022,$316.3800048828125,40054300,$325.8599853515625,$326.07000732421875,$315.9800109863281
01/04/2022,$329.010009765625,32674300,$334.8299865722656,$335.20001220703125,$326.1199951171875
01/03/2022,$334.75,28865100,$335.3500061035156,$338,$329.7799987792969
12/31/2021,$336.32000732421875,18000800,$338.510009765625,$339.3599853515625,$335.8500061035156
12/30/2021,$339.32000732421875,15994500,$341.9100036621094,$343.1300048828125,$338.82000732421875
12/29/2021,$341.95001220703125,15042000,$341.29998779296875,$344.29998779296875,$339.67999267578125
12/28/2021,$341.25,15661500,$343.1499938964844,$343.80999755859375,$340.32000732421875
12/27/2021,$342.45001220703125,19947000,$335.4599914550781,$342.4800109863281,$335.42999267578125
12/23/2021,$334.69000244140625,19617800,$332.75,$336.3900146484375,$332.7300109863281
12/22/2021,$333.20001220703125,24831500,$328.29998779296875,$333.6099853515625,$325.75
12/21/2021,$327.2900085449219,24740600,$323.2900085449219,$327.7300109863281,$319.79998779296875
12/20/2021,$319.9100036621094,28326500,$320.04998779296875,$322.79998779296875,$317.57000732421875
12/17/2021,$323.79998779296875,47750300,$320.8800048828125,$324.9200134277344,$317.25
12/16/2021,$324.8999938964844,35034800,$335.7099914550781,$336.760009765625,$323.0199890136719
12/15/2021,$334.6499938964844,35381100,$328.6099853515625,$335.19000244140625,$324.5
12/14/2021,$328.3399963378906,44438700,$333.2200012207031,$334.6400146484375,$324.1099853515625
12/13/2021,$339.3999938964844,28899400,$340.67999267578125,$343.7900085449219,$339.0799865722656
12/10/2021,$342.5400085449219,38095700,$334.9800109863281,$343,$334.7900085449219
12/09/2021,$333.1000061035156,22214200,$334.4100036621094,$336.489990234375,$332.1199951171875
12/08/2021,$334.9700012207031,24761000,$335.30999755859375,$335.5,$330.79998779296875
12/07/2021,$334.9200134277344,31021900,$331.6400146484375,$335.79998779296875,$330.1000061035156
12/06/2021,$326.19000244140625,30032600,$323.95001220703125,$327.45001220703125,$319.2300109863281
12/03/2021,$323.010009765625,41779300,$331.989990234375,$332.70001220703125,$318.0299987792969
12/02/2021,$329.489990234375,30766000,$330.29998779296875,$333.489990234375,$327.79998779296875
12/01/2021,$330.0799865722656,33337600,$335.1300048828125,$339.2799987792969,$329.3900146484375
11/30/2021,$330.5899963378906,42885600,$335.32000732421875,$337.7799987792969,$328.989990234375
11/29/2021,$336.6300048828125,28563500,$334.94000244140625,$339.0299987792969,$334.739990234375
11/26/2021,$329.67999267578125,24217200,$334.3500061035156,$337.92999267578125,$328.1199951171875
11/24/2021,$337.9100036621094,21661300,$336.2799987792969,$338.1600036621094,$333.9100036621094
11/23/2021,$337.67999267578125,30427600,$337.04998779296875,$339.45001220703125,$333.55999755859375
11/22/2021,$339.8299865722656,31031100,$344.6199951171875,$349.6700134277344,$339.54998779296875
11/19/2021,$343.1099853515625,21963400,$342.6400146484375,$345.1000061035156,$342.20001220703125
11/18/2021,$341.2699890136719,22463500,$338.17999267578125,$342.45001220703125,$337.1199951171875
11/17/2021,$339.1199951171875,19053400,$338.94000244140625,$342.19000244140625,$338
11/16/2021,$339.510009765625,20886800,$335.67999267578125,$340.6700134277344,$335.510009765625
11/15/2021,$336.07000732421875,16723000,$337.5400085449219,$337.8800048828125,$334.0299987792969
11/12/2021,$336.7200012207031,23831000,$333.9200134277344,$337.2300109863281,$333.7900085449219
11/11/2021,$332.42999267578125,16849800,$331.25,$333.7699890136719,$330.510009765625
11/10/2021,$330.79998779296875,25500900,$334.57000732421875,$334.6300048828125,$329.9200134277344
11/09/2021,$335.95001220703125,21307400,$337.1099853515625,$338.7200012207031,$334.5299987792969
11/08/2021,$336.989990234375,20897000,$337.29998779296875,$337.6499938964844,$334.44000244140625
11/05/2021,$336.05999755859375,22570100,$338.510009765625,$338.7900085449219,$334.4200134277344
11/04/2021,$336.44000244140625,23992200,$332.8900146484375,$336.5400085449219,$329.510009765625
11/03/2021,$334,21500100,$333.8999938964844,$334.8999938964844,$330.6499938964844
11/02/2021,$333.1300048828125,26487100,$330.30999755859375,$333.45001220703125,$330
11/01/2021,$329.3699951171875,27073200,$331.3599853515625,$331.489990234375,$326.3699951171875
10/29/2021,$331.6199951171875,34766000,$324.1300048828125,$332,$323.8999938964844
10/28/2021,$324.3500061035156,26297900,$324.3299865722656,$324.8699951171875,$321.3599853515625
10/27/2021,$323.1700134277344,52588700,$316,$326.1000061035156,$316
10/26/2021,$310.1099853515625,28107300,$311,$312.3999938964844,$308.6000061035156
10/25/2021,$308.1300048828125,17554500,$309.3599853515625,$309.3999938964844,$306.4599914550781
10/22/2021,$309.1600036621094,17449300,$310.3999938964844,$311.0899963378906,$307.79998779296875
10/21/2021,$310.760009765625,16918100,$307.1700134277344,$311.0199890136719,$306.3599853515625
10/20/2021,$307.4100036621094,16537100,$309.2099914550781,$309.70001220703125,$306.1099853515625
10/19/2021,$308.2300109863281,17682100,$308.3500061035156,$309.29998779296875,$307.2200012207031
10/18/2021,$307.2900085449219,22729300,$303.57000732421875,$308.2099914550781,$302.69000244140625
10/15/2021,$304.2099914550781,25384800,$302.3399963378906,$304.45001220703125,$300.5199890136719
10/14/2021,$302.75,27262900,$299.2099914550781,$303.2699890136719,$297.8299865722656
10/13/2021,$296.30999755859375,23416300,$294.9100036621094,$297.2799987792969,$293.489990234375
10/12/2021,$292.8800048828125,17974100,$295.3399963378906,$295.44000244140625,$292.3500061035156
10/11/2021,$294.2300109863281,19298600,$292.9200134277344,$297.9700012207031,$292.75
10/08/2021,$294.8500061035156,17685700,$296.2200012207031,$296.6400146484375,$293.760009765625
10/07/2021,$294.8500061035156,20430500,$295.17999267578125,$296.6400146484375,$293.9200134277344
10/06/2021,$293.1099853515625,28002600,$285.7799987792969,$293.6300048828125,$285.510009765625
10/05/2021,$288.760009765625,24993000,$284.04998779296875,$290.3999938964844,$284.04998779296875
10/04/2021,$283.1099853515625,31350700,$287.3999938964844,$287.75,$280.25
10/01/2021,$289.1000061035156,30086300,$282.1199951171875,$289.9800109863281,$281.2900085449219
09/30/2021,$281.9200134277344,32343600,$285.7099914550781,$287.8299865722656,$281.6199951171875
09/29/2021,$284,26353700,$285.1000061035156,$286.7699890136719,$283.010009765625
09/28/2021,$283.5199890136719,43186200,$289.79998779296875,$290.7799987792969,$282.75
09/27/2021,$294.1700134277344,23571700,$296.1400146484375,$296.4700012207031,$292.94000244140625
09/24/2021,$299.3500061035156,14999000,$298.2300109863281,$299.79998779296875,$296.92999267578125
09/23/2021,$299.55999755859375,18604600,$298.8500061035156,$300.8999938964844,$297.5299987792969
09/22/2021,$298.5799865722656,26626300,$296.7300109863281,$300.2200012207031,$294.510009765625
09/21/2021,$294.79998779296875,22364100,$295.69000244140625,$297.5400085449219,$294.07000732421875
09/20/2021,$294.29998779296875,38278700,$296.3299865722656,$298.7200012207031,$289.5199890136719
09/17/2021,$299.8699951171875,41372500,$304.1700134277344,$304.5,$299.5299987792969
09/16/2021,$305.2200012207031,19550800,$303.760009765625,$305.30999755859375,$300.760009765625
09/15/2021,$304.82000732421875,28356300,$303.260009765625,$305.32000732421875,$301.82000732421875
09/14/2021,$299.7900085449219,21853400,$299.55999755859375,$301.3900146484375,$298.1000061035156
09/13/2021,$296.989990234375,23652900,$297.54998779296875,$298.5400085449219,$294.0799865722656
09/10/2021,$295.7099914550781,19633400,$298.4200134277344,$299.9200134277344,$295.3800048828125
09/09/2021,$297.25,19927000,$300.82000732421875,$302.1400146484375,$297
09/08/2021,$300.2099914550781,15046800,$299.7799987792969,$300.6099853515625,$297.4700012207031
09/07/2021,$300.17999267578125,17180400,$301.010009765625,$301.0899963378906,$298.20001220703125
09/03/2021,$301.1400146484375,14747900,$300.989990234375,$302.6000061035156,$300.260009765625
09/02/2021,$301.1499938964844,16285600,$302.20001220703125,$303.3599853515625,$300.17999267578125
09/01/2021,$301.8299865722656,18983800,$302.8699951171875,$305.19000244140625,$301.489990234375
08/31/2021,$301.8800048828125,26285300,$304.4200134277344,$304.5,$301.5
08/30/2021,$303.5899963378906,16348100,$301.1199951171875,$304.2200012207031,$301.05999755859375
08/27/2021,$299.7200012207031,22605700,$298.989990234375,$300.8699951171875,$296.8299865722656
08/26/2021,$299.0899963378906,17666100,$300.989990234375,$302.42999267578125,$298.95001220703125
08/25/2021,$302.010009765625,20006100,$304.29998779296875,$304.5899963378906,$300.4200134277344
08/24/2021,$302.6199951171875,18175800,$305.0199890136719,$305.6499938964844,$302
08/23/2021,$304.6499938964844,22830200,$303.25,$305.3999938964844,$301.8500061035156
08/20/2021,$304.3599853515625,40817600,$299.7200012207031,$305.8399963378906,$298.05999755859375
08/19/2021,$296.7699890136719,29850500,$288.69000244140625,$297.4700012207031,$288.6400146484375
08/18/2021,$290.7300109863281,21813000,$292.0400085449219,$294.82000732421875,$290.2699890136719
08/17/2021,$293.0799865722656,20075300,$292.3900146484375,$293.42999267578125,$291.0799865722656
08/16/2021,$294.6000061035156,22507600,$293.19000244140625,$294.82000732421875,$290.0199890136719
08/13/2021,$292.8500061035156,18249000,$289.4800109863281,$292.8999938964844,$289.29998779296875
08/12/2021,$289.80999755859375,14561300,$286.6300048828125,$289.9700012207031,$286.3399963378906
08/11/2021,$286.95001220703125,13955900,$287.2099914550781,$288.6600036621094,$285.8599853515625
08/10/2021,$286.44000244140625,18616600,$288.79998779296875,$289.25,$285.20001220703125
08/09/2021,$288.3299865722656,16117600,$289.75,$291.54998779296875,$287.80999755859375
08/06/2021,$289.4599914550781,16589300,$288.510009765625,$289.5,$287.6199951171875
08/05/2021,$289.5199890136719,13900200,$286.8800048828125,$289.6300048828125,$286.1000061035156
08/04/2021,$286.510009765625,16191300,$286.2200012207031,$287.5899963378906,$284.6499938964844
08/03/2021,$287.1199951171875,17879000,$285.4200134277344,$287.2300109863281,$284
08/02/2021,$284.82000732421875,16267400,$286.3599853515625,$286.7699890136719,$283.739990234375
07/30/2021,$284.9100036621094,20944800,$285.1700134277344,$286.6600036621094,$283.9100036621094
07/29/2021,$286.5,18168300,$286.239990234375,$288.6199951171875,$286.0799865722656
07/28/2021,$286.2200012207031,33566900,$288.989990234375,$290.1499938964844,$283.8299865722656
07/27/2021,$286.5400085449219,33604100,$289.42999267578125,$289.5799865722656,$282.95001220703125
07/26/2021,$289.04998779296875,23176100,$289,$289.69000244140625,$286.6400146484375
07/23/2021,$289.6700134277344,22768100,$287.3699951171875,$289.989990234375,$286.5
07/22/2021,$286.1400146484375,23384100,$283.8399963378906,$286.4200134277344,$283.4200134277344
07/21/2021,$281.3999938964844,24364300,$278.8999938964844,$281.5199890136719,$277.2900085449219
07/20/2021,$279.32000732421875,26259700,$278.0299987792969,$280.9700012207031,$276.260009765625
07/19/2021,$277.010009765625,32935600,$278.92999267578125,$280.3699951171875,$274.45001220703125
07/16/2021,$280.75,26186800,$282.07000732421875,$284.1000061035156,$279.4599914550781
07/15/2021,$281.0299987792969,22604200,$282,$282.510009765625,$279.8299865722656
07/14/2021,$282.510009765625,23113700,$282.3500061035156,$283.6600036621094,$280.54998779296875
07/13/2021,$280.9800109863281,26120100,$277.5199890136719,$282.8500061035156,$277.3900146484375
07/12/2021,$277.32000732421875,18931700,$279.1600036621094,$279.7699890136719,$276.5799865722656
07/09/2021,$277.94000244140625,23916700,$275.7200012207031,$278.04998779296875,$275.32000732421875
07/08/2021,$277.4200134277344,24618600,$276.8999938964844,$278.7300109863281,$274.8699951171875
07/07/2021,$279.92999267578125,23260000,$279.3999938964844,$280.69000244140625,$277.1499938964844
07/06/2021,$277.6600036621094,31565600,$278.0299987792969,$279.3699951171875,$274.29998779296875
07/02/2021,$277.6499938964844,26458000,$272.82000732421875,$278,$272.5
07/01/2021,$271.6000061035156,16725300,$269.6099853515625,$271.8399963378906,$269.6000061035156
06/30/2021,$270.8999938964844,21656500,$270.69000244140625,$271.3599853515625,$269.6000061035156
06/29/2021,$271.3999938964844,19937800,$268.8699951171875,$271.6499938964844,$267.9800109863281
06/28/2021,$268.7200012207031,19590000,$266.19000244140625,$268.8999938964844,$265.9100036621094
06/25/2021,$265.0199890136719,25611100,$266.2300109863281,$267.25,$264.760009765625
06/24/2021,$266.69000244140625,21446900,$266.1600036621094,$267.8500061035156,$265.4700012207031
06/23/2021,$265.2699890136719,19518700,$265.989990234375,$266.8299865722656,$264.42999267578125
06/22/2021,$265.510009765625,24694100,$262.7200012207031,$265.7900085449219,$262.3999938964844
06/21/2021,$262.6300048828125,26696100,$259.82000732421875,$263.5199890136719,$257.9200134277344
06/18/2021,$259.42999267578125,37202200,$259.6300048828125,$262.29998779296875,$258.75
06/17/2021,$260.8999938964844,27565500,$256.07000732421875,$261.75,$256.010009765625
06/16/2021,$257.3800048828125,27220000,$259.3999938964844,$260.5799865722656,$254.4199981689453
06/15/2021,$258.3599853515625,18038900,$259.7699890136719,$259.989990234375,$257.67999267578125
06/14/2021,$259.8900146484375,19150500,$257.8999938964844,$259.95001220703125,$256.79998779296875
06/11/2021,$257.8900146484375,18999700,$257.989990234375,$258.489990234375,$256.6099853515625
06/10/2021,$257.239990234375,24563600,$254.2899932861328,$257.4599914550781,$253.6699981689453
06/09/2021,$253.58999633789062,17937600,$253.80999755859375,$255.52999877929688,$253.2100067138672
06/08/2021,$252.57000732421875,22455000,$255.16000366210938,$256.010009765625,$252.50999450683594
06/07/2021,$253.80999755859375,23079200,$249.97999572753906,$254.08999633789062,$249.80999755859375
06/04/2021,$250.7899932861328,25281100,$247.75999450683594,$251.64999389648438,$247.50999450683594
06/03/2021,$245.7100067138672,25307700,$245.22000122070312,$246.33999633789062,$243
06/02/2021,$247.3000030517578,19406700,$248.1300048828125,$249.27000427246094,$245.83999633789062
06/01/2021,$247.39999389648438,23213300,$251.22999572753906,$251.2899932861328,$246.9600067138672
05/28/2021,$249.67999267578125,18270200,$251,$252.0800018310547,$249.55999755859375
05/27/2021,$249.30999755859375,24426200,$251.1699981689453,$251.47999572753906,$249.25
05/26/2021,$251.49000549316406,17771600,$251.42999267578125,$252.94000244140625,$250.75
05/25/2021,$251.72000122070312,17704300,$251.77000427246094,$252.75,$250.82000732421875
05/24/2021,$250.77999877929688,21411500,$247.7899932861328,$251.16000366210938,$247.50999450683594
05/21/2021,$245.1699981689453,21863100,$247.57000732421875,$248.3300018310547,$244.74000549316406
05/20/2021,$246.47999572753906,21800700,$243.9600067138672,$247.9499969482422,$243.86000061035156
05/19/2021,$243.1199951171875,25739800,$239.30999755859375,$243.22999572753906,$238.60000610351562
05/18/2021,$243.0800018310547,20168000,$246.27000427246094,$246.41000366210938,$242.89999389648438
05/17/2021,$245.17999267578125,24970200,$246.5500030517578,$246.58999633789062,$243.52000427246094
05/14/2021,$248.14999389648438,23901100,$245.5800018310547,$249.17999267578125,$245.49000549316406
05/13/2021,$243.02999877929688,29624300,$241.8000030517578,$245.60000610351562,$241.4199981689453
05/12/2021,$239,36684400,$242.1699981689453,$244.3800048828125,$238.07000732421875
05/11/2021,$246.22999572753906,33641600,$244.5500030517578,$246.60000610351562,$242.57000732421875
05/10/2021,$247.17999267578125,29299900,$250.8699951171875,$251.72999572753906,$247.1199951171875
05/07/2021,$252.4600067138672,27032900,$252.14999389648438,$254.3000030517578,$251.1699981689453
05/06/2021,$249.72999572753906,26491100,$246.4499969482422,$249.86000061035156,$244.69000244140625
05/05/2021,$246.47000122070312,21901300,$249.05999755859375,$249.5,$245.82000732421875
05/04/2021,$247.7899932861328,32756100,$250.97000122070312,$251.2100067138672,$245.75999450683594
05/03/2021,$251.86000061035156,19626600,$253.39999389648438,$254.35000610351562,$251.1199951171875
04/30/2021,$252.17999267578125,30945100,$249.74000549316406,$253.0800018310547,$249.60000610351562
04/29/2021,$252.50999450683594,40589000,$255.4600067138672,$256.1000061035156,$249
04/28/2021,$254.55999755859375,46903100,$256.0799865722656,$256.5400085449219,$252.9499969482422
04/27/2021,$261.9700012207031,31014200,$261.5799865722656,$263.19000244140625,$260.1199951171875
04/26/2021,$261.54998779296875,19763300,$261.6600036621094,$262.44000244140625,$260.1700134277344
04/23/2021,$261.1499938964844,21462600,$257.8800048828125,$261.510009765625,$257.2699890136719
04/22/2021,$257.1700134277344,25606200,$260.2099914550781,$261.7799987792969,$255.63999938964844
04/21/2021,$260.5799865722656,24030400,$258.94000244140625,$260.67999267578125,$257.25
04/20/2021,$258.260009765625,19722900,$257.82000732421875,$260.20001220703125,$256.8399963378906
04/19/2021,$258.739990234375,23209300,$260.19000244140625,$261.4800109863281,$257.82000732421875
04/16/2021,$260.739990234375,24878600,$259.4700012207031,$261,$257.6000061035156
04/15/2021,$259.5,25627500,$257.92999267578125,$259.92999267578125,$257.7300109863281
04/14/2021,$255.58999633789062,23070900,$257.4800109863281,$258.8299865722656,$255.16000366210938
04/13/2021,$258.489990234375,23837500,$257.260009765625,$259.19000244140625,$256.8299865722656
04/12/2021,$255.91000366210938,27148700,$254.7100067138672,$257.6700134277344,$254.6199951171875
04/09/2021,$255.85000610351562,24326800,$252.8699951171875,$255.99000549316406,$252.44000244140625
04/08/2021,$253.25,23625200,$252.77000427246094,$254.13999938964844,$252
04/07/2021,$249.89999389648438,22719800,$247.80999755859375,$250.92999267578125,$247.19000244140625
04/06/2021,$247.86000061035156,22931900,$247.61000061035156,$249.39999389648438,$246.8800048828125
04/05/2021,$249.07000732421875,36910600,$242.75999450683594,$249.9600067138672,$242.6999969482422
04/01/2021,$242.35000610351562,30338000,$238.47000122070312,$242.83999633789062,$238.0500030517578
03/31/2021,$235.77000427246094,43623500,$232.91000366210938,$239.10000610351562,$232.38999938964844
03/30/2021,$231.85000610351562,24792000,$233.52999877929688,$233.85000610351562,$231.10000610351562
03/29/2021,$235.24000549316406,25227500,$236.58999633789062,$236.8000030517578,$231.8800048828125
03/26/2021,$236.47999572753906,25479900,$231.5500030517578,$236.7100067138672,$231.5500030517578
03/25/2021,$232.33999633789062,34061900,$235.3000030517578,$236.94000244140625,$231.57000732421875
03/24/2021,$235.4600067138672,25620100,$237.85000610351562,$238,$235.32000732421875
03/23/2021,$237.5800018310547,31638400,$237.49000549316406,$241.0500030517578,$237.07000732421875
03/22/2021,$235.99000549316406,30127000,$230.27000427246094,$236.89999389648438,$230.13999938964844
03/19/2021,$230.35000610351562,46430700,$231.02000427246094,$232.47000122070312,$229.35000610351562
03/18/2021,$230.72000122070312,34833000,$232.55999755859375,$234.19000244140625,$230.3300018310547
03/17/2021,$237.0399932861328,29562100,$236.14999389648438,$238.5500030517578,$233.22999572753906
03/16/2021,$237.7100067138672,28092200,$236.27999877929688,$240.05999755859375,$235.94000244140625
03/15/2021,$234.80999755859375,26034900,$234.9600067138672,$235.19000244140625,$231.80999755859375
03/12/2021,$235.75,22653700,$234.00999450683594,$235.82000732421875,$233.22999572753906
03/11/2021,$237.1300048828125,29907600,$234.9600067138672,$239.1699981689453,$234.30999755859375
03/10/2021,$232.4199981689453,29746800,$237,$237,$232.0399932861328
03/09/2021,$233.77999877929688,33080500,$232.8800048828125,$235.3800048828125,$231.6699981689453
03/08/2021,$227.38999938964844,35267400,$231.3699951171875,$233.3699951171875,$227.1300048828125
03/05/2021,$231.60000610351562,41872800,$229.52000427246094,$233.27000427246094,$226.4600067138672
03/04/2021,$226.72999572753906,44727800,$226.74000549316406,$232.49000549316406,$224.25999450683594
03/03/2021,$227.55999755859375,34029500,$232.16000366210938,$233.5800018310547,$227.25999450683594
03/02/2021,$233.8699951171875,22812500,$237.00999450683594,$237.3000030517578,$233.4499969482422
03/01/2021,$236.94000244140625,25324000,$235.89999389648438,$237.47000122070312,$233.14999389648438
02/26/2021,$232.3800048828125,37819200,$231.52999877929688,$235.3699951171875,$229.5399932861328
02/25/2021,$228.99000549316406,39542200,$232.0800018310547,$234.58999633789062,$227.8800048828125
02/24/2021,$234.5500030517578,26339700,$230.00999450683594,$235.1999969482422,$229
02/23/2021,$233.27000427246094,30228700,$230.3300018310547,$234.8300018310547,$228.72999572753906
02/22/2021,$234.50999450683594,36446900,$237.4199981689453,$237.92999267578125,$232.39999389648438
02/19/2021,$240.97000122070312,25262600,$243.75,$243.86000061035156,$240.17999267578125
02/18/2021,$243.7899932861328,16925600,$241.8000030517578,$243.92999267578125,$240.86000061035156
02/17/2021,$244.1999969482422,21653500,$241.32000732421875,$244.30999755859375,$240.94000244140625
02/16/2021,$243.6999969482422,26728500,$245.02999877929688,$246.1300048828125,$242.9199981689453
02/12/2021,$244.99000549316406,16561100,$243.92999267578125,$245.3000030517578,$242.72999572753906
02/11/2021,$244.49000549316406,15751100,$244.77999877929688,$245.14999389648438,$242.14999389648438
02/10/2021,$242.82000732421875,22186700,$245,$245.9199981689453,$240.88999938964844
02/09/2021,$243.77000427246094,23565000,$241.8699951171875,$244.75999450683594,$241.3800048828125
02/08/2021,$242.47000122070312,22211900,$243.14999389648438,$243.67999267578125,$240.80999755859375
02/05/2021,$242.1999969482422,18054800,$242.22999572753906,$243.27999877929688,$240.4199981689453
02/04/2021,$242.00999450683594,25296100,$242.66000366210938,$243.24000549316406,$240.3699951171875
02/03/2021,$243,27158100,$239.57000732421875,$245.08999633789062,$239.25999450683594
02/02/2021,$239.50999450683594,25916300,$241.3000030517578,$242.30999755859375,$238.69000244140625
02/01/2021,$239.64999389648438,33314200,$235.05999755859375,$242.5,$232.42999267578125
01/29/2021,$231.9600067138672,42503100,$235.99000549316406,$238.02000427246094,$231.35000610351562
01/28/2021,$238.92999267578125,49111200,$235.61000061035156,$242.63999938964844,$235.08999633789062
01/27/2021,$232.89999389648438,69870600,$238,$240.44000244140625,$230.13999938964844
01/26/2021,$232.3300018310547,49169600,$231.86000061035156,$234.17999267578125,$230.0800018310547
01/25/2021,$229.52999877929688,33152100,$229.1199951171875,$229.77999877929688,$224.22000122070312
01/22/2021,$225.9499969482422,30172700,$227.0800018310547,$230.07000732421875,$225.8000030517578
01/21/2021,$224.97000122070312,30709400,$224.6999969482422,$226.3000030517578,$222.4199981689453
01/20/2021,$224.33999633789062,37777300,$217.6999969482422,$225.7899932861328,$217.2899932861328
01/19/2021,$216.44000244140625,30480900,$213.75,$216.97999572753906,$212.6300048828125
01/15/2021,$212.64999389648438,31746500,$213.52000427246094,$214.50999450683594,$212.02999877929688
01/14/2021,$213.02000427246094,29480800,$215.91000366210938,$217.4600067138672,$212.74000549316406
01/13/2021,$216.33999633789062,20087100,$214.02000427246094,$216.75999450683594,$213.92999267578125
01/12/2021,$214.92999267578125,23249300,$216.5,$217.10000610351562,$213.32000732421875
01/11/2021,$217.49000549316406,23031300,$218.47000122070312,$218.91000366210938,$216.72999572753906
01/08/2021,$219.6199951171875,22956200,$218.67999267578125,$220.5800018310547,$217.02999877929688
01/07/2021,$218.2899932861328,27694500,$214.0399932861328,$219.33999633789062,$213.7100067138672
01/06/2021,$212.25,35930700,$212.1699981689453,$216.49000549316406,$211.94000244140625
01/05/2021,$217.89999389648438,23823000,$217.25999450683594,$218.52000427246094,$215.6999969482422
01/04/2021,$217.69000244140625,37130100,$222.52999877929688,$223,$214.80999755859375
12/31/2020,$222.4199981689453,20942100,$221.6999969482422,$223,$219.67999267578125
12/30/2020,$221.67999267578125,20272300,$225.22999572753906,$225.6300048828125,$221.47000122070312
12/29/2020,$224.14999389648438,17403200,$226.30999755859375,$227.17999267578125,$223.5800018310547
12/28/2020,$224.9600067138672,17933500,$224.4499969482422,$226.02999877929688,$223.02000427246094
12/24/2020,$222.75,10550600,$221.4199981689453,$223.61000061035156,$221.1999969482422
12/23/2020,$221.02000427246094,18699600,$223.11000061035156,$223.55999755859375,$220.8000030517578
12/22/2020,$223.94000244140625,22612200,$222.69000244140625,$225.6300048828125,$221.85000610351562
12/21/2020,$222.58999633789062,37181900,$217.5500030517578,$224,$217.27999877929688
12/18/2020,$218.58999633789062,63354900,$218.58999633789062,$219.69000244140625,$216.02000427246094
12/17/2020,$219.4199981689453,32515800,$219.8699951171875,$220.88999938964844,$217.9199981689453
12/16/2020,$219.27999877929688,35023300,$214.75,$220.11000061035156,$214.72000122070312
12/15/2020,$214.1300048828125,27000600,$215.1699981689453,$215.4199981689453,$212.24000549316406
12/14/2020,$214.1999969482422,28798400,$213.10000610351562,$216.2100067138672,$212.8800048828125
12/11/2020,$213.25999450683594,30979400,$210.0500030517578,$213.32000732421875,$209.11000061035156
12/10/2020,$210.52000427246094,26733300,$211.77000427246094,$213.0800018310547,$210.36000061035156
12/09/2020,$211.8000030517578,32440600,$215.16000366210938,$215.22999572753906,$211.2100067138672
12/08/2020,$216.00999450683594,23284100,$213.97000122070312,$216.9499969482422,$212.88999938964844
12/07/2020,$214.2899932861328,24620000,$214.3699951171875,$215.5399932861328,$212.99000549316406
12/04/2020,$214.36000061035156,24666000,$214.22000122070312,$215.3800048828125,$213.17999267578125
12/03/2020,$214.24000549316406,25120900,$214.61000061035156,$216.3800048828125,$213.64999389648438
12/02/2020,$215.3699951171875,23724500,$214.8800048828125,$215.47000122070312,$212.8000030517578
12/01/2020,$216.2100067138672,30904500,$214.50999450683594,$217.32000732421875,$213.35000610351562
11/30/2020,$214.07000732421875,33064800,$214.10000610351562,$214.75999450683594,$210.83999633789062
11/27/2020,$215.22999572753906,14512200,$214.85000610351562,$216.27000427246094,$214.0399932861328
11/25/2020,$213.8699951171875,21012900,$215.11000061035156,$215.2899932861328,$212.4600067138672
11/24/2020,$213.86000061035156,33979700,$209.58999633789062,$214.25,$208.86000061035156
11/23/2020,$210.11000061035156,25683500,$210.9499969482422,$212.2899932861328,$208.16000366210938
11/20/2020,$210.38999938964844,22843100,$212.1999969482422,$213.2899932861328,$210
11/19/2020,$212.4199981689453,24792700,$211.3800048828125,$213.02999877929688,$209.92999267578125
11/18/2020,$211.0800018310547,28372800,$213.64999389648438,$215.1699981689453,$210.92999267578125
11/17/2020,$214.4600067138672,24154100,$216.10000610351562,$217.67999267578125,$214.0800018310547
11/16/2020,$217.22999572753906,24953300,$214.8699951171875,$217.74000549316406,$214.52000427246094
11/13/2020,$216.50999450683594,18621100,$216.36000061035156,$217.4199981689453,$214.16000366210938
11/12/2020,$215.44000244140625,21593900,$217.2100067138672,$219.11000061035156,$214.4600067138672
11/11/2020,$216.5500030517578,29440800,$212.38999938964844,$218.0399932861328,$212.1999969482422
11/10/2020,$211.00999450683594,44045100,$214.5,$216.5,$209.72000122070312
11/09/2020,$218.38999938964844,44395000,$224.44000244140625,$228.1199951171875,$217.8800048828125
11/06/2020,$223.72000122070312,25231900,$222.25999450683594,$224.36000061035156,$218.02999877929688
11/05/2020,$223.2899932861328,36080100,$222.0399932861328,$224.1199951171875,$221.14999389648438
11/04/2020,$216.38999938964844,42311800,$214.02000427246094,$218.32000732421875,$212.4199981689453
11/03/2020,$206.42999267578125,27512000,$203.88999938964844,$208.1199951171875,$203.1199951171875
11/02/2020,$202.3300018310547,30842200,$204.2899932861328,$205.27999877929688,$200.1199951171875
10/30/2020,$202.47000122070312,36953700,$203.5,$204.2899932861328,$199.6199951171875
10/29/2020,$204.72000122070312,31432600,$204.07000732421875,$207.36000061035156,$203.3699951171875
10/28/2020,$202.67999267578125,51195600,$207.6699981689453,$208.83999633789062,$202.10000610351562
10/27/2020,$213.25,36700300,$211.58999633789062,$214.6699981689453,$210.3300018310547
10/26/2020,$210.0800018310547,37111600,$213.85000610351562,$216.33999633789062,$208.10000610351562
10/23/2020,$216.22999572753906,18879600,$215.02999877929688,$216.27999877929688,$213.16000366210938
10/22/2020,$214.88999938964844,22351500,$213.92999267578125,$216.05999755859375,$211.6999969482422
10/21/2020,$214.8000030517578,22724900,$213.1199951171875,$216.9199981689453,$213.1199951171875
10/20/2020,$214.64999389648438,22753500,$215.8000030517578,$217.3699951171875,$213.08999633789062
10/19/2020,$214.22000122070312,27625800,$220.4199981689453,$222.3000030517578,$213.72000122070312
10/16/2020,$219.66000366210938,26057900,$220.14999389648438,$222.2899932861328,$219.32000732421875
10/15/2020,$219.66000366210938,22733100,$217.10000610351562,$220.36000061035156,$216.00999450683594
10/14/2020,$220.86000061035156,23421700,$223,$224.22000122070312,$219.1300048828125
10/13/2020,$222.86000061035156,28950800,$222.72000122070312,$225.2100067138672,$220.42999267578125
10/12/2020,$221.39999389648438,40461400,$218.7899932861328,$223.86000061035156,$216.80999755859375
10/09/2020,$215.80999755859375,26458000,$211.22999572753906,$215.86000061035156,$211.22999572753906
10/08/2020,$210.5800018310547,19925800,$210.50999450683594,$211.19000244140625,$208.32000732421875
10/07/2020,$209.8300018310547,25681100,$207.05999755859375,$210.11000061035156,$206.72000122070312
10/06/2020,$205.91000366210938,28554300,$208.82000732421875,$210.17999267578125,$204.82000732421875
10/05/2020,$210.3800048828125,21331600,$207.22000122070312,$210.41000366210938,$206.97999572753906
10/02/2020,$206.19000244140625,33154800,$208,$210.99000549316406,$205.5399932861328
10/01/2020,$212.4600067138672,27158400,$213.49000549316406,$213.99000549316406,$211.32000732421875
09/30/2020,$210.3300018310547,33829100,$207.72999572753906,$211.97999572753906,$206.5399932861328
09/29/2020,$207.25999450683594,24221900,$209.35000610351562,$210.07000732421875,$206.80999755859375
09/28/2020,$209.44000244140625,32004900,$210.8800048828125,$212.57000732421875,$208.05999755859375
09/25/2020,$207.82000732421875,29437300,$203.5500030517578,$209.0399932861328,$202.5399932861328
09/24/2020,$203.19000244140625,31202500,$199.85000610351562,$205.57000732421875,$199.1999969482422
09/23/2020,$200.58999633789062,30803800,$207.89999389648438,$208.10000610351562,$200.02999877929688
09/22/2020,$207.4199981689453,33517100,$205.05999755859375,$208.10000610351562,$202.0800018310547
09/21/2020,$202.5399932861328,39839700,$197.19000244140625,$202.7100067138672,$196.3800048828125
09/18/2020,$200.38999938964844,55225300,$202.8000030517578,$203.64999389648438,$196.25
09/17/2020,$202.91000366210938,34011300,$200.0500030517578,$204.3300018310547,$199.9600067138672
09/16/2020,$205.0500030517578,26328100,$210.6199951171875,$210.64999389648438,$204.63999938964844
09/15/2020,$208.77999877929688,21823900,$208.4199981689453,$209.77999877929688,$206.92999267578125
09/14/2020,$205.41000366210938,30375800,$204.24000549316406,$209.1999969482422,$204.02999877929688
09/11/2020,$204.02999877929688,33620100,$207.1999969482422,$208.6300048828125,$201.24000549316406
09/10/2020,$205.3699951171875,35461500,$213.39999389648438,$214.74000549316406,$204.11000061035156
09/09/2020,$211.2899932861328,45679000,$207.60000610351562,$214.83999633789062,$206.6999969482422
09/08/2020,$202.66000366210938,52924300,$206.5,$210.02999877929688,$202.1999969482422
09/04/2020,$214.25,59664100,$215.10000610351562,$218.36000061035156,$205.19000244140625
09/03/2020,$217.3000030517578,58400300,$229.27000427246094,$229.30999755859375,$214.9600067138672
09/02/2020,$231.64999389648438,34080800,$227.97000122070312,$232.86000061035156,$227.35000610351562
09/01/2020,$227.27000427246094,25725500,$225.50999450683594,$227.4499969482422,$224.42999267578125
08/31/2020,$225.52999877929688,28774200,$227,$228.6999969482422,$224.30999755859375
08/28/2020,$228.91000366210938,26292900,$228.17999267578125,$230.63999938964844,$226.5800018310547
08/27/2020,$226.5800018310547,57602200,$222.88999938964844,$231.14999389648438,$219.39999389648438
08/26/2020,$221.14999389648438,39600800,$217.8800048828125,$222.08999633789062,$217.36000061035156
08/25/2020,$216.47000122070312,23043700,$213.10000610351562,$216.61000061035156,$213.10000610351562
08/24/2020,$213.69000244140625,25460100,$214.7899932861328,$215.52000427246094,$212.42999267578125
08/21/2020,$213.02000427246094,36249300,$213.86000061035156,$216.25,$212.85000610351562
08/20/2020,$214.5800018310547,26981500,$209.5399932861328,$215,$208.91000366210938
08/19/2020,$209.6999969482422,27627600,$211.49000549316406,$212.10000610351562,$209.25
08/18/2020,$211.49000549316406,21336200,$210.52999877929688,$212.36000061035156,$209.2100067138672
08/17/2020,$210.27999877929688,20184800,$209.60000610351562,$211.19000244140625,$208.9199981689453
08/14/2020,$208.89999389648438,17958900,$208.75999450683594,$209.58999633789062,$207.50999450683594
08/13/2020,$208.6999969482422,22588900,$209.44000244140625,$211.35000610351562,$208.14999389648438
08/12/2020,$209.19000244140625,28013100,$205.2899932861328,$210.27999877929688,$204.75
08/11/2020,$203.3800048828125,36446500,$207.16000366210938,$207.64999389648438,$203.13999938964844
08/10/2020,$208.25,36716500,$211.6699981689453,$211.8800048828125,$206.35000610351562
08/07/2020,$212.47999572753906,27820400,$214.85000610351562,$215.6999969482422,$210.92999267578125
08/06/2020,$216.35000610351562,32656800,$212.33999633789062,$216.3699951171875,$211.5500030517578
08/05/2020,$212.94000244140625,28806400,$214.89999389648438,$215,$211.57000732421875
08/04/2020,$213.2899932861328,49280100,$214.1699981689453,$214.77000427246094,$210.30999755859375
08/03/2020,$216.5399932861328,78983000,$211.52000427246094,$217.63999938964844,$210.44000244140625
07/31/2020,$205.00999450683594,51044000,$204.39999389648438,$205.10000610351562,$199.00999450683594
07/30/2020,$203.89999389648438,25079600,$201,$204.4600067138672,$199.57000732421875
07/29/2020,$204.05999755859375,19632600,$202.5,$204.64999389648438,$202.00999450683594
07/28/2020,$202.02000427246094,23251400,$203.61000061035156,$204.6999969482422,$201.74000549316406
07/27/2020,$203.85000610351562,30160900,$201.47000122070312,$203.97000122070312,$200.86000061035156
07/24/2020,$201.3000030517578,39827000,$200.4199981689453,$202.86000061035156,$197.50999450683594
07/23/2020,$202.5399932861328,67457000,$207.19000244140625,$210.9199981689453,$202.14999389648438
07/22/2020,$211.75,49605700,$209.1999969482422,$212.3000030517578,$208.38999938964844
07/21/2020,$208.75,37990400,$213.66000366210938,$213.94000244140625,$208.02999877929688
07/20/2020,$211.60000610351562,36884800,$205,$212.3000030517578,$203.00999450683594
07/17/2020,$202.8800048828125,31635300,$204.47000122070312,$205.0399932861328,$201.38999938964844
07/16/2020,$203.9199981689453,29940700,$205.39999389648438,$205.6999969482422,$202.30999755859375
07/15/2020,$208.0399932861328,32179400,$209.55999755859375,$211.3300018310547,$205.02999877929688
07/14/2020,$208.35000610351562,37591800,$206.1300048828125,$208.85000610351562,$202.02999877929688
07/13/2020,$207.07000732421875,38135600,$214.47999572753906,$215.8000030517578,$206.5
07/10/2020,$213.6699981689453,26177600,$213.6199951171875,$214.0800018310547,$211.0800018310547
07/09/2020,$214.32000732421875,33121700,$216.3300018310547,$216.3800048828125,$211.47000122070312
07/08/2020,$212.8300018310547,33600000,$210.07000732421875,$213.25999450683594,$208.69000244140625
07/07/2020,$208.25,33600700,$210.4499969482422,$214.6699981689453,$207.99000549316406
07/06/2020,$210.6999969482422,31897600,$208.8300018310547,$211.1300048828125,$208.08999633789062
07/02/2020,$206.25999450683594,29315800,$205.67999267578125,$208.02000427246094,$205
07/01/2020,$204.6999969482422,32061200,$203.13999938964844,$206.35000610351562,$201.77000427246094
06/30/2020,$203.50999450683594,34310300,$197.8800048828125,$204.39999389648438,$197.74000549316406
06/29/2020,$198.44000244140625,26701600,$195.77999877929688,$198.52999877929688,$193.5500030517578
06/26/2020,$196.3300018310547,54675800,$199.72999572753906,$199.88999938964844,$194.8800048828125
06/25/2020,$200.33999633789062,27803900,$197.8000030517578,$200.61000061035156,$195.47000122070312
06/24/2020,$197.83999633789062,36740600,$201.60000610351562,$203.25,$196.55999755859375
06/23/2020,$201.91000366210938,30917400,$202.08999633789062,$203.9499969482422,$201.42999267578125
06/22/2020,$200.57000732421875,32818900,$195.7899932861328,$200.75999450683594,$195.22999572753906
06/19/2020,$195.14999389648438,44441100,$198.58999633789062,$199.2899932861328,$194.3699951171875
06/18/2020,$196.32000732421875,23061600,$194,$196.49000549316406,$194
06/17/2020,$194.24000549316406,25687800,$195.02999877929688,$196.32000732421875,$193.69000244140625
06/16/2020,$193.57000732421875,42556700,$192.88999938964844,$195.5800018310547,$191.4600067138672
06/15/2020,$188.94000244140625,32770200,$184.5800018310547,$190.82000732421875,$184.00999450683594
06/12/2020,$187.74000549316406,43373600,$190.5399932861328,$191.72000122070312,$185.17999267578125
06/11/2020,$186.27000427246094,52854700,$193.1300048828125,$195.75999450683594,$186.07000732421875
06/10/2020,$196.83999633789062,43872300,$191.1300048828125,$198.52000427246094,$191.00999450683594
06/09/2020,$189.8000030517578,29783900,$188,$190.6999969482422,$187.25999450683594
06/08/2020,$188.36000061035156,33211600,$185.94000244140625,$188.5500030517578,$184.44000244140625
06/05/2020,$187.1999969482422,39893600,$182.6199951171875,$187.72999572753906,$182.00999450683594
06/04/2020,$182.9199981689453,28761800,$184.3000030517578,$185.83999633789062,$182.3000030517578
06/03/2020,$185.36000061035156,27311000,$184.82000732421875,$185.94000244140625,$183.5800018310547
06/02/2020,$184.91000366210938,30794600,$184.25,$185,$181.35000610351562
06/01/2020,$182.8300018310547,22622400,$182.5399932861328,$183,$181.4600067138672
05/29/2020,$183.25,42130400,$182.72999572753906,$184.27000427246094,$180.41000366210938
05/28/2020,$181.39999389648438,33810200,$180.74000549316406,$184.14999389648438,$180.3800048828125
05/27/2020,$181.80999755859375,39517100,$180.1999969482422,$181.99000549316406,$176.60000610351562
05/26/2020,$181.57000732421875,36073600,$186.33999633789062,$186.5,$181.10000610351562
05/22/2020,$183.50999450683594,20826900,$183.19000244140625,$184.4600067138672,$182.5399932861328
05/21/2020,$183.42999267578125,29119500,$185.39999389648438,$186.6699981689453,$183.2899932861328
05/20/2020,$185.66000366210938,31261300,$184.80999755859375,$185.85000610351562,$183.94000244140625
05/19/2020,$183.6300048828125,26799100,$185.02999877929688,$186.60000610351562,$183.49000549316406
05/18/2020,$184.91000366210938,35264500,$185.75,$186.1999969482422,$183.9600067138672
05/15/2020,$183.16000366210938,46610400,$179.05999755859375,$187.05999755859375,$177
05/14/2020,$180.52999877929688,41873900,$177.5399932861328,$180.69000244140625,$175.67999267578125
05/13/2020,$179.75,44711500,$182.5500030517578,$184.0500030517578,$176.5399932861328
05/12/2020,$182.50999450683594,32038200,$186.8000030517578,$187.0399932861328,$182.3000030517578
05/11/2020,$186.74000549316406,30892700,$183.14999389648438,$187.50999450683594,$182.85000610351562
05/08/2020,$184.67999267578125,30877800,$184.97999572753906,$185,$183.36000061035156
05/07/2020,$183.60000610351562,28316000,$184.1699981689453,$184.5500030517578,$182.5800018310547
05/06/2020,$182.5399932861328,32139300,$182.0800018310547,$184.1999969482422,$181.6300048828125
05/05/2020,$180.75999450683594,36839200,$180.6199951171875,$183.64999389648438,$179.89999389648438
05/04/2020,$178.83999633789062,30372900,$174.49000549316406,$179,$173.8000030517578
05/01/2020,$174.57000732421875,39370500,$175.8000030517578,$178.63999938964844,$174.00999450683594
04/30/2020,$179.2100067138672,53875900,$180,$180.39999389648438,$176.22999572753906
04/29/2020,$177.42999267578125,51286600,$173.22000122070312,$177.67999267578125,$171.8800048828125
04/28/2020,$169.80999755859375,34392700,$175.58999633789062,$175.6699981689453,$169.38999938964844
04/27/2020,$174.0500030517578,33194400,$176.58999633789062,$176.89999389648438,$173.3000030517578
04/24/2020,$174.5500030517578,34277600,$172.05999755859375,$174.55999755859375,$170.7100067138672
04/23/2020,$171.4199981689453,32790800,$174.11000061035156,$175.05999755859375,$170.91000366210938
04/22/2020,$173.52000427246094,34620200,$171.38999938964844,$174,$170.82000732421875
04/21/2020,$167.82000732421875,56203700,$173.5,$173.6699981689453,$166.11000061035156
04/20/2020,$175.05999755859375,36669600,$176.6300048828125,$178.75,$174.99000549316406
04/17/2020,$178.60000610351562,52765600,$179.5,$180,$175.8699951171875
04/16/2020,$177.0399932861328,50479600,$174.3000030517578,$177.27999877929688,$172.89999389648438
04/15/2020,$171.8800048828125,40940800,$171.1999969482422,$173.57000732421875,$169.24000549316406
04/14/2020,$173.6999969482422,52874300,$169,$173.75,$168
04/13/2020,$165.50999450683594,41905300,$164.35000610351562,$165.57000732421875,$162.3000030517578
04/09/2020,$165.13999938964844,51385100,$166.36000061035156,$167.3699951171875,$163.3300018310547
04/08/2020,$165.1300048828125,48318200,$165.6699981689453,$166.6699981689453,$163.5
04/07/2020,$163.49000549316406,62769000,$169.58999633789062,$170,$163.25999450683594
04/06/2020,$165.27000427246094,67111700,$160.32000732421875,$166.5,$157.5800018310547
04/03/2020,$153.8300018310547,41243300,$155.10000610351562,$157.3800048828125,$152.19000244140625
04/02/2020,$155.25999450683594,49630700,$151.86000061035156,$155.47999572753906,$150.36000061035156
04/01/2020,$152.11000061035156,57969900,$153,$157.75,$150.82000732421875
03/31/2020,$157.7100067138672,77927200,$159.39999389648438,$164.77999877929688,$156.55999755859375
03/30/2020,$160.22999572753906,63420300,$152.44000244140625,$160.60000610351562,$150.00999450683594
03/27/2020,$149.6999969482422,57042300,$151.75,$154.88999938964844,$149.1999969482422
03/26/2020,$156.11000061035156,64568100,$148.39999389648438,$156.66000366210938,$148.3699951171875
03/25/2020,$146.9199981689453,75638200,$148.91000366210938,$154.3300018310547,$144.44000244140625
03/24/2020,$148.33999633789062,82516700,$143.75,$149.60000610351562,$141.27000427246094
03/23/2020,$135.97999572753906,78975200,$137.00999450683594,$140.57000732421875,$132.52000427246094
03/20/2020,$137.35000610351562,84866200,$146,$147.10000610351562,$135.86000061035156
03/19/2020,$142.7100067138672,85922700,$142.77000427246094,$150.14999389648438,$139
03/18/2020,$140.39999389648438,81593200,$138,$146,$135.02000427246094
03/17/2020,$146.57000732421875,81059800,$140,$147.5,$135
03/16/2020,$135.4199981689453,87905900,$140,$149.35000610351562,$135
03/13/2020,$158.8300018310547,92727400,$147.5,$161.91000366210938,$140.72999572753906
03/12/2020,$139.05999755859375,93226400,$145.3000030517578,$153.47000122070312,$138.5800018310547
03/11/2020,$153.6300048828125,56371600,$157.1300048828125,$157.6999969482422,$151.14999389648438
03/10/2020,$160.9199981689453,65354400,$158.16000366210938,$161.02999877929688,$152.5800018310547
03/09/2020,$150.6199951171875,70419300,$151,$157.75,$150
03/06/2020,$161.57000732421875,72821100,$162.61000061035156,$163.11000061035156,$156
03/05/2020,$166.27000427246094,47817300,$166.0500030517578,$170.8699951171875,$165.69000244140625
03/04/2020,$170.5500030517578,49814400,$168.49000549316406,$170.6999969482422,$165.6199951171875
03/03/2020,$164.50999450683594,71677000,$173.8000030517578,$175,$162.25999450683594
03/02/2020,$172.7899932861328,71030800,$165.30999755859375,$172.9199981689453,$162.30999755859375
02/28/2020,$162.00999450683594,97012700,$152.41000366210938,$163.7100067138672,$152
02/27/2020,$158.17999267578125,93174900,$163.32000732421875,$167.02999877929688,$157.97999572753906
02/26/2020,$170.1699981689453,56206100,$169.7100067138672,$173.25999450683594,$168.2100067138672
02/25/2020,$168.07000732421875,68073300,$174.1999969482422,$174.83999633789062,$167.64999389648438
02/24/2020,$170.88999938964844,68311100,$167.77000427246094,$174.5500030517578,$163.22999572753906
02/21/2020,$178.58999633789062,48572600,$183.1699981689453,$183.5,$177.25
02/20/2020,$184.4199981689453,36862400,$186.9499969482422,$187.25,$181.10000610351562
02/19/2020,$187.27999877929688,29997500,$188.05999755859375,$188.17999267578125,$186.47000122070312
02/18/2020,$187.22999572753906,27792200,$185.61000061035156,$187.6999969482422,$185.5
02/14/2020,$185.35000610351562,23149500,$183.25,$185.41000366210938,$182.64999389648438
02/13/2020,$183.7100067138672,35295800,$183.0800018310547,$186.22999572753906,$182.8699951171875
02/12/2020,$184.7100067138672,47062900,$185.5800018310547,$185.85000610351562,$181.85000610351562
02/11/2020,$184.44000244140625,53159900,$190.64999389648438,$190.6999969482422,$183.5
02/10/2020,$188.6999969482422,35844300,$183.5800018310547,$188.83999633789062,$183.25
02/07/2020,$183.88999938964844,33529100,$182.85000610351562,$185.6300048828125,$182.47999572753906
02/06/2020,$183.6300048828125,27751400,$180.97000122070312,$183.82000732421875,$180.05999755859375
02/05/2020,$179.89999389648438,39186300,$184.02999877929688,$184.1999969482422,$178.41000366210938
02/04/2020,$180.1199951171875,36433300,$177.13999938964844,$180.63999938964844,$176.30999755859375
02/03/2020,$174.3800048828125,30107000,$170.42999267578125,$174.5,$170.39999389648438
01/31/2020,$170.22999572753906,36142700,$172.2100067138672,$172.39999389648438,$169.5800018310547
01/30/2020,$172.77999877929688,51597500,$174.0500030517578,$174.0500030517578,$170.7899932861328
01/29/2020,$168.0399932861328,34754500,$167.83999633789062,$168.75,$165.69000244140625
01/28/2020,$165.4600067138672,24899900,$163.77999877929688,$165.75999450683594,$163.07000732421875
01/27/2020,$162.27999877929688,32078100,$161.14999389648438,$163.3800048828125,$160.1999969482422
01/24/2020,$165.0399932861328,24918100,$167.50999450683594,$167.52999877929688,$164.4499969482422
01/23/2020,$166.72000122070312,19680800,$166.19000244140625,$166.8000030517578,$165.27000427246094
01/22/2020,$165.6999969482422,24138800,$167.39999389648438,$167.49000549316406,$165.67999267578125
01/21/2020,$166.5,29517200,$166.67999267578125,$168.19000244140625,$166.42999267578125
01/17/2020,$167.10000610351562,34371700,$167.4199981689453,$167.47000122070312,$165.42999267578125
01/16/2020,$166.1699981689453,23865400,$164.35000610351562,$166.24000549316406,$164.02999877929688
01/15/2020,$163.17999267578125,21417900,$162.6199951171875,$163.94000244140625,$162.57000732421875
01/14/2020,$162.1300048828125,23477400,$163.38999938964844,$163.60000610351562,$161.72000122070312
01/13/2020,$163.27999877929688,21626500,$161.75999450683594,$163.30999755859375,$161.25999450683594
01/10/2020,$161.33999633789062,20725900,$162.82000732421875,$163.22000122070312,$161.17999267578125
01/09/2020,$162.08999633789062,21385000,$161.83999633789062,$162.22000122070312,$161.02999877929688
01/08/2020,$160.08999633789062,27746500,$158.92999267578125,$160.8000030517578,$157.9499969482422
01/07/2020,$157.5800018310547,21634100,$159.32000732421875,$159.6699981689453,$157.32000732421875
01/06/2020,$159.02999877929688,20813700,$157.0800018310547,$159.10000610351562,$156.50999450683594
01/03/2020,$158.6199951171875,21116200,$158.32000732421875,$159.9499969482422,$158.05999755859375
01/02/2020,$160.6199951171875,22622100,$158.77999877929688,$160.72999572753906,$158.3300018310547
