Date,Close/Last,Volume,Open,High,Low
07/17/2026,$68.94999694824219,141918400,$65.4800033569336,$69.48999786376953,$65.08000183105469
07/16/2026,$74.3499984741211,77505200,$73.94999694824219,$74.68000030517578,$72.94000244140625
07/15/2026,$73.68000030517578,32854300,$73.79000091552734,$75.05999755859375,$73.12999725341797
07/14/2026,$73.52999877929688,33312100,$72.63999938964844,$74.01000213623047,$72.27999877929688
07/13/2026,$73.83000183105469,35101800,$73.9000015258789,$75.44999694824219,$73.70999908447266
07/10/2026,$73.37000274658203,46713900,$75.44000244140625,$75.69999694824219,$72.51000213623047
07/09/2026,$75.47000122070312,36305700,$74.30000305175781,$75.55000305175781,$74.0199966430664
07/08/2026,$75.58999633789062,34373500,$76.2699966430664,$76.63999938964844,$74.88999938964844
07/07/2026,$76.18000030517578,33257300,$77.87999725341797,$78.19000244140625,$76.0999984741211
07/06/2026,$76.0199966430664,45056600,$77.08000183105469,$77.83999633789062,$75.70999908447266
07/02/2026,$77.6500015258789,55456500,$75.08999633789062,$78.44000244140625,$74.91000366210938
07/01/2026,$74.19000244140625,43841800,$72.58999633789062,$74.36000061035156,$72.33000183105469
06/30/2026,$71.4000015258789,49240900,$73.58999633789062,$73.75,$71
06/29/2026,$73.77999877929688,42429600,$74.62000274658203,$76.06999969482422,$73.7300033569336
06/26/2026,$73.80999755859375,74990300,$71.69000244140625,$75.19999694824219,$71.52999877929688
06/25/2026,$70.9000015258789,44446900,$71.33000183105469,$72.94000244140625,$70.86000061035156
06/24/2026,$71.83999633789062,48001500,$72.69000244140625,$73.44999694824219,$71.62999725341797
06/23/2026,$72.81999969482422,50806800,$73.26000213623047,$73.95999908447266,$72.62999725341797
06/22/2026,$72.87999725341797,82203300,$76.13999938964844,$77.08999633789062,$71.80999755859375
06/18/2026,$77.37999725341797,91920400,$76.93000030517578,$78.23999786376953,$76.12000274658203
06/17/2026,$76.95999908447266,50338800,$78.0999984741211,$78.44999694824219,$76.76000213623047
06/16/2026,$78.72000122070312,65054000,$81.9000015258789,$81.93000030517578,$77.70999908447266
06/15/2026,$81.66999816894531,36430800,$80.62000274658203,$81.70999908447266,$80.45999908447266
06/12/2026,$80.33999633789062,35309700,$81.58000183105469,$82,$79.27999877929688
06/11/2026,$81.2699966430664,33417600,$81.87000274658203,$82.0999984741211,$80.08999633789062
06/10/2026,$82,36304600,$81.70999908447266,$82.75,$80.9800033569336
06/09/2026,$81.41000366210938,34787200,$82.12999725341797,$82.33999633789062,$81.33999633789062
06/08/2026,$82.63999938964844,33056700,$81.66000366210938,$83.08000183105469,$81.33999633789062
06/05/2026,$82.18000030517578,43474100,$82.33000183105469,$82.75,$81
06/04/2026,$81.55999755859375,39338800,$83.19000244140625,$83.69999694824219,$81.37000274658203
06/03/2026,$81.5199966430664,36714700,$82.91000366210938,$83.30999755859375,$81.0999984741211
06/02/2026,$83.33000183105469,42947200,$85.61000061035156,$85.9800033569336,$83.29000091552734
06/01/2026,$85.8499984741211,32747200,$85.7300033569336,$87.2300033569336,$85.31999969482422
05/29/2026,$86.0199966430664,39793600,$86.19999694824219,$86.66999816894531,$85.66000366210938
05/28/2026,$86.36000061035156,38803800,$86.9000015258789,$87.04000091552734,$85.58999633789062
05/27/2026,$87.3499984741211,22569500,$87.05000305175781,$88.5,$86.81999969482422
05/26/2026,$87.68000030517578,24014500,$88.4000015258789,$88.7300033569336,$87.25
05/22/2026,$88.5999984741211,23847200,$89.0999984741211,$89.97000122070312,$88.16999816894531
05/21/2026,$89.30000305175781,28613900,$88.02999877929688,$90.37000274658203,$87.5199966430664
05/20/2026,$88.08999633789062,23463400,$88.5199966430664,$88.55000305175781,$87.5
05/19/2026,$89.33000183105469,34545700,$90.13999938964844,$91.4800033569336,$88.69000244140625
05/18/2026,$89.6500015258789,35800500,$86.5,$89.81999969482422,$86.33000183105469
05/15/2026,$87.0199966430664,32335700,$87.69000244140625,$89.48999786376953,$86.69000244140625
05/14/2026,$86.94000244140625,29408300,$87.62000274658203,$88.5,$86.6500015258789
05/13/2026,$87.55999755859375,30823500,$86.56999969482422,$88.62000274658203,$86.27999877929688
05/12/2026,$87.66000366210938,43556600,$85.91000366210938,$89.16999816894531,$85.80999755859375
05/11/2026,$85.44999694824219,40556500,$86.52999877929688,$87.33999633789062,$85.0999984741211
05/08/2026,$87.48999786376953,36215100,$87.70999908447266,$88.04000091552734,$87.20999908447266
05/07/2026,$88.25,30627600,$88.19999694824219,$89.4000015258789,$88.12999725341797
05/06/2026,$88.2699966430664,41932400,$87.1500015258789,$88.55000305175781,$86.72000122070312
05/05/2026,$87.88999938964844,51961300,$91.18000030517578,$91.27999877929688,$87.56999969482422
05/04/2026,$91.0199966430664,25928800,$92.0999984741211,$92.33000183105469,$90.88999938964844
05/01/2026,$92.05999755859375,30406900,$94.41999816894531,$94.69999694824219,$91.9000015258789
04/30/2026,$93.61000061035156,40923000,$91.3499984741211,$94.22000122070312,$90.7699966430664
04/29/2026,$92.12000274658203,26122100,$91.2300033569336,$92.86000061035156,$90.86000061035156
04/28/2026,$92.2699966430664,33418100,$91.5,$92.33999633789062,$90.0199966430664
04/27/2026,$91.37000274658203,29707400,$92.05000305175781,$92.83999633789062,$91.30000305175781
04/24/2026,$92.44000244140625,32553200,$92.56999969482422,$93.27999877929688,$91.80000305175781
04/23/2026,$92.81999969482422,36851700,$94.05999755859375,$94.63999938964844,$92.06999969482422
04/22/2026,$93.23999786376953,33694300,$93.05999755859375,$93.8499984741211,$92.7699966430664
04/21/2026,$92.58000183105469,61962300,$94,$94.6500015258789,$92.37000274658203
04/20/2026,$94.83000183105469,63298300,$97.13999938964844,$97.5999984741211,$93.54000091552734
04/17/2026,$97.30999755859375,125958700,$96.37000274658203,$98.73999786376953,$95.0999984741211
04/16/2026,$107.79000091552734,64928300,$107.47000122070312,$108.94999694824219,$106.62000274658203
04/15/2026,$107.70999908447266,38023700,$105.9800033569336,$107.8499984741211,$105.04000091552734
04/14/2026,$106.27999877929688,40534900,$103.12000274658203,$106.56999969482422,$103.04000091552734
04/13/2026,$103.16000366210938,26042800,$103.02999877929688,$103.66999816894531,$102.05999755859375
04/10/2026,$103.01000213623047,25769900,$102.47000122070312,$103.08000183105469,$101.45999908447266
04/09/2026,$102.05000305175781,35087800,$99.62999725341797,$102.33999633789062,$99.08000183105469
04/08/2026,$99.38999938964844,30957600,$100.31999969482422,$100.4000015258789,$97.44000244140625
04/07/2026,$98.81999969482422,25016700,$98.55000305175781,$99.87999725341797,$98.25
04/06/2026,$98.93000030517578,37029300,$100.95999908447266,$102.69000244140625,$97.97000122070312
04/02/2026,$98.66000366210938,37068000,$95.2699966430664,$98.70999908447266,$95.16999816894531
04/01/2026,$95.55000305175781,30439300,$96.47000122070312,$97.19999694824219,$94.26000213623047
03/31/2026,$96.1500015258789,54270000,$93.02999877929688,$96.26000213623047,$93.02999877929688
03/30/2026,$92.97000122070312,32375100,$92.75,$94.48999786376953,$92.22000122070312
03/27/2026,$93.43000030517578,44590700,$94.56999969482422,$95.58000183105469,$92.73999786376953
03/26/2026,$93.31999969482422,59522000,$91.5199966430664,$95.86000061035156,$91.01000213623047
03/25/2026,$92.27999877929688,29545600,$91.70999908447266,$92.5199966430664,$91.23999786376953
03/24/2026,$90.91999816894531,28938000,$92.79000091552734,$93.73999786376953,$90.81999969482422
03/23/2026,$93.37999725341797,34315900,$92.04000091552734,$93.9800033569336,$91.86000061035156
03/20/2026,$91.81999969482422,61678000,$91.30999755859375,$91.87999725341797,$90.69000244140625
03/19/2026,$91.73999786376953,40169300,$94.30999755859375,$95.75,$90.77999877929688
03/18/2026,$94.69999694824219,27878300,$94.44999694824219,$95.33999633789062,$93.61000061035156
03/17/2026,$94.36000061035156,26434500,$95.30000305175781,$96.33999633789062,$94.01000213623047
03/16/2026,$95.19999694824219,34931800,$95.58000183105469,$96.0999984741211,$94.36000061035156
03/13/2026,$95.30999755859375,29876700,$94.63999938964844,$95.68000030517578,$94.23999786376953
03/12/2026,$94.30999755859375,34206900,$94.86000061035156,$95.4000015258789,$93.87000274658203
03/11/2026,$94.88999938964844,33962900,$97.41000366210938,$98,$94.69000244140625
03/10/2026,$96.94000244140625,41027200,$97.80999755859375,$98.48999786376953,$96.29000091552734
03/09/2026,$98.31999969482422,48589000,$97.69999694824219,$98.94000244140625,$96.58000183105469
03/06/2026,$99.0199966430664,41196300,$99.33000183105469,$99.87999725341797,$97.4000015258789
03/05/2026,$99.16999816894531,53403000,$98.5,$100.19000244140625,$98.0999984741211
03/04/2026,$98.66000366210938,52604300,$97.11000061035156,$99.75,$96.98999786376953
03/03/2026,$97.69999694824219,59149000,$96.01000213623047,$98.45999908447266,$95.33000183105469
03/02/2026,$97.08999633789062,79915400,$95.26000213623047,$98.06999969482422,$95.19999694824219
02/27/2026,$96.23999786376953,200767000,$94.30000305175781,$96.75,$90.58000183105469
02/26/2026,$84.58999633789062,85642500,$83.19999694824219,$86.5,$82.80000305175781
02/25/2026,$82.69999694824219,69319300,$79.43000030517578,$83.12000274658203,$79.25
02/24/2026,$78.04000091552734,33079100,$75.7300033569336,$78.12000274658203,$75.20999908447266
02/23/2026,$76.0199966430664,38363000,$77.79000091552734,$77.83000183105469,$75.01000213623047
02/20/2026,$78.66999816894531,32411300,$76.61000061035156,$78.8499984741211,$76.4000015258789
02/19/2026,$77,30139200,$77.75,$78.69999694824219,$76.58999633789062
02/18/2026,$77.98999786376953,29883100,$77.31999969482422,$78.31999969482422,$76.27999877929688
02/17/2026,$77,35961500,$76.91999816894531,$77.87000274658203,$75.30000305175781
02/13/2026,$76.87000274658203,42292100,$76.13999938964844,$77.18000030517578,$75.52999877929688
02/12/2026,$75.86000061035156,73516100,$79.11000061035156,$79.1500015258789,$75.2300033569336
02/11/2026,$79.62000274658203,40840300,$81.95999908447266,$82.4800033569336,$79.44999694824219
02/10/2026,$82.20999908447266,43595800,$82.72000122070312,$84.66000366210938,$82.08999633789062
02/09/2026,$81.47000122070312,42200200,$82.18000030517578,$82.20999908447266,$79.87000274658203
02/06/2026,$82.19999694824219,46154100,$81.0199966430664,$82.48999786376953,$80.6500015258789
02/05/2026,$80.87000274658203,54805700,$81.48999786376953,$83.30000305175781,$80.54000091552734
02/04/2026,$80.16000366210938,48963200,$79.98999786376953,$81.44000244140625,$79.2300033569336
02/03/2026,$79.94000244140625,49789000,$82.2300033569336,$82.44999694824219,$79.62000274658203
02/02/2026,$82.76000213623047,41445300,$83.52999877929688,$85.2699966430664,$82.72000122070312
01/30/2026,$83.48999786376953,45755000,$83.0999984741211,$84.05999755859375,$82.77999877929688
01/29/2026,$83.16000366210938,42278100,$84.30999755859375,$84.37999725341797,$82.3499984741211
01/28/2026,$84.63999938964844,37762600,$85.62999725341797,$86.47000122070312,$84.30000305175781
01/27/2026,$85.58000183105469,37790800,$85.27999877929688,$85.5999984741211,$83.87999725341797
01/26/2026,$85.69999694824219,40941900,$86.91999816894531,$86.94000244140625,$85.3499984741211
01/23/2026,$86.12000274658203,64520400,$83.43000030517578,$86.30000305175781,$83.27999877929688
01/22/2026,$83.54000091552734,69113300,$85.0199966430664,$85.0999984741211,$82.9800033569336
01/21/2026,$85.36000061035156,127940700,$82.5199966430664,$86,$81.93000030517578
01/20/2026,$87.26000213623047,109729700,$88.97000122070312,$89.9000015258789,$87.0199966430664
01/16/2026,$88,48130500,$88.33999633789062,$88.51000213623047,$87.77999877929688
01/15/2026,$88.05000305175781,36945100,$89.0199966430664,$89.88999938964844,$87.81999969482422
01/14/2026,$88.55000305175781,49737700,$91.23999786376953,$91.58000183105469,$87.94999694824219
01/13/2026,$90.31999969482422,45221100,$89.44000244140625,$91.1500015258789,$89.06999969482422
01/12/2026,$89.41000366210938,36290600,$89.69000244140625,$90.33999633789062,$89.33000183105469
01/09/2026,$89.45999908447266,55579500,$90.02999877929688,$90.05000305175781,$88.31999969482422
01/08/2026,$90.52999877929688,40068700,$90.44999694824219,$91.25,$89.58000183105469
01/07/2026,$90.7300033569336,36525700,$91.55999755859375,$92.41999816894531,$90.05999755859375
01/06/2026,$90.6500015258789,43331000,$91.54000091552734,$91.63999938964844,$89.73999786376953
01/05/2026,$91.45999908447266,39183300,$90.91999816894531,$92.62999725341797,$90.83999633789062
01/02/2026,$90.98999786376953,41155400,$94.12999725341797,$94.12999725341797,$90.80999755859375
12/31/2025,$93.76000213623047,23495200,$93.5999984741211,$94.30999755859375,$93.19999694824219
12/30/2025,$93.77999877929688,23422000,$93.5199966430664,$93.98999786376953,$93.33999633789062
12/29/2025,$94.1500015258789,24493700,$93.98999786376953,$94.97000122070312,$93.62999725341797
12/26/2025,$94.47000122070312,22068300,$93.4800033569336,$94.69000244140625,$93.2699966430664
12/24/2025,$93.63999938964844,12427900,$93.11000061035156,$93.68000030517578,$92.66999816894531
12/23/2025,$93.5,25896200,$93.4000015258789,$93.80999755859375,$91.33000183105469
12/22/2025,$93.2300033569336,39484800,$94.70999908447266,$94.70999908447266,$92.91000366210938
12/19/2025,$94.38999938964844,78990200,$93.56999969482422,$95.54000091552734,$93.44999694824219
12/18/2025,$94,37244700,$95.0199966430664,$95.80999755859375,$93.58999633789062
12/17/2025,$94.79000091552734,50472800,$95.9800033569336,$97.33000183105469,$94.45999908447266
12/16/2025,$94.56999969482422,34265000,$93.87999725341797,$94.93000030517578,$93.31999969482422
12/15/2025,$93.7699966430664,40016500,$96.0199966430664,$96.37000274658203,$93.52999877929688
12/12/2025,$95.19000244140625,49323100,$95.5,$96.91999816894531,$94.6500015258789
12/11/2025,$94.08999633789062,43949000,$93.9000015258789,$94.81999969482422,$92.76000213623047
12/10/2025,$92.70999908447266,74129300,$96.73999786376953,$96.97000122070312,$92.3499984741211
12/09/2025,$96.70999908447266,51745600,$97.02999877929688,$97.23999786376953,$95.44999694824219
12/08/2025,$96.79000091552734,100906300,$99.87000274658203,$99.88999938964844,$95.30000305175781
12/05/2025,$100.23999786376953,133363600,$98.77999877929688,$104.79000091552734,$97.73999786376953
12/04/2025,$103.22000122070312,51779100,$103.56999969482422,$103.80000305175781,$101.7699966430664
12/03/2025,$103.95999908447266,53593400,$106.58999633789062,$106.87000274658203,$102.02999877929688
12/02/2025,$109.3499984741211,25763000,$109.20999908447266,$109.7300033569336,$107.5199966430664
12/01/2025,$109.12999725341797,24873400,$106.51000213623047,$109.33999633789062,$106.30999755859375
11/28/2025,$107.58000183105469,15021600,$106.44000244140625,$107.94000244140625,$106.23999786376953
11/26/2025,$106.13999938964844,27951000,$105.73999786376953,$106.94999694824219,$105.22000122070312
11/25/2025,$104.4000015258789,35122600,$106.12000274658203,$106.30000305175781,$103.81999969482422
11/24/2025,$106.97000122070312,62918300,$104.25,$108.04000091552734,$103.31999969482422
11/21/2025,$104.30999755859375,41232700,$105.12999725341797,$106.52999877929688,$103.80999755859375
11/20/2025,$105.66999816894531,36918500,$111,$111.0999984741211,$105.38999938964844
11/19/2025,$110,31868100,$113,$113.33999633789062,$108.61000061035156
11/18/2025,$114.08999633789062,43440600,$110.29000091552734,$115.25,$109.19999694824219
11/17/2025,$110.29000091552734,26082700,$110.75,$111.8499984741211,$109.55000305175781
11/14/2025,$111.21700286865234,47607000,$114.27300262451172,$114.27300262451172,$110.72100067138672
11/13/2025,$115.4229965209961,40144000,$115.8499984741211,$116.73300170898438,$114.56900024414062
11/12/2025,$115.75,39221000,$113.81700134277344,$116.43399810791016,$112.82599639892578
11/11/2025,$113.64399719238281,27966000,$111.76000213623047,$113.9219970703125,$111.27999877929688
11/10/2025,$112.00700378417969,36929000,$110.6719970703125,$112.81999969482422,$110.40499877929688
11/07/2025,$110.36599731445312,44125000,$109.41799926757812,$110.8219985961914,$108.75
11/06/2025,$109.7020034790039,36532000,$109.45800018310547,$110.37000274658203,$108.51300048828125
11/05/2025,$109.84600067138672,35539000,$108.5,$110.08499908447266,$107.33699798583984
11/04/2025,$109.2959976196289,38718000,$109.9990005493164,$110.45999908447266,$108.66799926757812
11/03/2025,$110.00900268554688,58634000,$113.3239974975586,$113.3499984741211,$107.51499938964844
10/31/2025,$111.88600158691406,68665000,$110.53900146484375,$113.48799896240234,$110.197998046875
10/30/2025,$108.9000015258789,41581000,$109.44000244140625,$110.61599731445312,$108.81099700927734
10/29/2025,$110.04100036621094,33995000,$109.98400115966797,$110.8550033569336,$109.5999984741211
10/28/2025,$110.25,40209000,$109.4000015258789,$111.697998046875,$109.3010025024414
10/27/2025,$109.45600128173828,46911000,$110.06700134277344,$110.22799682617188,$108.7300033569336
10/24/2025,$109.46900177001953,60280000,$111.0999984741211,$111.45099639892578,$109.44100189208984
10/23/2025,$111.35900115966797,68497000,$112.69000244140625,$112.78299713134766,$109.9729995727539
10/22/2025,$111.63700103759766,147890000,$114.29000091552734,$115.76000213623047,$111.2509994506836
10/21/2025,$124.13500213623047,65082000,$124.28299713134766,$124.86000061035156,$123.1760025024414
10/20/2025,$123.85600280761719,39862000,$120.78800201416016,$124.7760009765625,$120.69000244140625
10/17/2025,$119.93599700927734,29571000,$118.36000061035156,$120.31199645996094,$117.8949966430664
10/16/2025,$118.35900115966797,28326000,$121.21499633789062,$121.6709976196289,$117.5999984741211
10/15/2025,$120.3290023803711,20252000,$121.3010025024414,$121.96199798583984,$120.16100311279297
10/14/2025,$121.53500366210938,23624000,$121.4749984741211,$122.42900085449219,$120.30999755859375
10/13/2025,$121.90299987792969,24608000,$122.13500213623047,$123.11199951171875,$120.68099975585938
10/10/2025,$122.00800323486328,42798000,$122.9000015258789,$124.69999694824219,$121.91000366210938
10/09/2025,$123.10700225830078,28241000,$121.42500305175781,$123.75,$121.18199920654297
10/08/2025,$121.42500305175781,28514000,$119.71099853515625,$121.73899841308594,$119.19999694824219
10/07/2025,$119.10600280761719,33091000,$117.77899932861328,$120.13700103759766,$117.74600219726562
10/06/2025,$116.33100128173828,29686000,$116.03700256347656,$116.35800170898438,$114.54499816894531
10/03/2025,$115.33200073242188,31374000,$116.5,$116.80000305175781,$114.3219985961914
10/02/2025,$116.25299835205078,46855000,$116.1500015258789,$116.33300018310547,$113.4000015258789
10/01/2025,$117.08999633789062,41102000,$117.54900360107422,$117.91400146484375,$116.32099914550781
09/30/2025,$119.89199829101562,38303000,$120.64099884033203,$120.8499984741211,$117.80000305175781
09/29/2025,$120.64099884033203,30332000,$120.5,$122.4489974975586,$118.75399780273438
09/26/2025,$121.06099700927734,19450000,$120.54199981689453,$121.4000015258789,$120
09/25/2025,$120.8239974975586,19978000,$120.30899810791016,$121.68399810791016,$119.1510009765625
09/24/2025,$120.3949966430664,27731000,$121.86100006103516,$122.1500015258789,$119.41999816894531
09/23/2025,$121.84700012207031,24991000,$122.73300170898438,$122.77899932861328,$120.84700012207031
09/22/2025,$122.73699951171875,25468000,$122.19000244140625,$122.97599792480469,$121.42400360107422
09/19/2025,$122.6969985961914,49476000,$121.86199951171875,$122.99500274658203,$120.80999755859375
09/18/2025,$120.77799987792969,31691000,$122.08200073242188,$123.30000305175781,$120.55000305175781
09/17/2025,$122.8499984741211,34598000,$122.10199737548828,$123.39299774169922,$120.66100311279297
09/16/2025,$120.0510025024414,24047000,$120.56400299072266,$120.9000015258789,$119.72799682617188
09/15/2025,$120.22599792480469,29093000,$118.83999633789062,$120.7239990234375,$117.32099914550781
09/12/2025,$118.84400177001953,37849000,$120.30599975585938,$121.1780014038086,$118.23999786376953
09/11/2025,$120.3499984741211,56823000,$125.0999984741211,$125.34500122070312,$119.19999694824219
09/10/2025,$124.77100372314453,27010000,$126.39700317382812,$126.69999694824219,$124.63600158691406
09/09/2025,$126.32499694824219,22197000,$124.66699981689453,$126.5719985961914,$124.66699981689453
09/08/2025,$124.47599792480469,19151000,$124.85399627685547,$125.2040023803711,$123.19999694824219
09/05/2025,$124.38200378417969,23797000,$126,$126.70999908447266,$123.9020004272461
09/04/2025,$125.74800109863281,30235000,$122.31999969482422,$125.74800109863281,$122.30899810791016
09/03/2025,$122.61799621582031,24715000,$120.51399993896484,$122.69999694824219,$120.33799743652344
09/02/2025,$121.41100311279297,23033000,$119.69999694824219,$121.54000091552734,$118.27999877929688
08/29/2025,$120.82499694824219,32098000,$122.7969970703125,$122.87899780273438,$120.11499786376953
08/28/2025,$123.1449966430664,19503000,$122.27899932861328,$123.78900146484375,$121.427001953125
08/27/2025,$122.3499984741211,16645000,$122.36100006103516,$122.9209976196289,$121.30000305175781
08/26/2025,$122.60900115966797,19857000,$122.02100372314453,$123.1500015258789,$121.22000122070312
08/25/2025,$121.80699920654297,28120000,$120.16500091552734,$123.37999725341797,$119.9000015258789
08/22/2025,$120.46499633789062,31281000,$120.88800048828125,$121.36199951171875,$119.822998046875
08/21/2025,$120.62100219726562,20472000,$121.14299774169922,$122.13999938964844,$119.76399993896484
08/20/2025,$121.38600158691406,24344000,$121.80000305175781,$122.30000305175781,$119.33100128173828
08/19/2025,$121.41500091552734,37077000,$124.0199966430664,$124.0999984741211,$119.27899932861328
08/18/2025,$124.50900268554688,21111000,$123.56300354003906,$125.11599731445312,$123.54499816894531
08/15/2025,$123.8949966430664,27678000,$123.40399932861328,$124.69400024414062,$122.78800201416016
08/14/2025,$123.05599975585938,39047000,$120.98899841308594,$124.40899658203125,$120.7030029296875
08/13/2025,$120.44400024414062,27624000,$123.4000015258789,$123.71199798583984,$120.30000305175781
08/12/2025,$122.52799987792969,22788000,$122.5,$123.1989974975586,$120.6510009765625
08/11/2025,$121.83100128173828,24556000,$121.4010009765625,$122.30699920654297,$120.19300079345703
08/08/2025,$121.16400146484375,38167000,$118.31900024414062,$121.41100311279297,$118.03700256347656
08/07/2025,$118.03700256347656,26283000,$118.1760025024414,$119.12200164794922,$116.81999969482422
08/06/2025,$117.8479995727539,33622000,$115.35199737548828,$118.13800048828125,$115.18699645996094
08/05/2025,$114.78700256347656,26607000,$117.0999984741211,$117.1709976196289,$114.47100067138672
08/04/2025,$117.0989990234375,22447000,$116.76499938964844,$117.69999694824219,$116.26200103759766
08/01/2025,$115.86000061035156,38910000,$116.3010025024414,$117.85099792480469,$115.28500366210938
07/31/2025,$115.94000244140625,37129000,$118.4800033569336,$119,$115.77400207519531
07/30/2025,$118.41999816894531,29227000,$116.8550033569336,$118.48500061035156,$116.61000061035156
07/29/2025,$116.8740005493164,27525000,$117.9000015258789,$117.95999908447266,$116.3290023803711
07/28/2025,$117.45999908447266,34470000,$118.12000274658203,$119.77899932861328,$116.85299682617188
07/25/2025,$118.04900360107422,26293000,$117.84200286865234,$118.73200225830078,$117.43800354003906
07/24/2025,$118.07599639892578,38456000,$117.77999877929688,$118.3499984741211,$116.26599884033203
07/23/2025,$117.6780014038086,45043000,$118.98100280761719,$119.26200103759766,$117.36000061035156
07/22/2025,$119.00800323486328,50630000,$123.03800201416016,$123.23699951171875,$118.75
07/21/2025,$123.3270034790039,56276000,$120.5999984741211,$123.70999908447266,$119.80000305175781
07/18/2025,$120.92400360107422,106933000,$124.19599914550781,$124.6500015258789,$120.10099792480469
07/17/2025,$127.41699981689453,64699000,$125.30000305175781,$127.75,$124.4800033569336
07/16/2025,$125.03099822998047,32270000,$126.1709976196289,$127.0999984741211,$124.98200225830078
07/15/2025,$126.0270004272461,28017000,$126.19999694824219,$127.12200164794922,$124.3239974975586
07/14/2025,$126.19499969482422,27810000,$124.49099731445312,$127.04900360107422,$124
07/11/2025,$124.51100158691406,39572000,$125.97899627685547,$126.0999984741211,$123.12999725341797
07/10/2025,$125.05899810791016,42308000,$128.5500030517578,$128.9600067138672,$124.60099792480469
07/09/2025,$128.8280029296875,23845000,$127.39900207519531,$128.82899475097656,$126.6240005493164
07/08/2025,$127.53099822998047,32925000,$129.08999633789062,$129.3249969482422,$126
07/07/2025,$128.96200561523438,22737000,$129.5,$129.5,$127.60199737548828
07/03/2025,$129.71800231933594,20062000,$129.1999969482422,$130.2259979248047,$127.97599792480469
07/02/2025,$128.48599243164062,30488000,$129.6959991455078,$129.9949951171875,$127.15899658203125
07/01/2025,$129.36000061035156,49936000,$133.822998046875,$133.8769989013672,$128.2220001220703
06/30/2025,$133.91299438476562,32829000,$133.10000610351562,$134.11500549316406,$132.12100219726562
06/27/2025,$132.31199645996094,40709000,$130.68800354003906,$133.13499450683594,$130.10000610351562
06/26/2025,$130.66700744628906,26059000,$128,$130.73399353027344,$128
06/25/2025,$127.5250015258789,21465000,$128.6840057373047,$129.8000030517578,$127.38099670410156
06/24/2025,$127.91100311279297,26633000,$126.05500030517578,$128.2570037841797,$125.5
06/23/2025,$125.35399627685547,26673000,$123.8030014038086,$125.48400115966797,$121.5009994506836
06/20/2025,$123.14099884033203,53482000,$123.44499969482422,$124.8499984741211,$122.43499755859375
06/18/2025,$122.22899627685547,22810000,$122.9990005493164,$124.19999694824219,$122.05000305175781
06/17/2025,$122.06700134277344,18921000,$121.99500274658203,$123.23600006103516,$121.60900115966797
06/16/2025,$122.53500366210938,21128000,$121.22000122070312,$122.625,$121.22000122070312
06/13/2025,$121.21499633789062,22103000,$120.65899658203125,$122.06199645996094,$120.18900299072266
06/12/2025,$121.50299835205078,20846000,$122.25900268554688,$123,$121.19599914550781
06/11/2025,$121.98799896240234,23823000,$120.26000213623047,$122.8290023803711,$119.60099792480469
06/10/2025,$120.36199951171875,44544000,$122.75199890136719,$122.75199890136719,$118.06099700927734
06/09/2025,$122.44599914550781,24031000,$123.88800048828125,$123.88800048828125,$122.15699768066406
06/06/2025,$124.14700317382812,25570000,$125.94100189208984,$126,$123.55500030517578
06/05/2025,$125.052001953125,28172000,$124.05999755859375,$126.28099822998047,$123.72899627685547
06/04/2025,$123.96600341796875,23594000,$122.072998046875,$124.25599670410156,$121.98799896240234
06/03/2025,$121.79399871826172,23638000,$121.98699951171875,$122.95700073242188,$121.11799621582031
06/02/2025,$121.89800262451172,22942000,$120.12000274658203,$121.94000244140625,$119.625
05/30/2025,$120.7229995727539,46968000,$119.83300018310547,$121.18099975585938,$118.09300231933594
05/29/2025,$118.48600006103516,33007000,$120.80000305175781,$120.9000015258789,$117.62799835205078
05/28/2025,$120.8550033569336,18559000,$121.0270004272461,$121.59100341796875,$120.60199737548828
05/27/2025,$121.15699768066406,29205000,$119.53299713134766,$121.177001953125,$119.30899810791016
05/23/2025,$118.53900146484375,21865000,$118.4000015258789,$119.1449966430664,$117.94400024414062
05/22/2025,$118.7969970703125,18616000,$119.23999786376953,$119.875,$118.72100067138672
05/21/2025,$119.46299743652344,29766000,$118.6500015258789,$121.12200164794922,$118.6500015258789
05/20/2025,$119.2020034790039,21331000,$118.67900085449219,$119.30000305175781,$117.9020004272461
05/19/2025,$119.16400146484375,28534000,$117.35800170898438,$119.16400146484375,$117.1709976196289
05/16/2025,$119.15299987792969,46984000,$119.31400299072266,$119.6500015258789,$117.93900299072266
05/15/2025,$117.7979965209961,44640000,$114.77400207519531,$118.77999877929688,$114.76499938964844
05/14/2025,$115.0989990234375,39101000,$112.95999908447266,$115.29000091552734,$112.83999633789062
05/13/2025,$113.84400177001953,39979000,$111.44599914550781,$114.78800201416016,$110.62999725341797
05/12/2025,$111,64791000,$112.4260025024414,$113,$110.29299926757812
05/09/2025,$114.02200317382812,25696000,$114.70999908447266,$115.0999984741211,$113.3219985961914
05/08/2025,$114.44300079345703,37609000,$116.16200256347656,$116.22899627685547,$113.91999816894531
05/07/2025,$115.54100036621094,43497000,$113.91799926757812,$116.4000015258789,$113.80000305175781
05/06/2025,$113.76899719238281,32567000,$112.94300079345703,$114.76599884033203,$112.63999938964844
05/05/2025,$113.40599822998047,56623000,$111.4800033569336,$114.4020004272461,$110.70099639892578
05/02/2025,$115.64900207519531,37743000,$113.66600036621094,$115.94400024414062,$113.33200073242188
05/01/2025,$113.34700012207031,34995000,$112.25199890136719,$114.24199676513672,$111.18299865722656
04/30/2025,$113.1719970703125,42667000,$111.26499938964844,$113.31999969482422,$110.11100006103516
04/29/2025,$112.56400299072266,37773000,$110.39199829101562,$112.78099822998047,$109.5479965209961
04/28/2025,$111.03800201416016,38311000,$110,$111.4000015258789,$108.26200103759766
04/25/2025,$110.15299987792969,39500000,$109.7040023803711,$110.68000030517578,$109.0999984741211
04/24/2025,$109.68699645996094,63819000,$104.80000305175781,$110.0999984741211,$104.7020034790039
04/23/2025,$104.95899963378906,64719000,$104.72200012207031,$106.125,$103.19999694824219
04/22/2025,$104.03399658203125,93689000,$100.52999877929688,$106.49700164794922,$100.4520034790039
04/21/2025,$98.79100036621094,97757000,$98.44000244140625,$101.9000015258789,$97.30500030517578
04/17/2025,$97.3030014038086,88937000,$96.9000015258789,$98.47000122070312,$95.5999984741211
04/16/2025,$96.16300201416016,60661000,$97.62799835205078,$98.12100219726562,$94.91699981689453
04/15/2025,$97.62799835205078,77120000,$95,$99.34500122070312,$94.80000305175781
04/14/2025,$93.12799835205078,40359000,$93.2699966430664,$94.89800262451172,$91.94999694824219
04/11/2025,$91.8290023803711,40736000,$92,$94.48600006103516,$90.66799926757812
04/10/2025,$92.11699676513672,51298000,$93.19400024414062,$94.1240005493164,$89.4000015258789
04/09/2025,$94.5469970703125,74980000,$85.59300231933594,$95.14299774169922,$85.44000244140625
04/08/2025,$87.04000091552734,56254000,$91.24400329589844,$92.24199676513672,$85.7699966430664
04/07/2025,$86.78299713134766,66568000,$82.78500366210938,$90.67400360107422,$82.11000061035156
04/04/2025,$85.58599853515625,67988000,$89.6500015258789,$90.66300201416016,$85.38700103759766
04/03/2025,$91.70500183105469,58646000,$90.18000030517578,$94.65899658203125,$90.0469970703125
04/02/2025,$93.552001953125,32569000,$92.30000305175781,$94.95500183105469,$91.61100006103516
04/01/2025,$92.83799743652344,35200000,$92.75,$93.22899627685547,$91.1500015258789
03/31/2025,$93.25299835205078,46341000,$92.0530014038086,$93.447998046875,$90.05899810791016
03/28/2025,$93.38500213623047,44227000,$97.19999694824219,$97.49800109863281,$92.9229965209961
03/27/2025,$97.6719970703125,30472000,$97.4219970703125,$98.9000015258789,$96.63700103759766
03/26/2025,$97.06500244140625,35274000,$99.38099670410156,$99.67900085449219,$96.63200378417969
03/25/2025,$99.72799682617188,37822000,$97.81800079345703,$99.87000274658203,$97.71099853515625
03/24/2025,$97.1989974975586,46779000,$96.96700286865234,$97.69999694824219,$95.15499877929688
03/21/2025,$96.02899932861328,59054000,$94.16400146484375,$96.36499786376953,$94.09500122070312
03/20/2025,$95.08399963378906,44663000,$95.0009994506836,$96.69999694824219,$94.55000305175781
03/19/2025,$95.9489974975586,66624000,$93.5770034790039,$96.80000305175781,$92.4000015258789
03/18/2025,$92.99800109863281,60094000,$94,$94.82499694824219,$91.62999725341797
03/17/2025,$95.00199890136719,75431000,$93.99500274658203,$96.76300048828125,$93.44200134277344
03/14/2025,$91.80000305175781,52007000,$90.14600372314453,$91.96299743652344,$90.0999984741211
03/13/2025,$89.01699829101562,50017000,$91.30000305175781,$92.18900299072266,$88.7509994506836
03/12/2025,$91.96800231933594,68658000,$91.45999908447266,$92.71800231933594,$90.0999984741211
03/11/2025,$89.51000213623047,73989000,$86.74099731445312,$91.06800079345703,$86.5999984741211
03/10/2025,$86.66799926757812,69953000,$87.50700378417969,$88.12699890136719,$85.44999694824219
03/07/2025,$89.11100006103516,77375000,$89.76399993896484,$90.48899841308594,$85.80699920654297
03/06/2025,$90.63600158691406,78526000,$97.29900360107422,$97.36900329589844,$89.9000015258789
03/05/2025,$99.09200286865234,38079000,$97.36199951171875,$99.55999755859375,$96.947998046875
03/04/2025,$97.25800323486328,43928000,$97.16100311279297,$98.63099670410156,$94.82099914550781
03/03/2025,$97.37000274658203,39074000,$98.30000305175781,$99.49299621582031,$96.48100280761719
02/28/2025,$98.05599975585938,47174000,$96.95600128173828,$98.22699737548828,$95.81700134277344
02/27/2025,$96.30699920654297,37666000,$99.5,$100.072998046875,$96.18299865722656
02/26/2025,$99.00599670410156,33972000,$97.76000213623047,$100.08899688720703,$97.69000244140625
02/25/2025,$97.7239990234375,47383000,$98.94000244140625,$99.44000244140625,$95.5
02/24/2025,$98.84700012207031,44262000,$100.80000305175781,$101.51699829101562,$98.447998046875
02/21/2025,$100.31500244140625,37387000,$102.94200134277344,$103.23799896240234,$99.93900299072266
02/20/2025,$102.4540023803711,31118000,$104.19999694824219,$104.5,$101.55899810791016
02/19/2025,$104.33300018310547,26000000,$103.51799774169922,$104.5,$102.45099639892578
02/18/2025,$103.58499908447266,42293000,$106,$106.19999694824219,$102.375
02/14/2025,$105.86000061035156,31454000,$104.49500274658203,$106.44999694824219,$104.16899871826172
02/13/2025,$104.36900329589844,34761000,$102.66300201416016,$104.5989990234375,$102.51000213623047
02/12/2025,$102.73100280761719,33890000,$100.54900360107422,$102.77400207519531,$99.83499908447266
02/11/2025,$100.80799865722656,33318000,$102.0790023803711,$102.26899719238281,$100.29499816894531
02/10/2025,$102.76000213623047,32966000,$102.30500030517578,$103.28500366210938,$101.58799743652344
02/07/2025,$101.39299774169922,32129000,$101.69999694824219,$102.7760009765625,$100.56700134277344
02/06/2025,$101.56800079345703,31343000,$100.78700256347656,$101.63500213623047,$100.26100158691406
02/05/2025,$101.11100006103516,39934000,$98.77300262451172,$101.18299865722656,$98.66799926757812
02/04/2025,$99.48699951171875,60001000,$98.0469970703125,$100.80000305175781,$97.85099792480469
02/03/2025,$97.89399719238281,37242000,$97.30000305175781,$98.76899719238281,$96.43800354003906
01/31/2025,$97.6760025024414,36151000,$97.4000015258789,$99.02899932861328,$97.4000015258789
01/30/2025,$97.3239974975586,38678000,$98.67500305175781,$99.45899963378906,$97.0009994506836
01/29/2025,$97.81500244140625,29307000,$98,$98.76399993896484,$96.822998046875
01/28/2025,$97.18299865722656,34340000,$96.6709976196289,$97.79299926757812,$95.7300033569336
01/27/2025,$97.18900299072266,46342000,$97.11000061035156,$98.22699737548828,$96.0260009765625
01/24/2025,$97.75900268554688,45504000,$98.44100189208984,$98.62799835205078,$96.76799774169922
01/23/2025,$98.48600006103516,77521000,$95.78099822998047,$98.5,$95.38999938964844
01/22/2025,$95.39900207519531,142732000,$99.8030014038086,$99.9000015258789,$95.07599639892578
01/21/2025,$86.96800231933594,98514000,$86.35299682617188,$91.63999938964844,$85.4749984741211
01/17/2025,$85.80999755859375,36176000,$85.97899627685547,$86.5,$85.21299743652344
01/16/2025,$84.23699951171875,40285000,$86.09600067138672,$86.89800262451172,$84.2020034790039
01/15/2025,$84.82599639892578,31814000,$83.64399719238281,$85.08399963378906,$83.04100036621094
01/14/2025,$82.83999633789062,30377000,$84.31999969482422,$84.48899841308594,$82.35199737548828
01/13/2025,$84.02899932861328,30245000,$83.15299987792969,$84.70700073242188,$82.91400146484375
01/10/2025,$83.76899719238281,48033000,$86.63999938964844,$86.64099884033203,$83.44000244140625
01/08/2025,$87.5,23479000,$88,$88.62200164794922,$87.30000305175781
01/07/2025,$87.91899871826172,26498000,$87.93800354003906,$88.80000305175781,$86.91100311279297
01/06/2025,$88.17900085449219,34577000,$88.8759994506836,$89.28299713134766,$87.16899871826172
01/03/2025,$88.1050033569336,29673000,$89.31300354003906,$89.88300323486328,$87.98899841308594
01/02/2025,$88.6729965209961,23123000,$89.55000305175781,$89.85800170898438,$87.69999694824219
12/31/2024,$89.13200378417969,18759000,$90.18000030517578,$90.26799774169922,$88.9469985961914
12/30/2024,$90.04299926757812,22030000,$89.45099639892578,$90.822998046875,$88.97100067138672
12/27/2024,$90.75499725341797,32262000,$91.60099792480469,$91.81300354003906,$89.44999694824219
12/26/2024,$92.41400146484375,23403000,$92.83999633789062,$93.04900360107422,$91.52999877929688
12/24/2024,$93.21199798583984,23203000,$91.5,$93.58499908447266,$91.16999816894531
12/23/2024,$91.1449966430664,23394000,$91.34200286865234,$91.5,$89.91000366210938
12/20/2024,$90.90499877929688,45305000,$89.32099914550781,$91.99199676513672,$89.04900360107422
12/19/2024,$90.2040023803711,28155000,$90.81800079345703,$91.26200103759766,$89.9000015258789
12/18/2024,$88.95500183105469,29382000,$91.91300201416016,$92.24400329589844,$88.65599822998047
12/17/2024,$91.91300201416016,24595000,$92.15399932861328,$92.84500122070312,$91.64199829101562
12/16/2024,$92.10800170898438,26749000,$92.39399719238281,$92.89399719238281,$91.94999694824219
12/13/2024,$91.88700103759766,24858000,$91.68099975585938,$92.55500030517578,$90.96099853515625
12/12/2024,$92.55500030517578,24862000,$93.33499908447266,$93.40899658203125,$92.26000213623047
12/11/2024,$93.65599822998047,35017000,$92.47100067138672,$94.17500305175781,$92.30799865722656
12/10/2024,$91.33499908447266,23886000,$91.3759994506836,$92.28800201416016,$90.95800018310547
12/09/2024,$91.36900329589844,33501000,$92.80000305175781,$93.02999877929688,$90.25900268554688
12/06/2024,$93.4739990234375,29554000,$91.52300262451172,$93.5270004272461,$91.27100372314453
12/05/2024,$91.78700256347656,28353000,$91.78500366210938,$92.69999694824219,$91.11100006103516
12/04/2024,$91.10600280761719,26896000,$89.80500030517578,$91.59700012207031,$89.80500030517578
12/03/2024,$90.21700286865234,24016000,$89.43599700927734,$90.26899719238281,$88.8030014038086
12/02/2024,$89.77400207519531,23890000,$88.7509994506836,$90.23400115966797,$88.41200256347656
11/29/2024,$88.68099975585938,20272000,$88.21700286865234,$89.24099731445312,$87.66799926757812
11/27/2024,$87.73400115966797,25782000,$87.20600128173828,$88.09500122070312,$85.89099884033203
11/26/2024,$87.26000213623047,31383000,$86.7490005493164,$88.63600158691406,$86.7249984741211
11/25/2024,$86.55899810791016,60142000,$90.20500183105469,$90.20500183105469,$86.4219970703125
11/22/2024,$89.77899932861328,32140000,$89.5999984741211,$90.5999984741211,$89.30000305175781
11/21/2024,$89.74800109863281,45113000,$88.39299774169922,$90.80000305175781,$87.7239990234375
11/20/2024,$88.38500213623047,40938000,$87.99800109863281,$89.05999755859375,$86.83999633789062
11/19/2024,$87.13200378417969,38142000,$83.9749984741211,$87.4489974975586,$83.91600036621094
11/18/2024,$84.70500183105469,40812000,$81.55000305175781,$84.84500122070312,$80.93299865722656
11/15/2024,$82.39600372314453,36737000,$83.2040023803711,$83.2040023803711,$81.64900207519531
11/14/2024,$83.72599792480469,30382000,$83.36699676513672,$84.0999984741211,$83.00199890136719
11/13/2024,$83.0469970703125,27678000,$82.26200103759766,$83.6989974975586,$82.05400085449219
11/12/2024,$81.94999694824219,28141000,$80.75,$82.03700256347656,$80.375
11/11/2024,$80.54399871826172,23992000,$79.58999633789062,$80.68199920654297,$79.55699920654297
11/08/2024,$79.50399780273438,19106000,$79.73600006103516,$79.90599822998047,$78.86499786376953
11/07/2024,$79.65399932861328,32951000,$78.13700103759766,$79.8219985961914,$77.99400329589844
11/06/2024,$78.02100372314453,36908000,$77.1500015258789,$78.14900207519531,$75.73799896240234
11/05/2024,$76.39099884033203,22006000,$75.73500061035156,$76.75299835205078,$75.62699890136719
11/04/2024,$75.5510025024414,19022000,$75.31400299072266,$76.24800109863281,$74.96900177001953
11/01/2024,$75.61000061035156,29968000,$75.3479995727539,$76.37999725341797,$74.7770004272461
10/31/2024,$75.60299682617188,30577000,$75.39299774169922,$76.0790023803711,$75.2229995727539
10/30/2024,$75.3740005493164,17220000,$75.80799865722656,$75.97899627685547,$75.22799682617188
10/29/2024,$75.94400024414062,36604000,$75.11299896240234,$76.38800048828125,$74.8010025024414
10/28/2024,$74.91200256347656,28624000,$75.86799621582031,$75.86799621582031,$74.78800201416016
10/25/2024,$75.46800231933594,28195000,$75.61699676513672,$76.8499984741211,$75.35299682617188
10/24/2024,$75.45500183105469,26430000,$75.1969985961914,$75.58200073242188,$74.625
10/23/2024,$74.92900085449219,37490000,$76.28299713134766,$76.37899780273438,$74.4260025024414
10/22/2024,$76.42400360107422,29873000,$76.5270004272461,$76.97000122070312,$76.11199951171875
10/21/2024,$77.20700073242188,60571000,$76.57599639892578,$77.30000305175781,$75.66000366210938
10/18/2024,$76.38899993896484,159741000,$73.76399993896484,$76.62799835205078,$73.62300109863281
10/17/2024,$68.76499938964844,89267000,$70.43499755859375,$70.44100189208984,$67.78800201416016
10/16/2024,$70.19999694824219,24943000,$70.34300231933594,$70.55899810791016,$69.78199768066406
10/15/2024,$70.5979995727539,29328000,$71.2509994506836,$71.33999633789062,$69.97799682617188
10/14/2024,$71.30000305175781,27971000,$72.5,$72.66200256347656,$71.13099670410156
10/11/2024,$72.27899932861328,22995000,$73.48999786376953,$73.5999984741211,$72.12200164794922
10/10/2024,$73.02899932861328,27679000,$72.3290023803711,$73.38500213623047,$72.25
10/09/2024,$72.74299621582031,19811000,$71.92500305175781,$72.85900115966797,$71.88700103759766
10/08/2024,$72.1760025024414,31874000,$70.38800048828125,$72.50599670410156,$70.3550033569336
10/07/2024,$70.19200134277344,33605000,$71.47599792480469,$71.58799743652344,$69.64299774169922
10/04/2024,$71.97000122070312,22290000,$71.33200073242188,$72.10099792480469,$70.88200378417969
10/03/2024,$70.68000030517578,22564000,$70.4260025024414,$70.88099670410156,$70
10/02/2024,$71.10900115966797,17582000,$70.61299896240234,$71.62100219726562,$70.46900177001953
10/01/2024,$70.61299896240234,28135000,$71.36399841308594,$71.7760009765625,$69.85900115966797
09/30/2024,$70.927001953125,17099000,$70.69999694824219,$71.12100219726562,$70.28199768066406
09/27/2024,$70.73500061035156,23956000,$70.83599853515625,$71.07099914550781,$70.125
09/26/2024,$71.14299774169922,28330000,$72.4729995727539,$72.5260009765625,$70.1719970703125
09/25/2024,$72.15599822998047,22598000,$72.0999984741211,$72.51200103759766,$71.62100219726562
09/24/2024,$72.22599792480469,35657000,$70.66300201416016,$72.24400329589844,$70.44499969482422
09/23/2024,$70.53700256347656,32243000,$70.23899841308594,$71.2249984741211,$69.91600036621094
09/20/2024,$70.10299682617188,39981000,$70.55500030517578,$70.66699981689453,$69.63099670410156
09/19/2024,$70.43199920654297,42285000,$70.5,$71.56600189208984,$69.53700256347656
09/18/2024,$69.0469970703125,29844000,$70.75499725341797,$70.75499725341797,$68.80000305175781
09/17/2024,$70.69100189208984,22986000,$70.08200073242188,$70.76300048828125,$69.83699798583984
09/16/2024,$69.6500015258789,18437000,$70,$70.302001953125,$68.86299896240234
09/13/2024,$69.70600128173828,22765000,$68.0009994506836,$69.96399688720703,$68
09/12/2024,$68.68000030517578,25821000,$68.49199676513672,$69.48799896240234,$68.22000122070312
09/11/2024,$68.14700317382812,23919000,$67.74600219726562,$68.2969970703125,$66.08000183105469
09/10/2024,$67.36199951171875,20792000,$67.68699645996094,$68.05899810791016,$66.58100128173828
09/09/2024,$67.54199981689453,26831000,$67.4000015258789,$68.3499984741211,$67.21399688720703
09/06/2024,$66.5770034790039,29913000,$68.18599700927734,$68.31500244140625,$66.23400115966797
09/05/2024,$68.36199951171875,18101000,$67.31400299072266,$68.73100280761719,$67.18599700927734
09/04/2024,$67.96800231933594,17853000,$67.33100128173828,$68.46499633789062,$67.30599975585938
09/03/2024,$67.53199768066406,31610000,$70.01000213623047,$70.38600158691406,$67.10099792480469
08/30/2024,$70.13500213623047,32667000,$70.03600311279297,$70.18599700927734,$68.81600189208984
08/29/2024,$69.24800109863281,21870000,$69,$69.9800033569336,$68.60700225830078
08/28/2024,$68.38400268554688,24306000,$69.58300018310547,$69.66699981689453,$67.70999908447266
08/27/2024,$69.5719985961914,31649000,$68.85299682617188,$70.78900146484375,$68.69200134277344
08/26/2024,$68.84400177001953,13542000,$68.72599792480469,$69.05899810791016,$68.16400146484375
08/23/2024,$68.6729965209961,23545000,$69.41300201416016,$69.60700225830078,$67.86299896240234
08/22/2024,$68.89600372314453,27294000,$69.0999984741211,$70.1500015258789,$68.6240005493164
08/21/2024,$69.71199798583984,22353000,$69.69999694824219,$70.0999984741211,$69.13800048828125
08/20/2024,$69.85399627685547,48131000,$68.88600158691406,$71.13300323486328,$68.82499694824219
08/19/2024,$68.85299682617188,30162000,$67.40699768066406,$68.88400268554688,$67.29100036621094
08/16/2024,$67.40699768066406,35110000,$66.94300079345703,$68.02300262451172,$66.53600311279297
08/15/2024,$66.3219985961914,32102000,$66.8489990234375,$67.31900024414062,$65.9800033569336
08/14/2024,$66.16799926757812,40143000,$64.87000274658203,$66.35700225830078,$64.87000274658203
08/13/2024,$64.802001953125,26396000,$63.85599899291992,$65.09700012207031,$63.54999923706055
08/12/2024,$63.31399917602539,23317000,$63.099998474121094,$63.900001525878906,$62.707000732421875
08/09/2024,$63.39400100708008,19808000,$62.29899978637695,$63.6619987487793,$62.29899978637695
08/08/2024,$63.03499984741211,32835000,$62.19900131225586,$63.229000091552734,$61.60200119018555
08/07/2024,$61.14799880981445,31878000,$61.606998443603516,$63.20000076293945,$61.06399917602539
08/06/2024,$60.957000732421875,43191000,$60.0620002746582,$62.244998931884766,$60.0620002746582
08/05/2024,$59.85499954223633,40442000,$58.70399856567383,$60.45600128173828,$58.70399856567383
08/02/2024,$61.36399841308594,35230000,$62.097999572753906,$62.527000427246094,$60.834999084472656
08/01/2024,$62.48500061035156,37206000,$62.92499923706055,$64.6709976196289,$61.76100158691406
07/31/2024,$62.834999084472656,31349000,$62.65700149536133,$63.36000061035156,$62.257999420166016
07/30/2024,$62.257999420166016,34966000,$63.016998291015625,$63.46900177001953,$61.70000076293945
07/29/2024,$62.69599914550781,24005000,$63.46099853515625,$63.46099853515625,$62.393001556396484
07/26/2024,$63.137001037597656,31207000,$64.5,$64.6989974975586,$62.97700119018555
07/25/2024,$63.409000396728516,45545000,$64.0999984741211,$64.99800109863281,$62.16999816894531
07/24/2024,$63.5989990234375,48882000,$63.57400131225586,$65.24199676513672,$63.266998291015625
07/23/2024,$64.2760009765625,24636000,$64.75,$64.99099731445312,$64.0999984741211
07/22/2024,$64.75,52191000,$63.95000076293945,$65.62899780273438,$63.2599983215332
07/19/2024,$63.33399963378906,98156000,$66.06400299072266,$67.89700317382812,$62.9119987487793
07/18/2024,$64.30400085449219,75758000,$65.66000366210938,$65.7040023803711,$63.91699981689453
07/17/2024,$64.74600219726562,40173000,$65,$65.04499816894531,$63.946998596191406
07/16/2024,$65.63200378417969,26857000,$66.18000030517578,$66.36799621582031,$64.91300201416016
07/15/2024,$65.6449966430664,32088000,$64.75,$66.75399780273438,$64.66300201416016
07/12/2024,$64.76000213623047,33552000,$65.2750015258789,$65.59200286865234,$64.37100219726562
07/11/2024,$65.2750015258789,51066000,$67.2490005493164,$67.2490005493164,$64.74400329589844
07/10/2024,$67.76499938964844,26519000,$68.50199890136719,$68.72200012207031,$67.31600189208984
07/09/2024,$68.5739974975586,25961000,$69,$69.5270004272461,$68.47200012207031
07/08/2024,$68.5739974975586,19308000,$68.69999694824219,$68.88600158691406,$68.14900207519531
07/05/2024,$69.06500244140625,26591000,$68.2509994506836,$69.7490005493164,$67.7229995727539
07/03/2024,$68.2509994506836,14035000,$67.74800109863281,$68.375,$67.55000305175781
07/02/2024,$67.95800018310547,24114000,$67.35399627685547,$68.17400360107422,$67.00700378417969
07/01/2024,$67.36100006103516,22128000,$67.48899841308594,$67.50199890136719,$66.37799835205078
06/28/2024,$67.48799896240234,34124000,$67.9000015258789,$68.69999694824219,$67.30799865722656
06/27/2024,$68.43399810791016,24048000,$67.93499755859375,$68.85700225830078,$67.81400299072266
06/26/2024,$67.76899719238281,35458000,$67.24099731445312,$68.2959976196289,$67.00199890136719
06/25/2024,$67.24099731445312,22706000,$67.34400177001953,$67.36699676513672,$66.2300033569336
06/24/2024,$66.9020004272461,39163000,$68.5,$68.55000305175781,$66.44999694824219
06/21/2024,$68.61199951171875,45064000,$68.32599639892578,$68.69000244140625,$67.80999755859375
06/20/2024,$67.90299987792969,25851000,$68.18000030517578,$68.98799896240234,$67.37200164794922
06/18/2024,$68.56700134277344,29438000,$67.56300354003906,$68.70600128173828,$67.46399688720703
06/17/2024,$67.58300018310547,36312000,$66.91100311279297,$68.27100372314453,$66.51100158691406
06/14/2024,$66.93800354003906,44471000,$65.50499725341797,$67.55799865722656,$65.26399993896484
06/13/2024,$65.32599639892578,18636000,$64.4000015258789,$65.5250015258789,$64.23500061035156
06/12/2024,$65.00599670410156,20944000,$65.22100067138672,$65.5780029296875,$64.31099700927734
06/11/2024,$64.8550033569336,21674000,$64.0719985961914,$65.01899719238281,$64.052001953125
06/10/2024,$64.44999694824219,20644000,$64.10099792480469,$64.47899627685547,$63.558998107910156
06/07/2024,$64.14700317382812,18766000,$64.93800354003906,$65.04000091552734,$64.02400207519531
06/06/2024,$64.85199737548828,24667000,$64.48899841308594,$65.79900360107422,$64.42400360107422
06/05/2024,$65.0270004272461,26826000,$63.402000427246094,$65.125,$62.82500076293945
06/04/2024,$63.1619987487793,30082000,$63.37799835205078,$63.52299880981445,$62.64400100708008
06/03/2024,$63.37900161743164,23235000,$64.52200317382812,$64.6780014038086,$62.72700119018555
05/31/2024,$64.16200256347656,40710000,$64.4010009765625,$64.85800170898438,$62.83000183105469
05/30/2024,$64.76599884033203,23889000,$65.35199737548828,$65.64900207519531,$64.4729995727539
05/29/2024,$65.46199798583984,36959000,$64.41300201416016,$66.42500305175781,$64.38899993896484
05/28/2024,$64.9000015258789,26095000,$64.70500183105469,$64.9749984741211,$64.3030014038086
05/24/2024,$64.67500305175781,26153000,$63.939998626708984,$65.19999694824219,$63.7599983215332
05/23/2024,$63.56700134277344,23139000,$64.23400115966797,$64.27100372314453,$63
05/22/2024,$64.0469970703125,21762000,$64.71399688720703,$64.92500305175781,$63.8120002746582
05/21/2024,$65.06099700927734,29202000,$63.67599868774414,$65.08799743652344,$63.422000885009766
05/20/2024,$64.08200073242188,38579000,$62.040000915527344,$64.43699645996094,$61.95199966430664
05/17/2024,$62.11000061035156,37827000,$61.70000076293945,$62.57899856567383,$61.47100067138672
05/16/2024,$61.051998138427734,30564000,$61.57500076293945,$61.83399963378906,$60.909000396728516
05/15/2024,$61.35200119018555,56706000,$61.856998443603516,$62.40999984741211,$60.90999984741211
05/14/2024,$61.36600112915039,27924000,$61.516998291015625,$62.14799880981445,$60.84000015258789
05/13/2024,$61.659000396728516,20862000,$61.43000030517578,$61.821998596191406,$60.68299865722656
05/10/2024,$61.08700180053711,26536000,$61.900001525878906,$62.39799880981445,$60.50600051879883
05/09/2024,$61.20899963378906,20654000,$61.439998626708984,$61.571998596191406,$60.57500076293945
05/08/2024,$60.946998596191406,30939000,$60.16299819946289,$61.821998596191406,$60.16299819946289
05/07/2024,$60.599998474121094,36141000,$59.62799835205078,$60.60499954223633,$59.13199996948242
05/06/2024,$59.696998596191406,36863000,$58.18199920654297,$59.73400115966797,$58.025001525878906
05/03/2024,$57.933998107910156,33075000,$56.599998474121094,$58.0260009765625,$56.51599884033203
05/02/2024,$56.51499938964844,30682000,$55.60200119018555,$56.54600143432617,$55.558998107910156
05/01/2024,$55.17100143432617,34732000,$54.784000396728516,$56.03900146484375,$54.42499923706055
04/30/2024,$55.06399917602539,33615000,$56,$56,$54.9379997253418
04/29/2024,$55.94900131225586,25089000,$55.917999267578125,$55.9640007019043,$55.42399978637695
04/26/2024,$56.12300109863281,43326000,$55.82099914550781,$56.29199981689453,$55.319000244140625
04/25/2024,$56.47999954223633,38071000,$54.94599914550781,$56.65399932861328,$54.57099914550781
04/24/2024,$55.512001037597656,53553000,$57.430999755859375,$57.691001892089844,$55.130001068115234
04/23/2024,$57.775001525878906,49755000,$55.64899826049805,$57.92100143432617,$55.52799987792969
04/22/2024,$55.459999084472656,85977000,$55.066001892089844,$55.861000061035156,$54.20100021362305
04/19/2024,$55.50400161743164,164497000,$56.78799819946289,$57.900001525878906,$55.215999603271484
04/18/2024,$61.055999755859375,84684000,$61.209999084472656,$62.132999420166016,$60.542999267578125
04/17/2024,$61.36899948120117,33122000,$62.09700012207031,$62.09700012207031,$60.770999908447266
04/16/2024,$61.75199890136719,35191000,$60.75,$62.244998931884766,$60.75
04/15/2024,$60.71500015258789,30854000,$63.016998291015625,$63.016998291015625,$60.387001037597656
04/12/2024,$62.28300094604492,29593000,$62.823001861572266,$63.3120002746582,$61.891998291015625
04/11/2024,$62.87799835205078,26627000,$62.44200134277344,$63.16600036621094,$61.7239990234375
04/10/2024,$61.858001708984375,28062000,$61.09700012207031,$62.013999938964844,$60.933998107910156
04/09/2024,$61.81999969482422,21436000,$63.19900131225586,$63.19900131225586,$61.5629997253418
04/08/2024,$62.840999603271484,21457000,$63.638999938964844,$63.900001525878906,$62.81100082397461
04/05/2024,$63.61800003051758,33788000,$62.492000579833984,$63.79100036621094,$62.270999908447266
04/04/2024,$61.7140007019043,30643000,$63.32099914550781,$63.79999923706055,$61.65800094604492
04/03/2024,$63.007999420166016,29312000,$61.275001525878906,$63.04100036621094,$61.150001525878906
04/02/2024,$61.42100143432617,20292000,$61.099998474121094,$61.50299835205078,$60.55099868774414
04/01/2024,$61.430999755859375,21159000,$60.79999923706055,$61.51100158691406,$60.55699920654297
03/28/2024,$60.733001708984375,37088000,$61.499000549316406,$61.5,$60.159000396728516
03/27/2024,$61.35300064086914,26283000,$62.9010009765625,$63.1349983215332,$61.073001861572266
03/26/2024,$62.92399978637695,28045000,$62.52000045776367,$63.43899917602539,$61.917999267578125
03/25/2024,$62.74599838256836,18033000,$62.790000915527344,$63.04600143432617,$62.316001892089844
03/22/2024,$62.80099868774414,21357000,$62.41600036621094,$62.904998779296875,$62.099998474121094
03/21/2024,$62.270999908447266,25077000,$63.064998626708984,$63.43600082397461,$62.233001708984375
03/20/2024,$62.76900100708008,26395000,$61.994998931884766,$62.95100021362305,$61.83399963378906
03/19/2024,$62.07400131225586,21426000,$61.5620002746582,$62.12799835205078,$60.79999923706055
03/18/2024,$61.8390007019043,33442000,$61.35599899291992,$62.74100112915039,$61.04499816894531
03/15/2024,$60.5880012512207,66716000,$62.29199981689453,$62.29199981689453,$60.38199996948242
03/14/2024,$61.30099868774414,31205000,$61.5,$62.08000183105469,$60.73500061035156
03/13/2024,$60.94499969482422,21921000,$61.33700180053711,$61.48500061035156,$60.72100067138672
03/12/2024,$61.108001708984375,28216000,$60.020999908447266,$61.529998779296875,$59.62699890136719
03/11/2024,$60.09299850463867,25009000,$60.80799865722656,$61.099998474121094,$60.0369987487793
03/08/2024,$60.481998443603516,27772000,$60.82699966430664,$61.60900115966797,$60.08399963378906
03/07/2024,$60.85100173950195,27428000,$59.933998107910156,$61.053001403808594,$59.59000015258789
03/06/2024,$59.76900100708008,24696000,$60.29899978637695,$60.792999267578125,$59.35599899291992
03/05/2024,$59.849998474121094,38496000,$61.0099983215332,$61.090999603271484,$59.20000076293945
03/04/2024,$61.58300018310547,30203000,$62.15599822998047,$62.44200134277344,$61.507999420166016
03/01/2024,$61.933998107910156,42703000,$59.98099899291992,$62.02799987792969,$59.95000076293945
02/29/2024,$60.29199981689453,35721000,$60.42499923706055,$60.45199966430664,$59.51599884033203
02/28/2024,$59.64799880981445,26052000,$59.57899856567383,$59.81700134277344,$59.000999450683594
02/27/2024,$60.16699981689453,44894000,$59.5,$60.5359992980957,$59.233001708984375
02/26/2024,$58.76499938964844,23937000,$58.35599899291992,$59.07500076293945,$58.32699966430664
02/23/2024,$58.35599899291992,25689000,$58.63999938964844,$59.24300003051758,$57.981998443603516
02/22/2024,$58.84700012207031,35266000,$58.275001525878906,$59.084999084472656,$57.888999938964844
02/21/2024,$57.334999084472656,22706000,$57.35100173950195,$57.577999114990234,$56.731998443603516
02/20/2024,$57.51300048828125,31242000,$58.018001556396484,$58.599998474121094,$56.965999603271484
02/16/2024,$58.39500045776367,43257000,$59.69499969482422,$59.70000076293945,$57.74599838256836
02/15/2024,$59.34600067138672,52209000,$58.191001892089844,$59.37699890136719,$58.03200149536133
02/14/2024,$57.93299865722656,56342000,$56.72600173950195,$58.125,$56.433998107910156
02/13/2024,$55.45199966430664,35115000,$55.08000183105469,$55.91999816894531,$54.900001525878906
02/12/2024,$55.78499984741211,36085000,$56.0359992980957,$56.84400177001953,$55.70000076293945
02/09/2024,$56.13199996948242,30557000,$56.5,$56.599998474121094,$55.810001373291016
02/08/2024,$55.85300064086914,31755000,$56.05500030517578,$56.369998931884766,$55.57400131225586
02/07/2024,$55.93000030517578,43736000,$55.816001892089844,$56.779998779296875,$55.49800109863281
02/06/2024,$55.5880012512207,28403000,$56.4119987487793,$56.63399887084961,$55.4370002746582
02/05/2024,$56.20600128173828,41431000,$56.24700164794922,$57.57500076293945,$55.720001220703125
02/02/2024,$56.4640007019043,40328000,$56.45199966430664,$56.779998779296875,$56.23699951171875
02/01/2024,$56.750999450683594,31740000,$56.70199966430664,$57.26599884033203,$56.382999420166016
01/31/2024,$56.4109992980957,48576000,$56.28499984741211,$57.21500015258789,$56.20399856567383
01/30/2024,$56.28499984741211,61818000,$56.731998443603516,$57.0880012512207,$56.082000732421875
01/29/2024,$57.57899856567383,69054000,$57.1349983215332,$57.85499954223633,$56.268001556396484
01/26/2024,$57.04199981689453,127706000,$56.180999755859375,$57.9640007019043,$55.84299850463867
01/25/2024,$56.20000076293945,94519000,$55.19499969482422,$56.34600067138672,$54.84600067138672
01/24/2024,$54.48699951171875,264328000,$53.775001525878906,$56.25,$53.707000732421875
01/23/2024,$49.21900177001953,155060000,$49.20000076293945,$49.895999908447266,$48.13999938964844
01/22/2024,$48.57099914550781,52123000,$48.755001068115234,$48.97999954223633,$47.9900016784668
01/19/2024,$48.29499816894531,56724000,$48.49800109863281,$48.56700134277344,$47.60599899291992
01/18/2024,$48.53099822998047,40544000,$48.00299835205078,$48.57699966430664,$47.801998138427734
01/17/2024,$48.03300094604492,48946000,$48.45000076293945,$48.62099838256836,$47.5260009765625
01/16/2024,$48.124000549316406,46790000,$49,$49.415000915527344,$47.801998138427734
01/12/2024,$49.215999603271484,50037000,$50.05099868774414,$50.07899856567383,$49.06100082397461
01/11/2024,$49.222999572753906,79933000,$49.25400161743164,$50.340999603271484,$48.38199996948242
01/10/2024,$47.83300018310547,43424000,$48.15999984741211,$48.70000076293945,$47.29499816894531
01/09/2024,$48.20899963378906,35268000,$47.553001403808594,$48.50899887084961,$47.380001068115234
01/08/2024,$48.50299835205078,36758000,$47.388999938964844,$48.52399826049805,$47.3650016784668
01/05/2024,$47.40599822998047,26313000,$47.650001525878906,$47.95500183105469,$47.18000030517578
01/04/2024,$47.46699905395508,36365000,$47.29800033569336,$48.07400131225586,$46.65299987792969
01/03/2024,$47.0260009765625,34437000,$46.731998443603516,$47.505001068115234,$46.57699966430664
01/02/2024,$46.849998474121094,50494000,$48.319000244140625,$48.46500015258789,$46.18600082397461
12/29/2023,$48.6879997253418,27406000,$49.0369987487793,$49.222999572753906,$48.194000244140625
12/28/2023,$49.05099868774414,17105000,$49.20000076293945,$49.28900146484375,$48.90700149536133
12/27/2023,$49.17900085449219,25613000,$49.124000549316406,$49.402000427246094,$48.92499923706055
12/26/2023,$49.11899948120117,20345000,$48.93899917602539,$49.14799880981445,$48.63800048828125
12/22/2023,$48.67599868774414,27027000,$49.400001525878906,$49.60200119018555,$48.54499816894531
12/21/2023,$49.1609992980957,27562000,$49.26599884033203,$49.439998626708984,$48.676998138427734
12/20/2023,$48.926998138427734,45637000,$49.20000076293945,$50.0890007019043,$48.8390007019043
12/19/2023,$49.50199890136719,38490000,$48.84000015258789,$49.61399841308594,$48.40599822998047
12/18/2023,$48.61199951171875,64107000,$47.630001068115234,$49.20399856567383,$47.5099983215332
12/15/2023,$47.20600128173828,78410000,$46.72999954223633,$47.29999923706055,$46.72999954223633
12/14/2023,$46.983001708984375,51764000,$48.0359992980957,$48.07600021362305,$46.47600173950195
12/13/2023,$47.99800109863281,58202000,$46.198001861572266,$48.125,$46.198001861572266
12/12/2023,$46.29999923706055,33027000,$46.52299880981445,$46.56100082397461,$45.91999816894531
12/11/2023,$45.98899841308594,49297000,$45.93600082397461,$47.064998626708984,$45.72100067138672
12/08/2023,$45.375999450683594,34584000,$45.07600021362305,$45.54999923706055,$45.07600021362305
12/07/2023,$45.20000076293945,35067000,$45.084999084472656,$45.28900146484375,$44.832000732421875
12/06/2023,$44.67300033569336,41788000,$46,$46.04999923706055,$44.573001861572266
12/05/2023,$45.51499938964844,33807000,$45.06999969482422,$45.638999938964844,$44.95800018310547
12/04/2023,$45.38999938964844,51577000,$46.0989990234375,$46.119998931884766,$45.119998931884766
12/01/2023,$46.57400131225586,43415000,$47.31700134277344,$47.52299880981445,$46.459999084472656
11/30/2023,$47.39699935913086,42873000,$47.53099822998047,$47.85900115966797,$47.04199981689453
11/29/2023,$47.71900177001953,28555000,$47.900001525878906,$48.0989990234375,$47.44900131225586
11/28/2023,$47.900001525878906,28902000,$47.81100082397461,$48.04999923706055,$47.595001220703125
11/27/2023,$47.91699981689453,36259000,$47.90299987792969,$48.20000076293945,$47.53499984741211
11/24/2023,$47.95600128173828,14047000,$47.71099853515625,$48.040000915527344,$47.52000045776367
11/22/2023,$47.79999923706055,28416000,$47.68000030517578,$48.27000045776367,$47.65599822998047
11/21/2023,$47.494998931884766,29977000,$47.26300048828125,$47.70199966430664,$47.12099838256836
11/20/2023,$47.446998596191406,36176000,$46.540000915527344,$47.67599868774414,$46.540000915527344
11/17/2023,$46.590999603271484,27985000,$46.69499969482422,$46.76499938964844,$46.2760009765625
11/16/2023,$46.69499969482422,36560000,$46.29999923706055,$46.72800064086914,$45.96500015258789
11/15/2023,$46.194000244140625,50353000,$45.28099822998047,$46.275001525878906,$45.244998931884766
11/14/2023,$44.8650016784668,40609000,$44.87799835205078,$45.40800094604492,$44.56399917602539
11/13/2023,$44.46200180053711,28961000,$44.724998474121094,$44.84299850463867,$44.2599983215332
11/10/2023,$44.7239990234375,44406000,$43.74800109863281,$44.74800109863281,$43.55099868774414
11/09/2023,$43.51499938964844,27355000,$43.803001403808594,$44.03799819946289,$43.435001373291016
11/08/2023,$43.665000915527344,23568000,$43.5,$43.80699920654297,$43.36800003051758
11/07/2023,$43.46099853515625,32911000,$43.61800003051758,$43.763999938964844,$43.099998474121094
11/06/2023,$43.4739990234375,30032000,$43.4379997253418,$43.50299835205078,$42.96099853515625
11/03/2023,$43.236000061035156,36671000,$42.875999450683594,$43.481998443603516,$42.553001403808594
11/02/2023,$42.47100067138672,44760000,$42.117000579833984,$42.66899871826172,$41.709999084472656
11/01/2023,$42.01900100708008,48061000,$41.47700119018555,$42.060001373291016,$41.417999267578125
10/31/2023,$41.16899871826172,38776000,$40.92399978637695,$41.25199890136719,$40.4630012512207
10/30/2023,$41.007999420166016,53171000,$40.23500061035156,$41.28200149536133,$39.941001892089844
10/27/2023,$39.7869987487793,49976000,$40.641998291015625,$41.020999908447266,$39.5620002746582
10/26/2023,$40.354000091552734,68497000,$41.141998291015625,$41.73099899291992,$40.15399932861328
10/25/2023,$41.125,62996000,$41.60200119018555,$41.88399887084961,$41.01100158691406
10/24/2023,$41.37300109863281,64592000,$40.96799850463867,$41.66899871826172,$40.8390007019043
10/23/2023,$40.683998107910156,73900000,$40.332000732421875,$40.75400161743164,$39.85200119018555
10/20/2023,$40.09600067138672,127829000,$40.5629997253418,$41.06399917602539,$39.80099868774414
10/19/2023,$40.176998138427734,280744000,$40.4739990234375,$40.89500045776367,$39.22600173950195
10/18/2023,$34.61899948120117,114296000,$35.099998474121094,$35.479000091552734,$34.472999572753906
10/17/2023,$35.571998596191406,59084000,$36.11000061035156,$36.27000045776367,$35.388999938964844
10/16/2023,$36.082000732421875,51289000,$35.62099838256836,$36.30799865722656,$35.47700119018555
10/13/2023,$35.56800079345703,63126000,$35.56399917602539,$35.893001556396484,$35.20500183105469
10/12/2023,$36.119998931884766,73761000,$36.64799880981445,$36.882999420166016,$35.904998779296875
10/11/2023,$36.59299850463867,91514000,$37.27799987792969,$37.78099822998047,$36.534000396728516
10/10/2023,$37.332000732421875,72889000,$38.55799865722656,$38.869998931884766,$37.224998474121094
10/09/2023,$38.595001220703125,32998000,$37.80500030517578,$38.71699905395508,$37.7760009765625
10/06/2023,$38.1510009765625,47781000,$36.84299850463867,$38.25199890136719,$36.777000427246094
10/05/2023,$37.25899887084961,50348000,$37.80099868774414,$37.86000061035156,$36.7239990234375
10/04/2023,$37.689998626708984,43037000,$37.650001525878906,$38.02199935913086,$37.358001708984375
10/03/2023,$37.67499923706055,88781000,$37.71099853515625,$39.4900016784668,$37.28499984741211
10/02/2023,$38.03300094604492,31021000,$37.74800109863281,$38.48099899291992,$37.68000030517578
09/29/2023,$37.7599983215332,42053000,$38,$38.257999420166016,$37.53499984741211
09/28/2023,$37.63600158691406,43699000,$37.560001373291016,$37.895999908447266,$37.11000061035156
09/27/2023,$37.75899887084961,38435000,$38.2400016784668,$38.422000885009766,$37.625
09/26/2023,$37.92499923706055,40894000,$38.28799819946289,$38.45600128173828,$37.736000061035156
09/25/2023,$38.47999954223633,37573000,$38.290000915527344,$38.6619987487793,$38.08100128173828
09/22/2023,$37.98099899291992,36928000,$38.5,$38.6879997253418,$37.83599853515625
09/21/2023,$38.415000915527344,55479000,$38.650001525878906,$39.59000015258789,$38.34199905395508
09/20/2023,$38.630001068115234,38666000,$39.70500183105469,$39.79899978637695,$38.61199951171875
09/19/2023,$39.619998931884766,40768000,$39.284000396728516,$39.823001861572266,$39.025001525878906
09/18/2023,$39.439998626708984,47047000,$39.54999923706055,$39.946998596191406,$39.2599983215332
09/15/2023,$39.694000244140625,91167000,$40.099998474121094,$40.470001220703125,$39.50299835205078
09/14/2023,$40.04899978637695,107090000,$41.040000915527344,$41.138999938964844,$40
09/13/2023,$41.2239990234375,118430000,$43.54999923706055,$43.84000015258789,$41.069000244140625
09/12/2023,$43.46900177001953,31240000,$44.28499984741211,$44.54399871826172,$43.4119987487793
09/11/2023,$44.5359992980957,29138000,$44.30699920654297,$44.98899841308594,$44.275001525878906
09/08/2023,$44.279998779296875,26975000,$44.35599899291992,$44.680999755859375,$43.8849983215332
09/07/2023,$44.31399917602539,29227000,$44.1150016784668,$44.459999084472656,$43.66999816894531
09/06/2023,$44.57600021362305,38623000,$44.861000061035156,$45.138999938964844,$44.04899978637695
09/05/2023,$44.86800003051758,61559000,$43.8390007019043,$45.345001220703125,$43.79999923706055
09/01/2023,$43.987998962402344,47934000,$43.77299880981445,$44.54999923706055,$43.59299850463867
08/31/2023,$43.36800003051758,38030000,$43.12300109863281,$43.71500015258789,$43.12300109863281
08/30/2023,$43.46699905395508,36254000,$43.084999084472656,$43.816001892089844,$42.834999084472656
08/29/2023,$42.999000549316406,44867000,$41.599998474121094,$43.21699905395508,$41.45000076293945
08/28/2023,$41.805999755859375,29286000,$41.80400085449219,$41.983001708984375,$41.32699966430664
08/25/2023,$41.60300064086914,53909000,$41.20000076293945,$41.92499923706055,$40.75600051879883
08/24/2023,$40.69300079345703,56878000,$42.54100036621094,$42.75899887084961,$40.617000579833984
08/23/2023,$42.755001068115234,81747000,$41.84000015258789,$43.70199966430664,$41.770999908447266
08/22/2023,$41.31700134277344,35997000,$40.900001525878906,$41.57400131225586,$40.7400016784668
08/21/2023,$40.82899856567383,38616000,$40.222999572753906,$40.96099853515625,$39.95000076293945
08/18/2023,$40.452999114990234,43122000,$39.93299865722656,$40.652000427246094,$39.814998626708984
08/17/2023,$40.29999923706055,60315000,$41.5,$41.52399826049805,$40.15800094604492
08/16/2023,$41.54499816894531,39670000,$42.37300109863281,$42.45100021362305,$41.525001525878906
08/15/2023,$42.369998931884766,33680000,$42.441001892089844,$42.9119987487793,$42.104000091552734
08/14/2023,$42.77799987792969,39660000,$42.19900131225586,$42.8849983215332,$41.87799835205078
08/11/2023,$42.16600036621094,39279000,$42.89799880981445,$43.0629997253418,$42.132999420166016
08/10/2023,$42.99800109863281,54676000,$43.11199951171875,$43.8120002746582,$42.86899948120117
08/09/2023,$42.88999938964844,38466000,$43.9739990234375,$44.0620002746582,$42.75899887084961
08/08/2023,$43.83000183105469,37672000,$44.0359992980957,$44.356998443603516,$43.5099983215332
08/07/2023,$44.07600021362305,47813000,$43.645999908447266,$44.111000061035156,$42.89099884033203
08/04/2023,$43.15999984741211,54418000,$43.305999755859375,$43.650001525878906,$42.62699890136719
08/03/2023,$43.099998474121094,62439000,$42.779998779296875,$44.19300079345703,$42.71900177001953
08/02/2023,$42.970001220703125,49122000,$43.52299880981445,$43.555999755859375,$42.65599822998047
08/01/2023,$43.86199951171875,57115000,$43.73699951171875,$44.525001525878906,$43.13999938964844
07/31/2023,$43.89699935913086,65876000,$42.6510009765625,$43.91299819946289,$42.630001068115234
07/28/2023,$42.577999114990234,64242000,$41.555999755859375,$42.74700164794922,$41.375999450683594
07/27/2023,$41.31700134277344,65945000,$42.689998626708984,$42.75199890136719,$41.1879997253418
07/26/2023,$42.266998291015625,60092000,$42.41999816894531,$42.5260009765625,$41.558998107910156
07/25/2023,$42.77000045776367,48598000,$42.71799850463867,$43.0880012512207,$42.612998962402344
07/24/2023,$42.83700180053711,82644000,$42.5,$42.86399841308594,$41.91899871826172
07/21/2023,$42.75,173400000,$43.73699951171875,$43.82400131225586,$42.319000244140625
07/20/2023,$43.742000579833984,239897000,$44.70000076293945,$44.849998474121094,$43.20000076293945
07/19/2023,$47.75899887084961,209965000,$47.68600082397461,$48.5,$47
07/18/2023,$47.47999954223633,130418000,$45.099998474121094,$47.814998626708984,$44.87799835205078
07/17/2023,$45.005001068115234,68917000,$44.55699920654297,$45.667999267578125,$44.51100158691406
07/14/2023,$44.191001892089844,71959000,$45.27899932861328,$45.64799880981445,$43.970001220703125
07/13/2023,$45.03799819946289,61575000,$44.70000076293945,$45.16699981689453,$44.11800003051758
07/12/2023,$44.404998779296875,57317000,$44.45500183105469,$44.54100036621094,$43.775001525878906
07/11/2023,$44.020999908447266,45692000,$43.8650016784668,$44.08000183105469,$43.104000091552734
07/10/2023,$44.17100143432617,42517000,$43.85200119018555,$44.441001892089844,$43.68199920654297
07/07/2023,$43.810001373291016,41651000,$43.86000061035156,$44.233001708984375,$43.58399963378906
07/06/2023,$43.88399887084961,49388000,$44,$44.279998779296875,$43.071998596191406
07/05/2023,$44.59000015258789,68695000,$44.49100112915039,$45.09700012207031,$43.96200180053711
07/03/2023,$44.14400100708008,37332000,$43.97600173950195,$44.154998779296875,$43.1619987487793
06/30/2023,$44.04899978637695,73464000,$43.11000061035156,$44.4119987487793,$43.11000061035156
06/29/2023,$42.82400131225586,49323000,$43.43299865722656,$43.78499984741211,$42.6150016784668
06/28/2023,$42.98400115966797,88113000,$42.310001373291016,$43.729000091552734,$42.28900146484375
06/27/2023,$41.70800018310547,48181000,$41.73899841308594,$42.0880012512207,$41.150001525878906
06/26/2023,$41.59400177001953,46400000,$42.24399948120117,$43.09600067138672,$41.4900016784668
06/23/2023,$42.402000427246094,82986000,$41.85900115966797,$42.582000732421875,$41.77299880981445
06/22/2023,$42.24800109863281,48695000,$42.292999267578125,$42.47100067138672,$41.86800003051758
06/21/2023,$42.44499969482422,51464000,$43.26499938964844,$43.45500183105469,$42.25400161743164
06/20/2023,$43.470001220703125,47560000,$43.018001556396484,$44,$43
06/16/2023,$43.19599914550781,87537000,$44.6150016784668,$44.750999450683594,$43.09000015258789
06/15/2023,$44.527000427246094,70999000,$44.40999984741211,$44.8650016784668,$43.95000076293945
06/14/2023,$44.08599853515625,84131000,$43.499000549316406,$44.733001708984375,$43.349998474121094
06/13/2023,$43.573001861572266,78205000,$43.000999450683594,$43.72700119018555,$42.84000015258789
06/12/2023,$42.39699935913086,59595000,$41.882999420166016,$42.470001220703125,$41.65700149536133
06/09/2023,$42.00199890136719,123630000,$42.45000076293945,$42.59000015258789,$41.47600173950195
06/08/2023,$40.9370002746582,59911000,$39.97700119018555,$40.95399856567383,$39.63399887084961
06/07/2023,$39.97700119018555,119324000,$41.042999267578125,$41.89500045776367,$39.92300033569336
06/06/2023,$39.92900085449219,49915000,$40.5,$40.512001037597656,$39.69300079345703
06/05/2023,$40.354000091552734,72474000,$40.047000885009766,$41.38600158691406,$40.01499938964844
06/02/2023,$40.047000885009766,59024000,$40.28900146484375,$40.65800094604492,$39.59000015258789
06/01/2023,$40.3129997253418,71601000,$39.74100112915039,$40.75199890136719,$39.30799865722656
05/31/2023,$39.52299880981445,69880000,$39.18899917602539,$39.625999450683594,$38.89099884033203
05/30/2023,$39.29800033569336,108650000,$39.74800109863281,$40.51100158691406,$38.57899856567383
05/26/2023,$37.88800048828125,93604000,$36.11000061035156,$38.375999450683594,$35.599998474121094
05/25/2023,$35.900001525878906,62631000,$35.96099853515625,$36.744998931884766,$35.742000579833984
05/24/2023,$36.48500061035156,79733000,$35.69300079345703,$36.71500015258789,$35.66299819946289
05/23/2023,$35.5989990234375,68661000,$36.02399826049805,$36.41699981689453,$35.430999755859375
05/22/2023,$36.30099868774414,54064000,$36.5359992980957,$37.20100021362305,$36.25
05/19/2023,$36.5359992980957,78597000,$36.986000061035156,$36.999000549316406,$36.38100051879883
05/18/2023,$37.12900161743164,209252000,$34.724998474121094,$37.58700180053711,$34.637001037597656
05/17/2023,$33.99599838256836,39588000,$33.17599868774414,$34.13800048828125,$32.96200180053711
05/16/2023,$33.375,33322000,$33.400001525878906,$33.516998291015625,$33.191001892089844
05/15/2023,$33.5890007019043,36530000,$34.0620002746582,$34.189998626708984,$33.55400085449219
05/12/2023,$33.98899841308594,60824000,$34.47600173950195,$34.81700134277344,$33.736000061035156
05/11/2023,$34.47600173950195,80335000,$33.49800109863281,$34.547000885009766,$33.183998107910156
05/10/2023,$33.54199981689453,42899000,$33.520999908447266,$33.71099853515625,$32.95100021362305
05/09/2023,$33.2140007019043,55449000,$33.06700134277344,$33.63199996948242,$32.9739990234375
05/08/2023,$33.12099838256836,54886000,$32.29899978637695,$33.25600051879883,$32.202999114990234
05/05/2023,$32.2760009765625,39906000,$32.361000061035156,$32.415000915527344,$31.944000244140625
05/04/2023,$32.077999114990234,38797000,$31.900999069213867,$32.361000061035156,$31.795000076293945
05/03/2023,$31.93000030517578,50641000,$31.7549991607666,$32.46200180053711,$31.584999084472656
05/02/2023,$31.7549991607666,43186000,$32.5,$32.606998443603516,$31.562000274658203
05/01/2023,$32.4119987487793,53415000,$32.944000244140625,$33.12300109863281,$31.80900001525879
04/28/2023,$32.99300003051758,42284000,$32.52399826049805,$33.08100128173828,$32.400001525878906
04/27/2023,$32.584999084472656,56188000,$32.43000030517578,$32.744998931884766,$31.743999481201172
04/26/2023,$32.1150016784668,46232000,$32.13600158691406,$32.59000015258789,$32.047000885009766
04/25/2023,$32.255001068115234,54266000,$32.849998474121094,$32.86600112915039,$32.11000061035156
04/24/2023,$32.902000427246094,55866000,$33.02000045776367,$33.465999603271484,$32.67499923706055
04/21/2023,$32.79800033569336,63480000,$32.29999923706055,$32.82899856567383,$31.950000762939453
04/20/2023,$32.53499984741211,99478000,$32.03900146484375,$33.143001556396484,$31.83300018310547
04/19/2023,$32.3120002746582,221283000,$32.42100143432617,$32.57500076293945,$31.610000610351562
04/18/2023,$33.369998931884766,179445000,$33.5,$33.71900177001953,$33.04999923706055
04/17/2023,$33.27199935913086,61360000,$33.79999923706055,$33.8390007019043,$32.75
04/14/2023,$33.862998962402344,53505000,$34.29399871826172,$34.48500061035156,$33.64099884033203
04/13/2023,$34.61899948120117,74064000,$33.999000549316406,$34.643001556396484,$33.875
04/12/2023,$33.10300064086914,39654000,$34.08100128173828,$34.279998779296875,$33.00400161743164
04/11/2023,$33.82099914550781,40448000,$34.345001220703125,$34.7140007019043,$33.763999938964844
04/10/2023,$33.89899826049805,26579000,$33.527000427246094,$33.987998962402344,$33.33599853515625
04/06/2023,$33.93299865722656,46605000,$33.933998107910156,$34.04800033569336,$33.26300048828125
04/05/2023,$34.23500061035156,42055000,$34.529998779296875,$34.542999267578125,$33.625
04/04/2023,$34.67499923706055,32981000,$34.8489990234375,$34.97999954223633,$34.39500045776367
04/03/2023,$34.827999114990234,44137000,$34.18299865722656,$34.858001708984375,$34.040000915527344
03/31/2023,$34.54800033569336,56102000,$34.005001068115234,$34.58399963378906,$33.720001220703125
03/30/2023,$33.84299850463867,71315000,$34.027000427246094,$34.32899856567383,$33.529998779296875
03/29/2023,$33.202999114990234,62873000,$32.62900161743164,$33.28499984741211,$32.573001861572266
03/28/2023,$32.35200119018555,64894000,$32.60599899291992,$33.332000732421875,$32.12799835205078
03/27/2023,$32.76599884033203,86258000,$32.755001068115234,$33.64400100708008,$32.441001892089844
03/24/2023,$32.8390007019043,129917000,$32.0629997253418,$33.18299865722656,$32.0629997253418
03/23/2023,$32.0369987487793,156533000,$30.468000411987305,$32.27799987792969,$30.413999557495117
03/22/2023,$29.389999389648438,58080000,$30.631000518798828,$30.645000457763672,$29.354000091552734
03/21/2023,$30.57900047302246,48863000,$30.631999969482422,$30.79199981689453,$30.042999267578125
03/20/2023,$30.51300048828125,51134000,$29.979000091552734,$30.75,$29.600000381469727
03/17/2023,$30.350000381469727,69188000,$31.006000518798828,$31.076000213623047,$30
03/16/2023,$31.006000518798828,79037000,$30.475000381469727,$31.65999984741211,$30.17099952697754
03/15/2023,$30.378999710083008,92153000,$29.250999450683594,$30.631000518798828,$29.22800064086914
03/14/2023,$29.493999481201172,59567000,$29.597000122070312,$29.7450008392334,$29.0310001373291
03/13/2023,$29.35099983215332,62924000,$28.733999252319336,$29.923999786376953,$28.533000946044922
03/10/2023,$29.275999069213867,57593000,$29.790000915527344,$29.878999710083008,$28.899999618530273
03/09/2023,$29.777999877929688,74434000,$31.20800018310547,$31.250999450683594,$29.488000869750977
03/08/2023,$31.179000854492188,34795000,$30.929000854492188,$31.183000564575195,$30.575000762939453
03/07/2023,$30.847000122070312,45531000,$31.26799964904785,$31.43000030517578,$30.66200065612793
03/06/2023,$31.202999114990234,56607000,$31.700000762939453,$32.33000183105469,$31.18400001525879
03/03/2023,$31.51799964904785,59533000,$31.545000076293945,$31.749000549316406,$31.082000732421875
03/02/2023,$31.187999725341797,49110000,$31.09600067138672,$31.55699920654297,$31.038000106811523
03/01/2023,$31.347999572753906,49113000,$32.154998779296875,$32.65999984741211,$31.236000061035156
02/28/2023,$32.2130012512207,36761000,$32.369998931884766,$32.762001037597656,$32.117000579833984
02/27/2023,$32.303001403808594,61426000,$32.387001037597656,$33,$32.21200180053711
02/24/2023,$31.71500015258789,68307000,$31.93000030517578,$32.150001525878906,$31.45199966430664
02/23/2023,$32.3650016784668,132387000,$33.12300109863281,$33.12799835205078,$31.43000030517578
02/22/2023,$33.487998962402344,45462000,$33.75,$34.191001892089844,$33.28200149536133
02/21/2023,$33.75,57103000,$34.28499984741211,$34.41299819946289,$33.641998291015625
02/17/2023,$34.79600143432617,52947000,$34.79100036621094,$34.900001525878906,$34.24399948120117
02/16/2023,$35.07099914550781,52157000,$35.5,$36.150001525878906,$35.03099822998047
02/15/2023,$36.141998291015625,39660000,$35.66299819946289,$36.28799819946289,$35.42399978637695
02/14/2023,$35.99599838256836,46248000,$35.755001068115234,$36.375,$35.34000015258789
02/13/2023,$35.856998443603516,71344000,$34.95000076293945,$35.970001220703125,$34.42499923706055
02/10/2023,$34.736000061035156,72911000,$35.91600036621094,$36.2140007019043,$34.7140007019043
02/09/2023,$36.25,69011000,$37.24100112915039,$37.382999420166016,$36.17399978637695
02/08/2023,$36.68299865722656,62532000,$36.00199890136719,$36.819000244140625,$35.83100128173828
02/07/2023,$36.29499816894531,62894000,$35.85100173950195,$36.417999267578125,$35.417999267578125
02/06/2023,$36.14799880981445,49949000,$36.36399841308594,$36.845001220703125,$36.06800079345703
02/03/2023,$36.59000015258789,94020000,$35.90800094604492,$37.94300079345703,$35.900001525878906
02/02/2023,$36.68899917602539,78570000,$36.51599884033203,$36.832000732421875,$35.84299850463867
02/01/2023,$36.19900131225586,80052000,$35.38600158691406,$36.53900146484375,$34.99100112915039
01/31/2023,$35.38600158691406,56607000,$34.99800109863281,$35.595001220703125,$34.87099838256836
01/30/2023,$35.31100082397461,51276000,$35.84400177001953,$36.095001220703125,$35.2859992980957
01/27/2023,$36.07699966430664,67035000,$36.31999969482422,$36.59199905395508,$36.058998107910156
01/26/2023,$36.48699951171875,82568000,$36.87699890136719,$36.902000427246094,$36.16999816894531
01/25/2023,$36.79600143432617,77669000,$36.05699920654297,$36.88999938964844,$35.849998474121094
01/24/2023,$36.382999420166016,117965000,$35.75299835205078,$36.564998626708984,$35.513999938964844
01/23/2023,$35.742000579833984,156469000,$34.172000885009766,$36.224998474121094,$34.0629997253418
01/20/2023,$34.25,284303000,$33.67900085449219,$34.400001525878906,$33.26300048828125
01/19/2023,$31.577999114990234,180082000,$32.25699996948242,$32.48899841308594,$31.339000701904297
01/18/2023,$32.632999420166016,78141000,$32.67499923706055,$33.007999420166016,$32.125
01/17/2023,$32.62200164794922,92470000,$33.108001708984375,$33.25,$32.36000061035156
01/13/2023,$33.28200149536133,82868000,$32.99700164794922,$33.665000915527344,$32.888999938964844
01/12/2023,$33.01300048828125,108562000,$33.25,$33.29499816894531,$32.31399917602539
01/11/2023,$32.72600173950195,95797000,$32.650001525878906,$32.88800048828125,$32.1349983215332
01/10/2023,$32.75400161743164,130723000,$31.10700035095215,$32.935001373291016,$31.10700035095215
01/09/2023,$31.517000198364258,67666000,$31.683000564575195,$32.16999816894531,$31.32200050354004
01/06/2023,$31.55500030517578,89598000,$31.156999588012695,$31.677000045776367,$30.368999481201172
01/05/2023,$30.969999313354492,83284000,$30.700000762939453,$31.417999267578125,$30.454999923706055
01/04/2023,$30.94099998474121,93451000,$29.823999404907227,$31.11400032043457,$29.551000595092773
01/03/2023,$29.4950008392334,67640000,$29.805999755859375,$29.839000701904297,$28.8700008392334
12/30/2022,$29.488000869750977,75669000,$28.55299949645996,$29.500999450683594,$28.32200050354004
12/29/2022,$29.11199951171875,95885000,$28.31800079345703,$29.549999237060547,$28.10099983215332
12/28/2022,$27.687999725341797,59644000,$28.191999435424805,$28.518999099731445,$27.340999603271484
12/27/2022,$28.41699981689453,57781000,$29.319000244140625,$29.35700035095215,$28.21299934387207
12/23/2022,$29.496000289916992,42511000,$29.618000030517578,$29.84600067138672,$29.19099998474121
12/22/2022,$29.774999618530273,78562000,$29.80900001525879,$29.88800048828125,$29.08099937438965
12/21/2022,$29.79599952697754,63762000,$28.999000549316406,$30.06599998474121,$28.649999618530273
12/20/2022,$28.819000244140625,69181000,$28.124000549316406,$28.92799949645996,$28.08099937438965
12/19/2022,$28.829999923706055,61637000,$28.972999572753906,$29.225000381469727,$28.613000869750977
12/16/2022,$29.070999145507812,140800000,$28.875999450683594,$29.472000122070312,$28.8700008392334
12/15/2022,$29.041000366210938,177246000,$30.211999893188477,$30.339000701904297,$28.655000686645508
12/14/2022,$31.783000946044922,75433000,$31.89699935913086,$32.47100067138672,$31.441999435424805
12/13/2022,$32.034000396728516,107564000,$32.79999923706055,$33.27199935913086,$31.719999313354492
12/12/2022,$31.51799964904785,101486000,$32,$32.31800079345703,$30.885000228881836
12/09/2022,$32.000999450683594,143640000,$32.14500045776367,$32.900001525878906,$31.95199966430664
12/08/2022,$31.025999069213867,72053000,$30.910999298095703,$31.238000869750977,$30.481000900268555
12/07/2022,$30.841999053955078,78216000,$30.649999618530273,$30.961000442504883,$30.209999084472656
12/06/2022,$30.555999755859375,71954000,$31.100000381469727,$31.32200050354004,$30.312999725341797
12/05/2022,$31.259000778198242,84230000,$31.645999908447266,$32.277000427246094,$31.091999053955078
12/02/2022,$32.04100036621094,126906000,$31.048999786376953,$32.19900131225586,$31
12/01/2022,$31.69499969482422,146649000,$30.39900016784668,$31.979999542236328,$30.30299949645996
11/30/2022,$30.55299949645996,160701000,$28.136999130249023,$30.826000213623047,$28.041000366210938
11/29/2022,$28.09600067138672,57869000,$28.25,$28.29599952697754,$27.5939998626709
11/28/2022,$28.117000579833984,47034000,$28.399999618530273,$28.954999923706055,$28.05299949645996
11/25/2022,$28.554000854492188,32360000,$28.899999618530273,$28.92099952697754,$28.41699981689453
11/23/2022,$29.149999618530273,59190000,$28.590999603271484,$29.246999740600586,$28.375999450683594
11/22/2022,$28.66900062561035,62451000,$28.499000549316406,$28.697999954223633,$27.733999252319336
11/21/2022,$28.5049991607666,72565000,$29.100000381469727,$29.187000274658203,$28.266000747680664
11/18/2022,$28.79800033569336,84001000,$29.732999801635742,$29.799999237060547,$28.700000762939453
11/17/2022,$29.527999877929688,98382000,$29.472000122070312,$29.98200035095215,$29.100000381469727
11/16/2022,$30.601999282836914,80386000,$30.993999481201172,$31.048999786376953,$30.361000061035156
11/15/2022,$31.020000457763672,146269000,$30.920000076293945,$31.270999908447266,$30.2549991607666
11/14/2022,$29.927000045776367,179782000,$29,$31.100000381469727,$28.819000244140625
11/11/2022,$29.01300048828125,95738000,$27.44700050354004,$29.06599998474121,$27.1560001373291
11/10/2022,$27.496999740600586,96673000,$26.599000930786133,$27.535999298095703,$26.009000778198242
11/09/2022,$25.465999603271484,72660000,$25.965999603271484,$26.09000015258789,$25.422000885009766
11/08/2022,$26.34600067138672,76838000,$25.992000579833984,$26.607999801635742,$25.687999725341797
11/07/2022,$25.860000610351562,79270000,$26.106000900268555,$26.114999771118164,$25.208999633789062
11/04/2022,$26.07900047302246,111247000,$27.20199966430664,$27.496999740600586,$25.531999588012695
11/03/2022,$26.9060001373291,70574000,$27.125,$27.628999710083008,$26.8799991607666
11/02/2022,$27.299999237060547,103676000,$28.639999389648438,$28.732999801635742,$27.284000396728516
11/01/2022,$28.674999237060547,69164000,$29.617000579833984,$29.969999313354492,$28.642000198364258
10/31/2022,$29.187999725341797,75051000,$29.51300048828125,$29.761999130249023,$28.950000762939453
10/28/2022,$29.57200050354004,99605000,$29.770000457763672,$30.118999481201172,$29.229000091552734
10/27/2022,$29.694000244140625,146126000,$29.83300018310547,$30.520999908447266,$29.47800064086914
10/26/2022,$29.86199951171875,157141000,$29.003999710083008,$30.562999725341797,$28.804000854492188
10/25/2022,$29.101999282836914,151007000,$28.69499969482422,$29.759000778198242,$28.55500030517578
10/24/2022,$28.2450008392334,133264000,$29.023000717163086,$29.048999786376953,$28.035999298095703
10/21/2022,$28.957000732421875,248891000,$26.895000457763672,$29.075000762939453,$26.56800079345703
10/20/2022,$26.81599998474121,172071000,$27.277999877929688,$27.83799934387207,$26.63800048828125
10/19/2022,$27.238000869750977,466853000,$26.5,$27.93000030517578,$26.266000747680664
10/18/2022,$24.086000442504883,257767000,$24.979999542236328,$25.03700065612793,$23.773000717163086
10/17/2022,$24.510000228881836,210578000,$23.44099998474121,$24.992000579833984,$23.440000534057617
10/14/2022,$23,152934000,$23.780000686645508,$23.8799991607666,$22.951000213623047
10/13/2022,$23.250999450683594,175050000,$21.268999099731445,$23.44700050354004,$21.17300033569336
10/12/2022,$22.086999893188477,129526000,$21.43000030517578,$22.367000579833984,$21.263999938964844
10/11/2022,$21.429000854492188,152824000,$22.604999542236328,$23.04400062561035,$21.3700008392334
10/10/2022,$22.99799919128418,99911000,$22.56399917602539,$23.382999420166016,$22.42300033569336
10/07/2022,$22.475000381469727,98061000,$23.57699966430664,$23.732999801635742,$22.42799949645996
10/06/2022,$24.00200080871582,91889000,$23.667999267578125,$24.42799949645996,$23.391000747680664
10/05/2022,$23.67300033569336,108256000,$23.875999450683594,$24.159000396728516,$22.738000869750977
10/04/2022,$24.073999404907227,139259000,$24.483999252319336,$24.579999923706055,$23.325000762939453
10/03/2022,$23.90399932861328,86574000,$23.78499984741211,$24.15399932861328,$23.28499984741211
09/30/2022,$23.54400062561035,118486000,$23.700000762939453,$24.243999481201172,$23.326000213623047
09/29/2022,$23.97100067138672,189949000,$24.160999298095703,$24.697999954223633,$23.56800079345703
09/28/2022,$24.520000457763672,175797000,$22.9689998626709,$24.665000915527344,$22.738000869750977
09/27/2022,$22.43600082397461,77622000,$22.863000869750977,$23.06399917602539,$22.07200050354004
09/26/2022,$22.406999588012695,82343000,$22.559999465942383,$23.270000457763672,$22.301000595092773
09/23/2022,$22.641000747680664,112072000,$23.513999938964844,$23.645000457763672,$22.14299964904785
09/22/2022,$23.704999923706055,100180000,$23.53499984741211,$24.049999237060547,$23.166000366210938
09/21/2022,$23.687000274658203,91668000,$24.267000198364258,$24.829999923706055,$23.667999267578125
09/20/2022,$24.28499984741211,160374000,$24.03700065612793,$25.048999786376953,$23.965999603271484
09/19/2022,$24.363000869750977,179124000,$24.5049991607666,$24.524999618530273,$23.575000762939453
09/16/2022,$24.01300048828125,189142000,$23.121999740600586,$24.13599967956543,$22.783000946044922
09/15/2022,$23.538000106811523,194541000,$23.047000885009766,$24.229000091552734,$22.90999984741211
09/14/2022,$22.41200065612793,82303000,$21.98200035095215,$22.799999237060547,$21.579999923706055
09/13/2022,$21.812999725341797,80001000,$22.649999618530273,$22.768999099731445,$21.77199935913086
09/12/2022,$23.652999877929688,60474000,$23.361000061035156,$23.948999404907227,$23.336999893188477
09/09/2022,$23.35700035095215,66996000,$22.961999893188477,$23.47800064086914,$22.961999893188477
09/08/2022,$22.743999481201172,67374000,$22.416000366210938,$22.874000549316406,$22.1299991607666
09/07/2022,$22.895999908447266,81493000,$22.020999908447266,$22.933000564575195,$21.82699966430664
09/06/2022,$21.839000701904297,74690000,$22.55900001525879,$22.684999465942383,$21.4689998626709
09/02/2022,$22.611000061035156,81649000,$23.10300064086914,$23.38800048828125,$22.503999710083008
09/01/2022,$23.003999710083008,72929000,$22.07200050354004,$23.03700065612793,$21.94700050354004
08/31/2022,$22.356000900268555,86159000,$22.700000762939453,$23.38800048828125,$22.343000411987305
08/30/2022,$22.065000534057617,57404000,$22.666000366210938,$22.979000091552734,$21.874000549316406
08/29/2022,$22.457000732421875,71094000,$22.19300079345703,$22.98699951171875,$22.152000427246094
08/26/2022,$22.327999114990234,53498000,$23.363000869750977,$23.69499969482422,$22.315000534057617
08/25/2022,$23.398000717163086,37669000,$23.02400016784668,$23.416000366210938,$22.899999618530273
08/24/2022,$22.961000442504883,54263000,$22.56599998474121,$23.40999984741211,$22.393999099731445
08/23/2022,$22.454999923706055,52769000,$22.645999908447266,$22.989999771118164,$22.43000030517578
08/22/2022,$22.65399932861328,86301000,$23.2549991607666,$23.347999572753906,$22.458999633789062
08/19/2022,$24.115999221801758,75047000,$24.094999313354492,$24.32900047302246,$23.56800079345703
08/18/2022,$24.517000198364258,52804000,$24.195999145507812,$24.648000717163086,$23.92799949645996
08/17/2022,$24.114999771118164,56272000,$24.118000030517578,$24.423999786376953,$23.756000518798828
08/16/2022,$24.569000244140625,51368000,$24.715999603271484,$24.929000854492188,$24.402999877929688
08/15/2022,$24.910999298095703,65274000,$24.81100082397461,$25.198999404907227,$24.750999450683594
08/12/2022,$24.93000030517578,60985000,$24.481000900268555,$24.94099998474121,$24.375999450683594
08/11/2022,$24.270000457763672,87801000,$24.468000411987305,$25.16200065612793,$24.150999069213867
08/10/2022,$24.410999298095703,92548000,$23.698999404907227,$24.45400047302246,$23.65999984741211
08/09/2022,$22.993999481201172,61812000,$23.16200065612793,$23.219999313354492,$22.46500015258789
08/08/2022,$23.349000930786133,109821000,$22.749000549316406,$24.195999145507812,$22.641000747680664
08/05/2022,$22.67799949645996,55397000,$22.530000686645508,$22.86199951171875,$22.28700065612793
08/04/2022,$22.990999221801758,71427000,$22.76799964904785,$23.207000732421875,$22.5049991607666
08/03/2022,$22.67300033569336,64007000,$22.479000091552734,$22.809999465942383,$22.242000579833984
08/02/2022,$22.142000198364258,63613000,$22.275999069213867,$22.81999969482422,$22.08799934387207
08/01/2022,$22.621000289916992,55250000,$22.309999465942383,$22.839000701904297,$22.100000381469727
07/29/2022,$22.489999771118164,90649000,$22.32900047302246,$23.075000762939453,$22.239999771118164
07/28/2022,$22.601999282836914,89727000,$22.459999084472656,$22.809999465942383,$21.966999053955078
07/27/2022,$22.674999237060547,105084000,$21.648000717163086,$22.777999877929688,$21.45800018310547
07/26/2022,$21.391000747680664,95085000,$21.666000366210938,$21.93899917602539,$21.163999557495117
07/25/2022,$21.85099983215332,109352000,$22.131000518798828,$22.523000717163086,$21.635000228881836
07/22/2022,$22.04400062561035,178055000,$22.238000869750977,$22.934999465942383,$21.8439998626709
07/21/2022,$22.38800048828125,234301000,$21.43000030517578,$22.43199920654297,$21.149999618530273
07/20/2022,$21.643999099731445,539203000,$20.816999435424805,$21.69700050354004,$20.010000228881836
07/19/2022,$20.163000106811523,281787000,$19.302000045776367,$20.19700050354004,$18.84000015258789
07/18/2022,$19.091999053955078,163228000,$19.25,$19.966999053955078,$18.979999542236328
07/15/2022,$18.910999298095703,163191000,$17.558000564575195,$18.922000885009766,$17.45599937438965
07/14/2022,$17.47800064086914,90395000,$17.555999755859375,$17.75200080871582,$17.18199920654297
07/13/2022,$17.6560001373291,127344000,$17.049999237060547,$17.917999267578125,$16.969999313354492
07/12/2022,$17.44499969482422,68453000,$17.732999801635742,$17.97800064086914,$17.341999053955078
07/11/2022,$17.733999252319336,60388000,$18.472999572753906,$18.499000549316406,$17.68899917602539
07/08/2022,$18.697999954223633,58357000,$18.601999282836914,$18.990999221801758,$18.274999618530273
07/07/2022,$18.927000045776367,63345000,$18.427000045776367,$19.020999908447266,$18.350000381469727
07/06/2022,$18.4060001373291,57534000,$18.520000457763672,$18.621999740600586,$18.082000732421875
07/05/2022,$18.58799934387207,73343000,$17.628000259399414,$18.591999053955078,$17.26799964904785
07/01/2022,$17.9950008392334,52016000,$17.64900016784668,$18.010000228881836,$17.427000045776367
06/30/2022,$17.48699951171875,78947000,$17.707000732421875,$17.94499969482422,$17.030000686645508
06/29/2022,$17.836000442504883,57668000,$17.954999923706055,$18.066999435424805,$17.510000228881836
06/28/2022,$17.959999084472656,71854000,$18.920000076293945,$19.219999313354492,$17.937000274658203
06/27/2022,$18.913999557495117,83639000,$19.177000045776367,$19.17799949645996,$18.23900032043457
06/24/2022,$19.084999084472656,124240000,$18.350000381469727,$19.118999481201172,$18.18400001525879
06/23/2022,$18.17099952697754,95382000,$18.049999237060547,$18.275999069213867,$17.586999893188477
06/22/2022,$17.888999938964844,119924000,$17.075000762939453,$18.281999588012695,$17.020000457763672
06/21/2022,$17.090999603271484,121776000,$17.760000228881836,$17.86199951171875,$16.979999542236328
06/17/2022,$17.551000595092773,121334000,$17.363000869750977,$17.96500015258789,$17.333999633789062
06/16/2022,$17.334999084472656,82013000,$17.399999618530273,$17.62700080871582,$17.1560001373291
06/15/2022,$18.01099967956543,123960000,$16.926000595092773,$18.385000228881836,$16.85300064086914
06/14/2022,$16.753999710083008,115553000,$16.975000381469727,$17.20599937438965,$16.42799949645996
06/13/2022,$16.9689998626709,102224000,$17.707000732421875,$17.909000396728516,$16.895999908447266
06/10/2022,$18.29400062561035,130656000,$18.263999938964844,$18.586000442504883,$18.084999084472656
06/09/2022,$19.277000427246094,69490000,$20.065000534057617,$20.16900062561035,$19.253999710083008
06/08/2022,$20.283000946044922,72441000,$19.795000076293945,$20.738000869750977,$19.763999938964844
06/07/2022,$19.861000061035156,48395000,$19.48699951171875,$19.959999084472656,$19.299999237060547
06/06/2022,$19.714000701904297,53720000,$20.208999633789062,$20.386999130249023,$19.538000106811523
06/03/2022,$19.898000717163086,71918000,$20.013999938964844,$20.295000076293945,$19.80500030517578
06/02/2022,$20.509000778198242,96231000,$19.20199966430664,$20.547000885009766,$19.172000885009766
06/01/2022,$19.291000366210938,84162000,$19.8700008392334,$20.27400016784668,$19.166000366210938
05/31/2022,$19.743999481201172,113985000,$19.618000030517578,$19.9950008392334,$19.079999923706055
05/27/2022,$19.518999099731445,85860000,$19.319000244140625,$19.524999618530273,$19.03700065612793
05/26/2022,$19.139999389648438,80499000,$18.64900016784668,$19.233999252319336,$18.30900001525879
05/25/2022,$18.783000946044922,85221000,$18.027999877929688,$18.886999130249023,$18.017000198364258
05/24/2022,$18.034000396728516,77064000,$18.200000762939453,$18.399999618530273,$17.716999053955078
05/23/2022,$18.743999481201172,96020000,$18.614999771118164,$18.766000747680664,$17.788999557495117
05/20/2022,$18.635000228881836,104294000,$18.586999893188477,$19.018999099731445,$17.976999282836914
05/19/2022,$18.347999572753906,104485000,$17.80500030517578,$18.6299991607666,$17.570999145507812
05/18/2022,$17.7189998626709,96656000,$18.672000885009766,$18.770000457763672,$17.62700080871582
05/17/2022,$19.055999755859375,98767000,$18.91699981689453,$19.139999389648438,$18.517000198364258
05/16/2022,$18.650999069213867,161450000,$19.329999923706055,$19.589000701904297,$18.56999969482422
05/13/2022,$18.763999938964844,131363000,$17.715999603271484,$18.777000427246094,$17.60099983215332
05/12/2022,$17.430999755859375,176621000,$16.395999908447266,$17.757999420166016,$16.270999908447266
05/11/2022,$16.636999130249023,126655000,$17.608999252319336,$18.091999053955078,$16.55500030517578
05/10/2022,$17.766000747680664,138839000,$17.60099983215332,$18.187000274658203,$17.05699920654297
05/09/2022,$17.309999465942383,140313000,$17.766000747680664,$18.31999969482422,$17.229999542236328
05/06/2022,$18.097000122070312,171855000,$18.674999237060547,$18.72100067138672,$17.58099937438965
05/05/2022,$18.832000732421875,139713000,$20.045000076293945,$20.070999145507812,$18.600000381469727
05/04/2022,$20.400999069213867,122188000,$19.764999389648438,$20.437999725341797,$19.10099983215332
05/03/2022,$19.98699951171875,118394000,$19.82900047302246,$20.31999969482422,$19.476999282836914
05/02/2022,$19.945999145507812,145916000,$19.17099952697754,$20.020999908447266,$19.000999450683594
04/29/2022,$19.035999298095703,163919000,$19.868000030517578,$20.47100067138672,$19
04/28/2022,$19.95199966430664,213632000,$19.1560001373291,$20.148000717163086,$18.559999465942383
04/27/2022,$18.854000091552734,222984000,$19.400999069213867,$20.018999099731445,$18.777000427246094
04/26/2022,$19.84000015258789,203181000,$20.8799991607666,$20.915000915527344,$19.827999114990234
04/25/2022,$20.990999221801758,281520000,$21.381000518798828,$21.666000366210938,$20.451000213623047
04/22/2022,$21.552000045776367,375151000,$22.01799964904785,$22.62700080871582,$21.0049991607666
04/21/2022,$21.82200050354004,535016000,$22,$22.76799964904785,$21.152000427246094
04/20/2022,$22.618999481201172,1333875000,$24.520000457763672,$24.8700008392334,$21.250999450683594
04/19/2022,$34.861000061035156,209069000,$33.321998596191406,$35.167999267578125,$33.321998596191406
04/18/2022,$33.7859992980957,51050000,$34,$34.236000061035156,$33.1619987487793
04/14/2022,$34.112998962402344,43438000,$35.095001220703125,$35.20000076293945,$33.986000061035156
04/13/2022,$35.042999267578125,32310000,$34.391998291015625,$35.20000076293945,$34.11600112915039
04/12/2022,$34.40999984741211,38243000,$35.590999603271484,$35.941001892089844,$34.224998474121094
04/11/2022,$34.79999923706055,37771000,$35,$35.47800064086914,$34.52000045776367
04/08/2022,$35.5880012512207,40252000,$36.19599914550781,$36.25,$35.48699951171875
04/07/2022,$36.21500015258789,49489000,$36.5,$36.854000091552734,$35.36899948120117
04/06/2022,$36.834999084472656,43549000,$37.415000915527344,$37.64699935913086,$36.27299880981445
04/05/2022,$38.01499938964844,42345000,$38.93000030517578,$39,$37.73099899291992
04/04/2022,$39.150001525878906,70018000,$37.35499954223633,$39.60200119018555,$37.3129997253418
04/01/2022,$37.34700012207031,46442000,$37.68000030517578,$38.08700180053711,$36.849998474121094
03/31/2022,$37.45899963378906,41347000,$38.35900115966797,$38.400001525878906,$37.361000061035156
03/30/2022,$38.14699935913086,40233000,$38.95500183105469,$39.27000045776367,$37.862998962402344
03/29/2022,$39.18199920654297,58807000,$38.43899917602539,$39.650001525878906,$38.03300094604492
03/28/2022,$37.85100173950195,43234000,$37.52299880981445,$38.02799987792969,$36.67300033569336
03/25/2022,$37.3849983215332,35745000,$37.707000732421875,$37.763999938964844,$36.643001556396484
03/24/2022,$37.57099914550781,38885000,$37.97600173950195,$37.97600173950195,$36.88999938964844
03/23/2022,$37.44900131225586,37290000,$37.97700119018555,$38.24599838256836,$37.44900131225586
03/22/2022,$38.29199981689453,42428000,$37.11399841308594,$38.66600036621094,$36.67599868774414
03/21/2022,$37.45899963378906,48665000,$37.801998138427734,$38.18199920654297,$36.89400100708008
03/18/2022,$38.060001373291016,83248000,$37.20000076293945,$38.18000030517578,$36.84700012207031
03/17/2022,$37.13999938964844,58183000,$35.970001220703125,$37.33100128173828,$35.487998962402344
03/16/2022,$35.75299835205078,69825000,$34.81999969482422,$35.999000549316406,$34.305999755859375
03/15/2022,$34.375,54606000,$33.5099983215332,$34.5359992980957,$33.236000061035156
03/14/2022,$33.10100173950195,59078000,$33.87200164794922,$34.13199996948242,$32.981998443603516
03/11/2022,$34.03200149536133,48199000,$36.11899948120117,$36.33599853515625,$34
03/10/2022,$35.676998138427734,48078000,$35.619998931884766,$36.70199966430664,$35.33000183105469
03/09/2022,$35.87900161743164,65202000,$35.76900100708008,$36.41400146484375,$35.05099868774414
03/08/2022,$34.17599868774414,64287000,$34.97999954223633,$35.88600158691406,$34.06700134277344
03/07/2022,$35.0260009765625,57084000,$36.04100036621094,$36.20000076293945,$35.02000045776367
03/04/2022,$36.17300033569336,53255000,$36.79999923706055,$37.481998443603516,$35.71699905395508
03/03/2022,$36.80699920654297,60768000,$38.599998474121094,$38.61199951171875,$36.46500015258789
03/02/2022,$38.00299835205078,53568000,$38.893001556396484,$38.922000885009766,$37.520999908447266
03/01/2022,$38.624000549316406,32904000,$39.15999984741211,$39.5,$38.37099838256836
02/28/2022,$39.45199966430664,50350000,$38.733001708984375,$39.775001525878906,$38.2130012512207
02/25/2022,$39.08000183105469,48416000,$38.6609992980957,$39.12900161743164,$37.55799865722656
02/24/2022,$39.00299835205078,70687000,$35.50899887084961,$39.073001861572266,$35.47200012207031
02/23/2022,$36.74599838256836,46143000,$38.27199935913086,$38.599998474121094,$36.66600036621094
02/22/2022,$37.737998962402344,66975000,$38.89500045776367,$39.242000579833984,$37.301998138427734
02/18/2022,$39.12900161743164,68017000,$39.25299835205078,$40.2869987487793,$38.904998779296875
02/17/2022,$38.66699981689453,46692000,$39.42399978637695,$39.9109992980957,$38.56999969482422
02/16/2022,$39.80799865722656,52777000,$40.15299987792969,$40.15599822998047,$39.03799819946289
02/15/2022,$40.74599838256836,53923000,$40.37900161743164,$40.91600036621094,$40.10100173950195
02/14/2022,$39.65700149536133,72022000,$38.75899887084961,$40.93600082397461,$38.68899917602539
02/11/2022,$39.13100051879883,75589000,$40.53300094604492,$41.1609992980957,$38.76499938964844
02/10/2022,$40.62699890136719,84529000,$40.209999084472656,$40.79999923706055,$39.63600158691406
02/09/2022,$41.28900146484375,77382000,$40.8650016784668,$41.29800033569336,$39.87900161743164
02/08/2022,$40.35300064086914,68185000,$39.81800079345703,$40.6609992980957,$39.58300018310547
02/07/2022,$40.209999084472656,82329000,$41.016998291015625,$41.23500061035156,$39.35499954223633
02/04/2022,$41.016998291015625,77898000,$40.73099899291992,$41.277000427246094,$39.66400146484375
02/03/2022,$40.560001373291016,99052000,$42.14400100708008,$42.92599868774414,$40.428001403808594
02/02/2022,$42.948001861572266,143460000,$44.82500076293945,$45.198001861572266,$42.64799880981445
02/01/2022,$45.7130012512207,225681000,$43.29600143432617,$45.847999572753906,$42.55400085449219
01/31/2022,$42.7140007019043,200475000,$40.196998596191406,$42.77000045776367,$39.81999969482422
01/28/2022,$38.43600082397461,119666000,$38.67599868774414,$38.70000076293945,$37.20800018310547
01/27/2022,$38.66999816894531,243247000,$38.20600128173828,$39.47999954223633,$37.810001373291016
01/26/2022,$35.970001220703125,126840000,$37.82699966430664,$38.26599884033203,$35.6619987487793
01/25/2022,$36.641998291015625,151458000,$37.91400146484375,$38.770999908447266,$36.51300048828125
01/24/2022,$38.71500015258789,323460000,$38.39099884033203,$38.72600173950195,$35.145999908447266
01/21/2022,$39.75,589043000,$40.042999267578125,$40.915000915527344,$37.999000549316406
01/20/2022,$50.82500076293945,126590000,$51.775001525878906,$52.66400146484375,$50.69300079345703
01/19/2022,$51.58599853515625,43535000,$51.5,$52.32099914550781,$51.05099868774414
01/18/2022,$51.08000183105469,48391000,$52.007999420166016,$52.17499923706055,$50.86800003051758
01/14/2022,$52.569000244140625,78611000,$51.7599983215332,$53.83700180053711,$51.1879997253418
01/13/2022,$51.91999816894531,44751000,$53.70600128173828,$54.07899856567383,$51.82600021362305
01/12/2022,$53.72200012207031,37874000,$54.426998138427734,$54.426998138427734,$53.20199966430664
01/11/2022,$54.08399963378906,30778000,$53.69900131225586,$54.39099884033203,$53.00699996948242
01/10/2022,$53.98500061035156,44861000,$53.8489990234375,$54.36899948120117,$52.63199996948242
01/07/2022,$54.10599899291992,33829000,$54.94599914550781,$55.34299850463867,$53.821998596191406
01/06/2022,$55.32899856567383,57118000,$55.433998107910156,$56.33599853515625,$54.20100021362305
01/05/2022,$56.75199890136719,41487000,$59.20000076293945,$59.284000396728516,$56.6879997253418
01/04/2022,$59.1150016784668,43931000,$59.99100112915039,$60.04100036621094,$58.15999984741211
01/03/2022,$59.73699951171875,30675000,$60.56100082397461,$60.999000549316406,$59.055999755859375
12/31/2021,$60.24399948120117,19959000,$61.000999450683594,$61.40800094604492,$60.20500183105469
12/30/2021,$61.20899963378906,16251000,$61.29899978637695,$62.06100082397461,$61.124000549316406
12/29/2021,$61.05400085449219,12872000,$61.07099914550781,$61.39799880981445,$60.46799850463867
12/28/2021,$61.07099914550781,18828000,$61.494998931884766,$61.840999603271484,$60.96900177001953
12/27/2021,$61.3120002746582,20615000,$61.5,$61.5,$60.92499923706055
12/23/2021,$61.409000396728516,16211000,$61.63999938964844,$61.6879997253418,$60.75699996948242
12/22/2021,$61.42399978637695,23357000,$60.33599853515625,$61.481998443603516,$60.26300048828125
12/21/2021,$60.492000579833984,23194000,$59.75400161743164,$60.78200149536133,$59.38600158691406
12/20/2021,$59.374000549316406,33584000,$58.643001556396484,$60.28799819946289,$58.42599868774414
12/17/2021,$58.67300033569336,43869000,$59.1609992980957,$59.32500076293945,$58.17399978637695
12/16/2021,$59.10599899291992,31432000,$59.70899963378906,$60.28300094604492,$58.79999923706055
12/15/2021,$60.50400161743164,28662000,$59.81800079345703,$60.569000244140625,$58.45100021362305
12/14/2021,$59.79899978637695,29845000,$59.87099838256836,$60.229000091552734,$58.8129997253418
12/13/2021,$60.45600128173828,25179000,$61.20000076293945,$61.263999938964844,$59.95199966430664
12/10/2021,$61.16600036621094,27488000,$61.678001403808594,$61.77399826049805,$60.5880012512207
12/09/2021,$61.099998474121094,23763000,$62.757999420166016,$63.02399826049805,$61.04399871826172
12/08/2021,$62.80799865722656,22203000,$63,$63.24599838256836,$62.31999969482422
12/07/2021,$62.55799865722656,31252000,$61.983001708984375,$62.888999938964844,$61.13999938964844
12/06/2021,$61.26900100708008,30757000,$60.60100173950195,$61.729000091552734,$60.099998474121094
12/03/2021,$60.2130012512207,48293000,$62.275001525878906,$62.54999923706055,$59.400001525878906
12/02/2021,$61.64699935913086,33311000,$61.709999084472656,$62.5359992980957,$61.28799819946289
12/01/2021,$61.777000427246094,38828000,$64.947998046875,$65.4520034790039,$61.707000732421875
11/30/2021,$64.19000244140625,56089000,$66.81999969482422,$67.53800201416016,$64.0009994506836
11/29/2021,$66.38400268554688,25294000,$66.31999969482422,$66.79900360107422,$65.8290023803711
11/26/2021,$66.56400299072266,28725000,$67.5,$67.64099884033203,$66.06700134277344
11/24/2021,$65.8290023803711,18673000,$65.8010025024414,$66.14399719238281,$65.11000061035156
11/23/2021,$65.40599822998047,23202000,$65.81800079345703,$66.64299774169922,$64.6050033569336
11/22/2021,$65.91999816894531,27644000,$67.60199737548828,$67.947998046875,$65.64700317382812
11/19/2021,$67.87999725341797,26137000,$69.23500061035156,$69.41600036621094,$67.5
11/18/2021,$68.2020034790039,20129000,$69.16100311279297,$69.17400360107422,$67.9739990234375
11/17/2021,$69.16899871826172,27328000,$69,$70.0989990234375,$68.60900115966797
11/16/2021,$68.73999786376953,20774000,$67.8270034790039,$68.83599853515625,$67.69000244140625
11/15/2021,$67.93299865722656,28722000,$68.1240005493164,$68.5260009765625,$67.14900207519531
11/12/2021,$68.26100158691406,41984000,$66.0009994506836,$68.33399963378906,$65.38200378417969
11/11/2021,$65.75800323486328,28683000,$65.02400207519531,$66.58200073242188,$64.97100067138672
11/10/2021,$64.69100189208984,24058000,$65.3010025024414,$66.03299713134766,$64.21099853515625
11/09/2021,$65.5989990234375,24156000,$65.37000274658203,$66.05000305175781,$65.052001953125
11/08/2021,$65.1449966430664,28875000,$65.02899932861328,$65.5999984741211,$64.37899780273438
11/05/2021,$64.5719985961914,52835000,$66.39700317382812,$66.56400299072266,$64.5009994506836
11/04/2021,$66.83999633789062,48650000,$68.58899688720703,$68.59400177001953,$66.55000305175781
11/03/2021,$68.8290023803711,23349000,$67.72699737548828,$68.93900299072266,$67.72699737548828
11/02/2021,$67.77200317382812,38886000,$68.31099700927734,$68.76799774169922,$67.38200378417969
11/01/2021,$68.11699676513672,31109000,$68.90599822998047,$68.99700164794922,$67.65399932861328
10/29/2021,$69.03099822998047,38253000,$67.30599975585938,$69.09700012207031,$67.1240005493164
10/28/2021,$67.40499877929688,28594000,$67.09500122070312,$67.68000030517578,$66.8030014038086
10/27/2021,$66.29199981689453,22769000,$66.9000015258789,$67.14099884033203,$66.18499755859375
10/26/2021,$66.85199737548828,29048000,$67.3759994506836,$67.64900207519531,$66.2770004272461
10/25/2021,$67.16600036621094,38335000,$66.3740005493164,$67.58799743652344,$65.70700073242188
10/22/2021,$66.47799682617188,61860000,$65.18099975585938,$66.5459976196289,$65.18099975585938
10/21/2021,$65.31600189208984,84371000,$62.888999938964844,$65.4010009765625,$62.8650016784668
10/20/2021,$62.513999938964844,106220000,$62.55699920654297,$63.7400016784668,$61.71500015258789
10/19/2021,$63.900001525878906,76331000,$63.696998596191406,$64.0999984741211,$63.22999954223633
10/18/2021,$63.797000885009766,46691000,$63.209999084472656,$63.840999603271484,$62.058998107910156
10/15/2021,$62.82899856567383,41169000,$63.79999923706055,$63.94200134277344,$62.51599884033203
10/14/2021,$63.380001068115234,26717000,$63.222999572753906,$63.6879997253418,$62.67900085449219
10/13/2021,$62.97600173950195,24203000,$63.21799850463867,$63.21799850463867,$62.209999084472656
10/12/2021,$62.49399948120117,32273000,$63.301998138427734,$63.76599884033203,$62.19900131225586
10/11/2021,$62.70399856567383,28625000,$63.31999969482422,$63.94200134277344,$62.678001403808594
10/08/2021,$63.26599884033203,32721000,$63.41699981689453,$64.37999725341797,$63.08599853515625
10/07/2021,$63.185001373291016,35569000,$64.2229995727539,$64.68399810791016,$63.04499816894531
10/06/2021,$63.90999984741211,45804000,$62.81800079345703,$63.98699951171875,$62.63600158691406
10/05/2021,$63.48099899291992,95343000,$60.694000244140625,$64.03900146484375,$60.68899917602539
10/04/2021,$60.334999084472656,49959000,$61.3390007019043,$62.612998962402344,$59.46799850463867
10/01/2021,$61.314998626708984,40908000,$60.42399978637695,$61.499000549316406,$59.750999450683594
09/30/2021,$61.034000396728516,66126000,$60.80500030517578,$61.900001525878906,$60.80500030517578
09/29/2021,$59.90599822998047,62210000,$58.9010009765625,$60.987998962402344,$58.80099868774414
09/28/2021,$58.3849983215332,44311000,$58.900001525878906,$59.95399856567383,$58.01599884033203
09/27/2021,$59.263999938964844,25047000,$58.79499816894531,$59.358001708984375,$57.69300079345703
09/24/2021,$59.23899841308594,21262000,$59.25,$59.29800033569336,$58.36399841308594
09/23/2021,$59.32600021362305,25262000,$59.07899856567383,$59.93199920654297,$58.91299819946289
09/22/2021,$59.064998626708984,40218000,$57.96900177001953,$59.564998626708984,$57.96900177001953
09/21/2021,$57.31399917602539,22509000,$57.83100128173828,$58.1879997253418,$56.9370002746582
09/20/2021,$57.542999267578125,37322000,$58.67900085449219,$59.15299987792969,$56.80799865722656
09/17/2021,$58.935001373291016,41451000,$58.78499984741211,$59.02799987792969,$58.084999084472656
09/16/2021,$58.650001525878906,18320000,$58.43000030517578,$58.74800109863281,$57.77199935913086
09/15/2021,$58.2869987487793,27556000,$57.81700134277344,$58.46200180053711,$57.5369987487793
09/14/2021,$57.7760009765625,34570000,$58.48899841308594,$58.72800064086914,$57.555999755859375
09/13/2021,$58.92900085449219,30629000,$59.856998443603516,$59.856998443603516,$58.27799987792969
09/10/2021,$59.87200164794922,39508000,$59.816001892089844,$60.94499969482422,$59.367000579833984
09/09/2021,$59.75400161743164,29542000,$60.64699935913086,$60.944000244140625,$59.654998779296875
09/08/2021,$60.60499954223633,54245000,$60.38399887084961,$61.560001373291016,$59.57099914550781
09/07/2021,$60.67100143432617,58214000,$59.46900177001953,$61.3849983215332,$59.39899826049805
09/03/2021,$59.053001403808594,26812000,$58.58000183105469,$59.1879997253418,$58.31399917602539
09/02/2021,$58.85499954223633,61799000,$58.36800003051758,$59.875999450683594,$58.36800003051758
09/01/2021,$58.207000732421875,56262000,$56.900001525878906,$59.099998474121094,$56.900001525878906
08/31/2021,$56.91899871826172,24319000,$56.61199951171875,$56.948001861572266,$56.1609992980957
08/30/2021,$56.61800003051758,24348000,$55.724998474121094,$56.715999603271484,$55.64500045776367
08/27/2021,$55.891998291015625,32526000,$55.15999984741211,$56.41699981689453,$54.92499923706055
08/26/2021,$55.012001037597656,15955000,$54.61600112915039,$55.2599983215332,$54.59000015258789
08/25/2021,$54.757999420166016,20656000,$55.01599884033203,$55.284000396728516,$54.54499816894531
08/24/2021,$55.340999603271484,21095000,$55.14799880981445,$55.53099822998047,$54.926998138427734
08/23/2021,$55.33300018310547,26020000,$54.597999572753906,$55.55500030517578,$54.374000549316406
08/20/2021,$54.6879997253418,37764000,$54.50899887084961,$55.138999938964844,$53.90999984741211
08/19/2021,$54.37099838256836,74973000,$52.27399826049805,$54.8390007019043,$52.1870002746582
08/18/2021,$52.1870002746582,25820000,$52,$52.63800048828125,$51.8650016784668
08/17/2021,$51.89099884033203,23098000,$51.547000885009766,$52.07899856567383,$51.41999816894531
08/16/2021,$51.79199981689453,20328000,$51.52399826049805,$52.3380012512207,$51.22999954223633
08/13/2021,$51.59199905395508,21777000,$51.263999938964844,$52.14400100708008,$51.1510009765625
08/12/2021,$51.071998596191406,16857000,$51.18600082397461,$51.29999923706055,$50.720001220703125
08/11/2021,$51.2400016784668,16739000,$51.70000076293945,$51.957000732421875,$50.97700119018555
08/10/2021,$51.58399963378906,19605000,$52,$52.07899856567383,$51.297000885009766
08/09/2021,$51.99700164794922,13678000,$52.1150016784668,$52.266998291015625,$51.79899978637695
08/06/2021,$52.05500030517578,19198000,$52.400001525878906,$52.683998107910156,$51.93899917602539
08/05/2021,$52.48899841308594,25567000,$51.7130012512207,$52.54100036621094,$51.402000427246094
08/04/2021,$51.73500061035156,20394000,$51.29999923706055,$51.79800033569336,$51.0369987487793
08/03/2021,$51.082000732421875,25794000,$51.43899917602539,$51.5629997253418,$50.5369987487793
08/02/2021,$51.51499938964844,20966000,$51.900001525878906,$51.98500061035156,$51.05099868774414
07/30/2021,$51.75699996948242,25371000,$51.26900100708008,$51.979000091552734,$51.09600067138672
07/29/2021,$51.42499923706055,17360000,$51.99599838256836,$52.077999114990234,$51.37900161743164
07/28/2021,$51.93000030517578,23905000,$52.18199920654297,$52.446998596191406,$51.698001861572266
07/27/2021,$51.89099884033203,27590000,$51.80799865722656,$52.19499969482422,$51.20500183105469
07/26/2021,$51.64899826049805,22545000,$51.4379997253418,$52.112998962402344,$50.9010009765625
07/23/2021,$51.54100036621094,38205000,$51.215999603271484,$51.74100112915039,$50.465999603271484
07/22/2021,$51.176998138427734,43281000,$51.020999908447266,$51.36800003051758,$50.70000076293945
07/21/2021,$51.362998962402344,119068000,$52.612998962402344,$53.0989990234375,$50.56100082397461
07/20/2021,$53.10499954223633,69304000,$52.606998443603516,$53.66400146484375,$52.029998779296875
07/19/2021,$53.22800064086914,38858000,$52.60499954223633,$53.49100112915039,$52.2239990234375
07/16/2021,$53.03099822998047,34421000,$54.180999755859375,$54.40599822998047,$52.70500183105469
07/15/2021,$54.29499816894531,57139000,$55.39699935913086,$55.75400161743164,$53.81999969482422
07/14/2021,$54.79499816894531,46595000,$54.10100173950195,$55.40999984741211,$54.10100173950195
07/13/2021,$54.06800079345703,27516000,$53.57600021362305,$54.53300094604492,$53.57600021362305
07/12/2021,$53.73099899291992,17807000,$54.029998779296875,$54.064998626708984,$53.29199981689453
07/09/2021,$53.597999572753906,27772000,$53.099998474121094,$53.82600021362305,$52.858001708984375
07/08/2021,$53.07600021362305,32690000,$53.09299850463867,$53.54999923706055,$52.909000396728516
07/07/2021,$53.59600067138672,27225000,$54.42399978637695,$54.4640007019043,$53.16600036621094
07/06/2021,$54.16400146484375,27751000,$53.29999923706055,$54.2859992980957,$53.29999923706055
07/02/2021,$53.39799880981445,19755000,$53.54999923706055,$53.854000091552734,$52.93899917602539
07/01/2021,$53.354000091552734,28054000,$52.571998596191406,$53.70399856567383,$52.571998596191406
06/30/2021,$52.82099914550781,27734000,$53.40599822998047,$53.4379997253418,$52.68199920654297
06/29/2021,$53.349998474121094,23146000,$53.35499954223633,$53.612998962402344,$52.856998443603516
06/28/2021,$53.303001403808594,28202000,$52.8120002746582,$53.39400100708008,$52.45600128173828
06/25/2021,$52.707000732421875,52991000,$52.88399887084961,$53.305999755859375,$52.5
06/24/2021,$51.805999755859375,33612000,$51.79600143432617,$52.09600067138672,$51.439998626708984
06/23/2021,$51.27399826049805,39448000,$50.847999572753906,$51.66299819946289,$50.81999969482422
06/22/2021,$50.88199996948242,58093000,$49.854000091552734,$51.35499954223633,$49.58000183105469
06/21/2021,$49.70000076293945,52773000,$50.16400146484375,$50.20500183105469,$49.22800064086914
06/18/2021,$50.07699966430664,51976000,$49.63999938964844,$50.44900131225586,$49.52399826049805
06/17/2021,$49.83399963378906,31983000,$49.025001525878906,$50.18000030517578,$49.01499938964844
06/16/2021,$49.24100112915039,35332000,$49.5,$49.645999908447266,$48.62799835205078
06/15/2021,$49.189998626708984,31041000,$50.12300109863281,$50.12300109863281,$49.040000915527344
06/14/2021,$49.98899841308594,44002000,$48.96799850463867,$50.349998474121094,$48.691001892089844
06/11/2021,$48.87699890136719,31240000,$49,$49.14099884033203,$48.77799987792969
06/10/2021,$48.72700119018555,43829000,$48.71699905395508,$49.020999908447266,$48.2140007019043
06/09/2021,$48.58100128173828,30550000,$49.45000076293945,$49.60900115966797,$48.46500015258789
06/08/2021,$49.23899841308594,23740000,$49.70000076293945,$49.88199996948242,$48.9370002746582
06/07/2021,$49.465999603271484,27919000,$49.29199981689453,$49.66999816894531,$49.05500030517578
06/04/2021,$49.4739990234375,31605000,$49.20000076293945,$50.18600082397461,$49.095001220703125
06/03/2021,$48.94300079345703,38874000,$49.51900100708008,$49.66600036621094,$48.724998474121094
06/02/2021,$49.92399978637695,22690000,$49.981998443603516,$50.321998596191406,$49.582000732421875
06/01/2021,$49.90800094604492,24826000,$50.4010009765625,$50.54100036621094,$49.77399826049805
05/28/2021,$50.28099822998047,29103000,$50.439998626708984,$51.17599868774414,$50.25299835205078
05/27/2021,$50.38600158691406,32538000,$50.18000030517578,$50.5099983215332,$49.854000091552734
05/26/2021,$50.236000061035156,24653000,$50.23400115966797,$50.41400146484375,$50.04999923706055
05/25/2021,$50.13399887084961,26995000,$50.599998474121094,$50.637001037597656,$49.922000885009766
05/24/2021,$50.290000915527344,24126000,$50.10499954223633,$50.42499923706055,$49.95100021362305
05/21/2021,$49.78900146484375,33229000,$50.3120002746582,$50.540000915527344,$49.72600173950195
05/20/2021,$50.16699981689453,37212000,$48.95500183105469,$50.27000045776367,$48.89799880981445
05/19/2021,$48.77000045776367,33499000,$48.16299819946289,$48.856998443603516,$47.854000091552734
05/18/2021,$48.62799835205078,23505000,$48.84000015258789,$49.347999572753906,$48.61899948120117
05/17/2021,$48.89400100708008,27052000,$48.558998107910156,$49.270999908447266,$48.28099822998047
05/14/2021,$49.33700180053711,28825000,$48.7859992980957,$49.48500061035156,$48.659000396728516
05/13/2021,$48.66600036621094,27125000,$48.91299819946289,$49.077999114990234,$48.270999908447266
05/12/2021,$48.49800109863281,41215000,$48.68299865722656,$49.354000091552734,$48.27000045776367
05/11/2021,$49.507999420166016,44010000,$47.974998474121094,$49.79899978637695,$47.862998962402344
05/10/2021,$48.66899871826172,51316000,$50.20000076293945,$50.314998626708984,$48.611000061035156
05/07/2021,$50.38399887084961,31328000,$50.46200180053711,$50.85499954223633,$50.11199951171875
05/06/2021,$49.95500183105469,37837000,$49.5989990234375,$49.95500183105469,$49.137001037597656
05/05/2021,$49.608001708984375,31294000,$50.499000549316406,$50.77799987792969,$49.4630012512207
05/04/2021,$50.31800079345703,43495000,$51.077999114990234,$51.16299819946289,$49.67900085449219
05/03/2021,$50.9109992980957,40919000,$51.26499938964844,$51.89500045776367,$50.52000045776367
04/30/2021,$51.34700012207031,44132000,$50.5,$51.45500183105469,$50.5
04/29/2021,$50.900001525878906,51278000,$50.7599983215332,$50.92900085449219,$49.900001525878906
04/28/2021,$50.652000427246094,31930000,$50.52000045776367,$50.84000015258789,$50.33399963378906
04/27/2021,$50.55500030517578,37613000,$51.262001037597656,$51.29899978637695,$50.45800018310547
04/26/2021,$51.029998779296875,43888000,$50.67599868774414,$51.04800033569336,$50.29999923706055
04/23/2021,$50.55500030517578,73077000,$50.9010009765625,$50.970001220703125,$50.06999969482422
04/22/2021,$50.87799835205078,90611000,$51.38199996948242,$51.395999908447266,$50.05500030517578
04/21/2021,$50.88999938964844,228974000,$50.79999923706055,$51.54600143432617,$50.36000061035156
04/20/2021,$54.957000732421875,112576000,$55.44200134277344,$56.35599899291992,$54.630001068115234
04/19/2021,$55.444000244140625,42887000,$54.689998626708984,$55.64400100708008,$54.553001403808594
04/16/2021,$54.65399932861328,32091000,$55.05400085449219,$55.198001861572266,$53.95100021362305
04/15/2021,$54.922000885009766,31391000,$54.41699981689453,$55.3489990234375,$54.26599884033203
04/14/2021,$54.00199890136719,37403000,$55.48699951171875,$55.48699951171875,$53.85300064086914
04/13/2021,$55.37300109863281,27203000,$55.70000076293945,$55.974998474121094,$55.029998779296875
04/12/2021,$55.27799987792969,29441000,$55.10499954223633,$55.79800033569336,$54.95800018310547
04/09/2021,$55.53099822998047,28940000,$55.26900100708008,$55.689998626708984,$54.71099853515625
04/08/2021,$55.45800018310547,43098000,$55.112998962402344,$55.689998626708984,$54.75699996948242
04/07/2021,$54.69900131225586,21513000,$54.349998474121094,$54.9640007019043,$54.14500045776367
04/06/2021,$54.452999114990234,34742000,$54.48099899291992,$55.41699981689453,$54.33000183105469
04/05/2021,$54.06700134277344,33559000,$54.000999450683594,$54.28499984741211,$52.92300033569336
04/01/2021,$53.94200134277344,39386000,$52.99300003051758,$54.04999923706055,$52.702999114990234
03/31/2021,$52.16600036621094,35031000,$51.56700134277344,$52.8129997253418,$51.54399871826172
03/30/2021,$51.3390007019043,24181000,$51.05099868774414,$51.441001892089844,$50.691001892089844
03/29/2021,$51.39500045776367,33300000,$50.566001892089844,$51.79999923706055,$50.439998626708984
03/26/2021,$50.80500030517578,34678000,$50.28200149536133,$50.87200164794922,$49.667999267578125
03/25/2021,$50.2859992980957,49268000,$51.69900131225586,$51.85300064086914,$49.70000076293945
03/24/2021,$52.08100128173828,41022000,$53.37799835205078,$53.44200134277344,$52
03/23/2021,$53.50899887084961,55835000,$52.98699951171875,$54.3120002746582,$52.939998626708984
03/22/2021,$52.31100082397461,33606000,$50.91299819946289,$52.930999755859375,$50.91299819946289
03/19/2021,$51.21799850463867,43864000,$50.49599838256836,$51.319000244140625,$50.16299819946289
03/18/2021,$50.479000091552734,40945000,$51.63999938964844,$51.790000915527344,$50.3849983215332
03/17/2021,$52.444000244140625,28174000,$52.20000076293945,$52.83700180053711,$51.43000030517578
03/16/2021,$52.40299987792969,32389000,$52.446998596191406,$53.34199905395508,$52.32099914550781
03/15/2021,$52.025001525878906,34843000,$51.63199996948242,$52.073001861572266,$50.803001403808594
03/12/2021,$51.801998138427734,39817000,$51.25,$52.6510009765625,$50.659000396728516
03/11/2021,$52.305999755859375,47145000,$51.220001220703125,$53.02399826049805,$51.07099914550781
03/10/2021,$50.45399856567383,37715000,$51.349998474121094,$51.89699935913086,$50.42499923706055
03/09/2021,$50.64400100708008,34700000,$50.73099899291992,$51.31100082397461,$50.38199996948242
03/08/2021,$49.33300018310547,39818000,$51.44599914550781,$51.88399887084961,$49.28499984741211
03/05/2021,$51.638999938964844,50700000,$51.198001861572266,$51.7760009765625,$49.87900161743164
03/04/2021,$51.12900161743164,50348000,$52.150001525878906,$53.150001525878906,$50.768001556396484
03/03/2021,$52.06999969482422,53624000,$54.59299850463867,$54.80099868774414,$51.78099822998047
03/02/2021,$54.78200149536133,30422000,$55.33399963378906,$55.69900131225586,$54.60200119018555
03/01/2021,$55.06399917602539,30414000,$54.55699920654297,$55.2140007019043,$54.20000076293945
02/26/2021,$53.8849983215332,37556000,$54.6510009765625,$55.308998107910156,$53.79999923706055
02/25/2021,$54.66999816894531,42529000,$55.027000427246094,$55.64799880981445,$53.57500076293945
02/24/2021,$55.340999603271484,32450000,$53.97999954223633,$55.685001373291016,$53.90700149536133
02/23/2021,$54.6150016784668,41365000,$52.5,$54.854000091552734,$51.827999114990234
02/22/2021,$53.37799835205078,30786000,$53.499000549316406,$54.17900085449219,$53.07899856567383
02/19/2021,$54.02199935913086,28415000,$54.79999923706055,$54.89899826049805,$53.88100051879883
02/18/2021,$54.821998596191406,24562000,$54.900001525878906,$55,$53.823001861572266
02/17/2021,$55.13399887084961,20696000,$55.0989990234375,$55.525001525878906,$54.303001403808594
02/16/2021,$55.72800064086914,26241000,$55.729000091552734,$56.362998962402344,$55.27299880981445
02/12/2021,$55.652000427246094,21971000,$55.694000244140625,$56.125,$55.084999084472656
02/11/2021,$55.75899887084961,27306000,$56.444000244140625,$56.59299850463867,$55.422000885009766
02/10/2021,$56.35900115966797,39913000,$56.25,$56.665000915527344,$55.34600067138672
02/09/2021,$55.90700149536133,37035000,$54.599998474121094,$56.599998474121094,$54.29999923706055
02/08/2021,$54.79199981689453,27917000,$55.5,$55.5,$54.369998931884766
02/05/2021,$55.07899856567383,23762000,$55.22600173950195,$55.444000244140625,$54.54800033569336
02/04/2021,$55.215999603271484,51645000,$53.98099899291992,$55.948001861572266,$53.750999450683594
02/03/2021,$53.94499969482422,31723000,$55.016998291015625,$55.04800033569336,$53.82400131225586
02/02/2021,$54.816001892089844,37676000,$54.20100021362305,$55.54800033569336,$53.893001556396484
02/01/2021,$53.90399932861328,35475000,$53.67900085449219,$54.50600051879883,$53.17300033569336
01/29/2021,$53.23899841308594,43253000,$53.79999923706055,$54.099998474121094,$53.018001556396484
01/28/2021,$53.86000061035156,59690000,$53.5880012512207,$55.314998626708984,$53.07400131225586
01/27/2021,$52.327999114990234,86703000,$55.07099914550781,$55.641998291015625,$51.573001861572266
01/26/2021,$56.19300079345703,50238000,$55.472999572753906,$56.79899978637695,$55.40599822998047
01/25/2021,$55.678001403808594,72073000,$56.70000076293945,$56.974998474121094,$54.8650016784668
01/22/2021,$56.516998291015625,75508000,$58.209999084472656,$58.39899826049805,$56.435001373291016
01/21/2021,$57.98400115966797,118021000,$58.244998931884766,$58.875,$57.040000915527344
01/20/2021,$58.63399887084961,326375000,$56.54199981689453,$59.32899856567383,$55.68600082397461
01/19/2021,$50.176998138427734,123158000,$50.099998474121094,$50.92499923706055,$49.354000091552734
01/15/2021,$49.79800033569336,58958000,$50,$50.63199996948242,$49.5099983215332
01/14/2021,$50.08599853515625,41774000,$50.73500061035156,$51.45000076293945,$49.95800018310547
01/13/2021,$50.77899932861328,50321000,$49.54999923706055,$51.23500061035156,$49.30099868774414
01/12/2021,$49.42499923706055,59904000,$50,$50.10900115966797,$48.56700134277344
01/11/2021,$49.90999984741211,38062000,$50.784000396728516,$51.073001861572266,$49.79499816894531
01/08/2021,$51.040000915527344,29739000,$51.13100051879883,$51.32400131225586,$50.45100021362305
01/07/2021,$50.888999938964844,36864000,$50.827999114990234,$51.64400100708008,$50.641998291015625
01/06/2021,$50.04899978637695,53462000,$51.196998596191406,$51.310001373291016,$49.95000076293945
01/05/2021,$52.08000183105469,31339000,$52.154998779296875,$52.678001403808594,$51.5890007019043
01/04/2021,$52.2859992980957,44444000,$53.900001525878906,$54.08000183105469,$51.50899887084961
12/31/2020,$54.073001861572266,53923000,$52.553001403808594,$54.54999923706055,$52.314998626708984
12/30/2020,$52.45899963378906,18763000,$53.01300048828125,$53.32600021362305,$52.36899948120117
12/29/2020,$53.08700180053711,40224000,$51.9900016784668,$53.654998779296875,$51.54800033569336
12/28/2020,$51.9119987487793,28919000,$51.643001556396484,$52.36600112915039,$50.7130012512207
12/24/2020,$51.39699935913086,11440000,$51.512001037597656,$51.935001373291016,$51.22100067138672
12/23/2020,$51.448001861572266,23932000,$52.47600173950195,$52.63199996948242,$51.41999816894531
12/22/2020,$52.733001708984375,19066000,$52.76900100708008,$53.040000915527344,$52.04999923706055
12/21/2020,$52.89099884033203,38940000,$53.005001068115234,$53.262001037597656,$52.1150016784668
12/18/2020,$53.44499969482422,45027000,$53.31999969482422,$53.637001037597656,$52.60200119018555
12/17/2020,$53.290000915527344,31934000,$52.900001525878906,$53.54899978637695,$52.64400100708008
12/16/2020,$52.483001708984375,36824000,$52.01100158691406,$52.737998962402344,$51.76900100708008
12/15/2020,$51.97800064086914,33949000,$51.849998474121094,$52.470001220703125,$51.35599899291992
12/14/2020,$52.242000579833984,57704000,$50.54399871826172,$52.41600036621094,$50.11800003051758
12/11/2020,$50.321998596191406,32109000,$49.5,$50.33399963378906,$49.48500061035156
12/10/2020,$50.10900115966797,30182000,$49.45600128173828,$50.37699890136719,$49.29100036621094
12/09/2020,$49.36000061035156,41788000,$51.053001403808594,$51.45000076293945,$49.12900161743164
12/08/2020,$51.26599884033203,42290000,$51.790000915527344,$52.14899826049805,$50.55500030517578
12/07/2020,$51.577999114990234,42893000,$50.000999450683594,$51.7760009765625,$49.777000427246094
12/04/2020,$49.83100128173828,36662000,$49.75,$50.45000076293945,$49.36399841308594
12/03/2020,$49.75199890136719,28261000,$50.29899978637695,$50.87699890136719,$49.604000091552734
12/02/2020,$50.3380012512207,30284000,$50.1619987487793,$50.68000030517578,$49.349998474121094
12/01/2020,$50.45800018310547,50527000,$49.23400115966797,$50.946998596191406,$49.198001861572266
11/30/2020,$49.06999969482422,35309000,$49.007999420166016,$49.255001068115234,$48.12699890136719
11/27/2020,$49.13600158691406,28058000,$48.65800094604492,$49.32500076293945,$48.185001373291016
11/25/2020,$48.5,35986000,$48.51300048828125,$48.689998626708984,$47.891998291015625
11/24/2020,$48.28799819946289,35505000,$47.88399887084961,$48.404998779296875,$47.5890007019043
11/23/2020,$47.6619987487793,54166000,$49.04600143432617,$49.1150016784668,$47.58399963378906
11/20/2020,$48.82400131225586,42534000,$48.52199935913086,$49.47600173950195,$48.15700149536133
11/19/2020,$48.46699905395508,22547000,$48.20000076293945,$48.779998779296875,$48.047000885009766
11/18/2020,$48.17900085449219,36292000,$48.19499969482422,$48.861000061035156,$47.77199935913086
11/17/2020,$48.0629997253418,36981000,$48.012001037597656,$48.750999450683594,$47.8849983215332
11/16/2020,$47.90999984741211,39536000,$48,$48.55799865722656,$47.72999954223633
11/13/2020,$48.284000396728516,30027000,$48.676998138427734,$48.89400100708008,$47.779998779296875
11/12/2020,$48.676998138427734,50637000,$49.099998474121094,$49.652000427246094,$48.042999267578125
11/11/2020,$49.07600021362305,54605000,$48.29999923706055,$49.167999267578125,$47.82600021362305
11/10/2020,$48.02399826049805,83061000,$47.095001220703125,$48.459999084472656,$46.340999603271484
11/09/2020,$47.04999923706055,104197000,$48.55400085449219,$49.584999084472656,$46.72600173950195
11/06/2020,$51.472999572753906,42363000,$51.5,$51.520999908447266,$50.250999450683594
11/05/2020,$51.375999450683594,53728000,$50.65599822998047,$51.87300109863281,$50.345001220703125
11/04/2020,$49.69499969482422,51373000,$49.5359992980957,$50.77299880981445,$49.39799880981445
11/03/2020,$48.72200012207031,36902000,$48.49300003051758,$49.53099822998047,$47.875999450683594
11/02/2020,$48.4119987487793,44082000,$47.887001037597656,$48.630001068115234,$47.5
10/30/2020,$47.57400131225586,78079000,$50.20100021362305,$50.5880012512207,$47.22100067138672
10/29/2020,$50.42100143432617,111207000,$48.849998474121094,$51.38999938964844,$47.933998107910156
10/28/2020,$48.624000549316406,59927000,$48.63600158691406,$49.400001525878906,$48.327999114990234
10/27/2020,$48.893001556396484,36272000,$49.000999450683594,$49.04899978637695,$48.292999267578125
10/26/2020,$48.82400131225586,61861000,$48.702999114990234,$49.68199920654297,$47.88999938964844
10/23/2020,$48.827999114990234,49279000,$48.81100082397461,$49.00600051879883,$48.1349983215332
10/22/2020,$48.52299880981445,69979000,$49.46900177001953,$49.513999938964844,$48.20000076293945
10/21/2020,$48.904998779296875,174057000,$50.10300064086914,$50.685001373291016,$48.82500076293945
10/20/2020,$52.54199981689453,100472000,$52.81399917602539,$53.37799835205078,$52.22600173950195
10/19/2020,$53.071998596191406,75675000,$53.707000732421875,$54.18000030517578,$52.53799819946289
10/16/2020,$53.07899856567383,63474000,$54.95000076293945,$55.43299865722656,$53.00299835205078
10/15/2020,$54.194000244140625,51131000,$54.551998138427734,$55.12200164794922,$53.5099983215332
10/14/2020,$54.14500045776367,94990000,$56.26100158691406,$57.249000549316406,$54.099998474121094
10/13/2020,$55.409000396728516,56025000,$54.055999755859375,$55.76499938964844,$53.720001220703125
10/12/2020,$53.98099899291992,53911000,$54.88100051879883,$55.180999755859375,$53.82400131225586
10/09/2020,$53.944000244140625,47813000,$53.78300094604492,$54.428001403808594,$53.5
10/08/2020,$53.17900085449219,53865000,$53.347999572753906,$53.5,$52.415000915527344
10/07/2020,$53.465999603271484,79887000,$51.79999923706055,$53.64899826049805,$51.582000732421875
10/06/2020,$50.58700180053711,41990000,$51.87200164794922,$52.18199920654297,$50.41600036621094
10/05/2020,$52.064998626708984,40881000,$50.68000030517578,$52.0989990234375,$50.16999816894531
10/02/2020,$50.305999755859375,60712000,$51.643001556396484,$52.637001037597656,$50.27000045776367
10/01/2020,$52.750999450683594,81537000,$50.60300064086914,$52.95500183105469,$50.36000061035156
09/30/2020,$50.00299835205078,46341000,$49.25699996948242,$50.4630012512207,$48.926998138427734
09/29/2020,$49.347999572753906,35415000,$48.95000076293945,$49.62900161743164,$48.65299987792969
09/28/2020,$49.064998626708984,47735000,$48.9109992980957,$49.20000076293945,$47.78799819946289
09/25/2020,$48.28799819946289,37694000,$47.43899917602539,$48.48699951171875,$46.803001403808594
09/24/2020,$47.30799865722656,37272000,$47.053001403808594,$47.70000076293945,$46.78200149536133
09/23/2020,$47.06100082397461,37264000,$49.104000091552734,$49.104000091552734,$46.900001525878906
09/22/2020,$49.117000579833984,34823000,$48.9010009765625,$49.18199920654297,$47.92599868774414
09/21/2020,$48.73500061035156,54575000,$46.76900100708008,$48.77799987792969,$46.63199996948242
09/18/2020,$46.99599838256836,67177000,$47.250999450683594,$47.939998626708984,$45.86000061035156
09/17/2020,$47.02000045776367,53793000,$47.51599884033203,$47.84000015258789,$46.32699966430664
09/16/2020,$48.38600158691406,43949000,$49.999000549316406,$50.465999603271484,$48.33100128173828
09/15/2020,$49.5989990234375,53370000,$48.400001525878906,$49.74700164794922,$48.16299819946289
09/14/2020,$47.625999450683594,73591000,$48.0620002746582,$48.89899826049805,$47.130001068115234
09/11/2020,$48.202999114990234,50352000,$48.64899826049805,$49.37300109863281,$47.680999755859375
09/10/2020,$48.06700134277344,62402000,$50.334999084472656,$50.62900161743164,$47.88399887084961
09/09/2020,$50.01900100708008,68481000,$51.92100143432617,$52,$49.25699996948242
09/08/2020,$50.70199966430664,55727000,$49.84000015258789,$52.20000076293945,$49.5
09/04/2020,$51.60499954223633,82701000,$52.018001556396484,$52.736000061035156,$48.597999572753906
09/03/2020,$52.57500076293945,90711000,$54.5,$55.400001525878906,$52.13199996948242
09/02/2020,$55.284000396728516,58869000,$55.37799835205078,$55.650001525878906,$53.73699951171875
09/01/2020,$55.654998779296875,95727000,$53.2599983215332,$55.73899841308594,$53.244998931884766
08/31/2020,$52.95600128173828,49414000,$52.11600112915039,$53.19900131225586,$51.757999420166016
08/28/2020,$52.388999938964844,44175000,$53.20000076293945,$53.900001525878906,$52.20000076293945
08/27/2020,$52.62699890136719,90629000,$53.77799987792969,$54.099998474121094,$52.125
08/26/2020,$54.75299835205078,203737000,$49.25,$54.90399932861328,$49.20800018310547
08/25/2020,$49.05799865722656,57277000,$48.819000244140625,$49.24700164794922,$48.50899887084961
08/24/2020,$48.88100051879883,47622000,$49.54399871826172,$50.099998474121094,$48.316001892089844
08/21/2020,$49.23099899291992,39213000,$49.645999908447266,$49.8129997253418,$49
08/20/2020,$49.790000915527344,51325000,$48.46900177001953,$49.89400100708008,$48.388999938964844
08/19/2020,$48.452999114990234,31562000,$49.393001556396484,$49.45000076293945,$48.349998474121094
08/18/2020,$49.1870002746582,35055000,$48.435001373291016,$49.529998779296875,$48.279998779296875
08/17/2020,$48.23500061035156,24235000,$48.41899871826172,$48.624000549316406,$47.90999984741211
08/14/2020,$48.268001556396484,29435000,$48.28200149536133,$48.83300018310547,$48.020999908447266
08/13/2020,$48.132999420166016,30089000,$47.84000015258789,$48.44499969482422,$47.64500045776367
08/12/2020,$47.547000885009766,54392000,$47.13399887084961,$48.249000549316406,$47.018001556396484
08/11/2020,$46.69300079345703,73292000,$47.974998474121094,$48.09199905395508,$46.654998779296875
08/10/2020,$48.3380012512207,46912000,$49.334999084472656,$49.74599838256836,$47.862998962402344
08/07/2020,$49.472999572753906,59103000,$50.54499816894531,$50.82899856567383,$48.667999267578125
08/06/2020,$50.90800094604492,37259000,$50.4109992980957,$51.082000732421875,$49.869998931884766
08/05/2020,$50.21099853515625,43082000,$50.86800003051758,$51.0099983215332,$50.119998931884766
08/04/2020,$50.9640007019043,56080000,$49.8650016784668,$51.04399871826172,$49.8650016784668
08/03/2020,$49.86199951171875,58731000,$49.08599853515625,$50.308998107910156,$49.02299880981445
07/31/2020,$48.88800048828125,59163000,$48.82899856567383,$49.47999954223633,$48.45000076293945
07/30/2020,$48.58000183105469,66086000,$48.07099914550781,$48.834999084472656,$47.750999450683594
07/29/2020,$48.448001861572266,66118000,$49.224998474121094,$49.492000579833984,$48.41299819946289
07/28/2020,$48.85100173950195,59867000,$49.60200119018555,$49.77899932861328,$48.7760009765625
07/27/2020,$49.564998626708984,78631000,$48.45100021362305,$49.69200134277344,$48.23099899291992
07/24/2020,$48.04499816894531,77462000,$46.87699890136719,$48.71699905395508,$46.75400161743164
07/23/2020,$47.757999420166016,77220000,$49.112998962402344,$49.189998626708984,$47.20199966430664
07/22/2020,$48.981998443603516,69541000,$49.21900177001953,$49.720001220703125,$48.720001220703125
07/21/2020,$49.0099983215332,91137000,$50.599998474121094,$50.62200164794922,$48.861000061035156
07/20/2020,$50.24100112915039,119403000,$48.91400146484375,$50.45000076293945,$48.41999816894531
07/17/2020,$49.29899978637695,249914000,$49.48699951171875,$50.35900115966797,$48.41400146484375
07/16/2020,$52.73899841308594,244990000,$52.64799880981445,$53.55400085449219,$50.43600082397461
07/15/2020,$52.32600021362305,100667000,$51.630001068115234,$52.900001525878906,$51.018001556396484
07/14/2020,$52.487998962402344,150833000,$51.70800018310547,$52.54999923706055,$49.04899978637695
07/13/2020,$52.54999923706055,183990000,$56.79800033569336,$57.5369987487793,$52.09600067138672
07/10/2020,$54.87300109863281,216056000,$51.972999572753906,$55.5880012512207,$51.12799835205078
07/09/2020,$50.7760009765625,58405000,$50.84000015258789,$51,$49.577999114990234
07/08/2020,$50.27799987792969,56917000,$49.858001708984375,$50.5099983215332,$49.38100051879883
07/07/2020,$49.316001892089844,56699000,$49.73099899291992,$50.481998443603516,$49.08300018310547
07/06/2020,$49.38100051879883,78390000,$48.07699966430664,$49.95000076293945,$47.97999954223633
07/02/2020,$47.68899917602539,63515000,$48.56399917602539,$49.22800064086914,$47.553001403808594
07/01/2020,$48.56399917602539,97059000,$45.400001525878906,$48.823001861572266,$45.400001525878906
06/30/2020,$45.50400161743164,41985000,$45.00199890136719,$45.75899887084961,$44.70000076293945
06/29/2020,$44.7239990234375,48440000,$44.52299880981445,$44.766998291015625,$43.2140007019043
06/26/2020,$44.34000015258789,68047000,$46.638999938964844,$46.803001403808594,$44.2239990234375
06/25/2020,$46.590999603271484,41345000,$45.88600158691406,$46.70100021362305,$45.400001525878906
06/24/2020,$45.78499984741211,48262000,$46.854000091552734,$47.236000061035156,$45.400001525878906
06/23/2020,$46.625999450683594,59484000,$46.650001525878906,$47.4010009765625,$46.45000076293945
06/22/2020,$46.80400085449219,62721000,$45.500999450683594,$46.85900115966797,$45.42100143432617
06/19/2020,$45.37200164794922,59345000,$44.9119987487793,$45.39699935913086,$44.560001373291016
06/18/2020,$44.98699951171875,42776000,$44.87300109863281,$45.2760009765625,$44.279998779296875
06/17/2020,$44.777000427246094,65296000,$44.18199920654297,$45.04600143432617,$43.922000885009766
06/16/2020,$43.612998962402344,55079000,$42.57600021362305,$43.79600143432617,$42.518001556396484
06/15/2020,$42.54999923706055,44679000,$42.13999938964844,$42.64899826049805,$41.54199981689453
06/12/2020,$41.80699920654297,64611000,$42.900001525878906,$43.40599822998047,$41.244998931884766
06/11/2020,$42.555999755859375,74629000,$42.81999969482422,$44.55699920654297,$42.41600036621094
06/10/2020,$43.448001861572266,48969000,$43.599998474121094,$43.96900177001953,$43.05500030517578
06/09/2020,$43.404998779296875,67970000,$42.165000915527344,$43.472999572753906,$42.03099822998047
06/08/2020,$41.94900131225586,58515000,$41.599998474121094,$42.08000183105469,$40.650001525878906
06/05/2020,$41.959999084472656,50996000,$40.729000091552734,$42.02399826049805,$40.42499923706055
06/04/2020,$41.43299865722656,54105000,$42.23899841308594,$42.87099838256836,$41.00299835205078
06/03/2020,$42.196998596191406,43160000,$42.69499969482422,$42.709999084472656,$41.80500030517578
06/02/2020,$42.73099899291992,34948000,$42.58700180053711,$42.75899887084961,$41.94599914550781
06/01/2020,$42.59199905395508,37437000,$41.882999420166016,$42.672000885009766,$41.597999572753906
05/29/2020,$41.972999572753906,52549000,$41.74599838256836,$42.029998779296875,$41.185001373291016
05/28/2020,$41.34400177001953,56551000,$41.7239990234375,$42.23699951171875,$41.150001525878906
05/27/2020,$41.98899841308594,104463000,$41.03799819946289,$42.00199890136719,$39.7859992980957
05/26/2020,$41.47700119018555,78811000,$42.777000427246094,$42.849998474121094,$41.31399917602539
05/22/2020,$42.93199920654297,54223000,$43.70000076293945,$43.909000396728516,$42.71799850463867
05/21/2020,$43.625,91173000,$44.85599899291992,$44.895999908447266,$43.025001525878906
05/20/2020,$44.766998291015625,56073000,$45.42499923706055,$45.58100128173828,$44.400001525878906
05/19/2020,$45.104000091552734,48105000,$45.34000015258789,$45.89699935913086,$45.047000885009766
05/18/2020,$45.257999420166016,77735000,$45.11600112915039,$45.63600158691406,$44.334999084472656
05/15/2020,$45.41899871826172,72440000,$44.06999969482422,$45.5,$43.750999450683594
05/14/2020,$44.19499969482422,90075000,$44.4900016784668,$45.237998962402344,$43.28200149536133
05/13/2020,$43.82699966430664,70146000,$43.569000244140625,$44.70000076293945,$42.72700119018555
05/12/2020,$43.18199920654297,45982000,$44.20000076293945,$44.41699981689453,$43.13600158691406
05/11/2020,$44.051998138427734,54860000,$43.632999420166016,$44.48899841308594,$43.555999755859375
05/08/2020,$43.55500030517578,50493000,$43.41400146484375,$44.20000076293945,$43.36399841308594
05/07/2020,$43.65299987792969,56419000,$43.68899917602539,$43.88800048828125,$43.066001892089844
05/06/2020,$43.42599868774414,66607000,$42.93000030517578,$43.97700119018555,$42.638999938964844
05/05/2020,$42.46799850463867,62863000,$42.75600051879883,$43.099998474121094,$42.15599822998047
05/04/2020,$42.814998626708984,77991000,$41.77799987792969,$42.854000091552734,$41.48699951171875
05/01/2020,$41.527000427246094,82999000,$41.5099983215332,$42.797000885009766,$41.17300033569336
04/30/2020,$41.98500061035156,79540000,$41.03099822998047,$42.444000244140625,$40.79999923706055
04/29/2020,$41.18899917602539,96931000,$39.952999114990234,$41.58599853515625,$39.36000061035156
04/28/2020,$40.382999420166016,101012000,$41.999000549316406,$42.099998474121094,$40.29100036621094
04/27/2020,$42.13800048828125,62775000,$42.5,$42.900001525878906,$42.08399963378906
04/24/2020,$42.499000549316406,86589000,$42.5,$42.71699905395508,$41.5880012512207
04/23/2020,$42.66999816894531,139523000,$41.92599868774414,$43.840999603271484,$41.92599868774414
04/22/2020,$42.141998291015625,210848000,$42.972999572753906,$43.29999923706055,$41.29999923706055
04/21/2020,$43.382999420166016,231776000,$44.47700119018555,$44.70000076293945,$42.560001373291016
04/20/2020,$43.749000549316406,126558000,$43.516998291015625,$44.44900131225586,$43.055999755859375
04/17/2020,$42.29600143432617,126163000,$43.099998474121094,$43.20000076293945,$41.470001220703125
04/16/2020,$43.91699981689453,161287000,$43.70000076293945,$44.95199966430664,$43.1609992980957
04/15/2020,$42.67499923706055,135612000,$41.29999923706055,$43.49800109863281,$41.224998474121094
04/14/2020,$41.35499954223633,115810000,$39.75,$41.78200149536133,$39.48500061035156
04/13/2020,$39.672000885009766,116929000,$37.13100051879883,$40.05099868774414,$36.77000045776367
04/09/2020,$37.071998596191406,77113000,$37.10599899291992,$37.209999084472656,$36.303001403808594
04/08/2020,$37.11199951171875,69089000,$37.4010009765625,$37.8390007019043,$36.83100128173828
04/07/2020,$37.22800064086914,70464000,$38,$38.132999420166016,$36.933998107910156
04/06/2020,$37.99599838256836,81839000,$36.52199935913086,$38.02899932861328,$36.17100143432617
04/03/2020,$36.17599868774414,48608000,$36.74700164794922,$37.09000015258789,$35.750999450683594
04/02/2020,$37.007999420166016,45925000,$36.40800094604492,$37.0989990234375,$36.00600051879883
04/01/2020,$36.40800094604492,66725000,$37.60499954223633,$38.02299880981445,$36.10200119018555
03/31/2020,$37.54999923706055,93665000,$36.792999267578125,$38.30099868774414,$36.64400100708008
03/30/2020,$37.09600067138672,86220000,$36.29999923706055,$37.779998779296875,$36.117000579833984
03/27/2020,$35.71200180053711,79488000,$35.909000396728516,$36.85599899291992,$35.29999923706055
03/26/2020,$36.29899978637695,72296000,$34.400001525878906,$36.38399887084961,$34.17300033569336
03/25/2020,$34.23899841308594,87672000,$36.10200119018555,$36.20000076293945,$33.91699981689453
03/24/2020,$35.731998443603516,116387000,$36.999000549316406,$37.292999267578125,$35.303001403808594
03/23/2020,$36.027000427246094,134494000,$34.78900146484375,$36.611000061035156,$34.0880012512207
03/20/2020,$33.28300094604492,108538000,$34.23099899291992,$35.04899978637695,$33.20000076293945
03/19/2020,$33.202999114990234,106160000,$32.43299865722656,$34.85100173950195,$31.68199920654297
03/18/2020,$31.547000885009766,125936000,$30.239999771118164,$33.15800094604492,$30
03/17/2020,$31.975000381469727,100139000,$30.618999481201172,$32.290000915527344,$29.024999618530273
03/16/2020,$29.884000778198242,105599000,$30.663000106811523,$33.435001373291016,$29.475000381469727
03/13/2020,$33.630001068115234,94582000,$33.05099868774414,$33.641998291015625,$30.73900032043457
03/12/2020,$31.524999618530273,120716000,$32.650001525878906,$33.571998596191406,$30.73200035095215
03/11/2020,$34.992000579833984,60360000,$35.891998291015625,$36.29800033569336,$34.479000091552734
03/10/2020,$36.41299819946289,76044000,$35.643001556396484,$36.45399856567383,$34.78499984741211
03/09/2020,$34.64899826049805,74055000,$34.38600158691406,$35.74700164794922,$34.172000885009766
03/06/2020,$36.89699935913086,81472000,$36.77000045776367,$37.13100051879883,$35.685001373291016
03/05/2020,$37.27799987792969,87470000,$38.099998474121094,$39.13999938964844,$36.86399841308594
03/04/2020,$38.37900161743164,54873000,$37.777000427246094,$38.4010009765625,$37.05099868774414
03/03/2020,$36.87699890136719,83646000,$38.10300064086914,$39.35200119018555,$36.7400016784668
03/02/2020,$38.10499954223633,69979000,$37.31100082397461,$38.13600158691406,$36.45000076293945
02/28/2020,$36.90299987792969,111686000,$36.42100143432617,$37.676998138427734,$35.68000030517578
02/27/2020,$37.17100143432617,109677000,$37.145999908447266,$39.15599822998047,$37.060001373291016
02/26/2020,$37.92399978637695,89341000,$36.63100051879883,$38.20000076293945,$36.5
02/25/2020,$36.00899887084961,64812000,$37.20000076293945,$37.564998626708984,$35.77199935913086
02/24/2020,$36.869998931884766,69364000,$36.47600173950195,$37.28200149536133,$36.099998474121094
02/21/2020,$38.00699996948242,39301000,$38.53300094604492,$38.731998443603516,$37.790000915527344
02/20/2020,$38.599998474121094,40794000,$38.65599822998047,$38.970001220703125,$37.667999267578125
02/19/2020,$38.61899948120117,48964000,$38.8120002746582,$39.29499816894531,$38.4900016784668
02/18/2020,$38.77799987792969,51739000,$37.93000030517578,$38.95399856567383,$37.91899871826172
02/14/2020,$38.040000915527344,37363000,$38.14699935913086,$38.51499938964844,$37.94300079345703
02/13/2020,$38.13999938964844,44854000,$37.69599914550781,$38.5369987487793,$37.6510009765625
02/12/2020,$38.000999450683594,46248000,$37.71799850463867,$38.0620002746582,$37.5880012512207
02/11/2020,$37.36899948120117,47729000,$37.375,$37.81100082397461,$36.97200012207031
02/10/2020,$37.106998443603516,52941000,$36.5,$37.47999954223633,$36.25199890136719
02/07/2020,$36.676998138427734,43852000,$36.50400161743164,$37.18000030517578,$36.356998443603516
02/06/2020,$36.69499969482422,39204000,$36.959999084472656,$37.154998779296875,$36.250999450683594
02/05/2020,$36.96699905395508,64370000,$37.51300048828125,$37.525001525878906,$36.22999954223633
02/04/2020,$36.9010009765625,71615000,$36.099998474121094,$36.957000732421875,$35.61000061035156
02/03/2020,$35.79999923706055,66706000,$34.7239990234375,$35.9630012512207,$34.62799835205078
01/31/2020,$34.50899887084961,52300000,$34.73899841308594,$34.73899841308594,$34.097999572753906
01/30/2020,$34.77399826049805,53281000,$34.11000061035156,$34.81999969482422,$33.92499923706055
01/29/2020,$34.316001892089844,76435000,$34.900001525878906,$34.939998626708984,$33.85499954223633
01/28/2020,$34.85200119018555,68216000,$34.5880012512207,$35.2400016784668,$34.27799987792969
01/27/2020,$34.28799819946289,77095000,$34.595001220703125,$35.189998626708984,$34.10200119018555
01/24/2020,$35.316001892089844,179397000,$34.84600067138672,$35.98500061035156,$34.5880012512207
01/23/2020,$34.959999084472656,182003000,$32.604000091552734,$34.987998962402344,$32.500999450683594
01/22/2020,$32.599998474121094,217300000,$33.255001068115234,$33.630001068115234,$32.36000061035156
01/21/2020,$33.81100082397461,143503000,$34,$34.099998474121094,$33.25899887084961
01/17/2020,$33.96699905395508,60665000,$34.099998474121094,$34.15700149536133,$33.737998962402344
01/16/2020,$33.86199951171875,50160000,$34.349998474121094,$34.35599899291992,$33.584999084472656
01/15/2020,$33.90700149536133,51580000,$33.86800003051758,$34.31700134277344,$33.65999984741211
01/14/2020,$33.86899948120117,71994000,$34.439998626708984,$34.53799819946289,$33.551998138427734
01/13/2020,$33.891998291015625,62900000,$33.18000030517578,$34.084999084472656,$33.1510009765625
01/10/2020,$32.904998779296875,47183000,$33.7130012512207,$33.849998474121094,$32.72700119018555
01/09/2020,$33.566001892089844,47093000,$34.20000076293945,$34.34199905395508,$33.46099853515625
01/08/2020,$33.92599868774414,71045000,$33.14899826049805,$34.27000045776367,$33.10499954223633
01/07/2020,$33.07500076293945,47032000,$33.64699935913086,$33.66999816894531,$33.029998779296875
01/06/2020,$33.58300018310547,56631000,$32.3120002746582,$33.63600158691406,$32.119998931884766
01/03/2020,$32.59000015258789,38069000,$32.678001403808594,$32.986000061035156,$32.553001403808594
01/02/2020,$32.98099899291992,44858000,$32.61000061035156,$32.99800109863281,$32.47800064086914
